metric	point	sample	operations	warmups	mean_ns
original.mkdir_ns	A1	1	128	16	22078.7578125
original.mkdir_ns	A1	2	128	16	20056.796875
original.mkdir_ns	A1	3	128	16	18265.6640625
original.mkdir_ns	A1	4	128	16	18814.9765625
original.mkdir_ns	A1	5	128	16	18294.625
original.mkdir_ns	A1	6	128	16	18360.140625
original.mkdir_ns	A1	7	128	16	18290.0546875
original.mkdir_ns	A1	8	128	16	18498.5234375
original.mkdir_ns	A1	9	128	16	18399.1328125
original.mkdir_ns	B1	1	128	16	23008.4609375
original.mkdir_ns	B1	2	128	16	20152.0390625
original.mkdir_ns	B1	3	128	16	18431.921875
original.mkdir_ns	B1	4	128	16	18982.9453125
original.mkdir_ns	B1	5	128	16	18548.5703125
original.mkdir_ns	B1	6	128	16	19071.6953125
original.mkdir_ns	B1	7	128	16	19143.1640625
original.mkdir_ns	B1	8	128	16	18323.9453125
original.mkdir_ns	B1	9	128	16	18393.3515625
original.mkdir_ns	B2	1	128	16	22822.1328125
original.mkdir_ns	B2	2	128	16	20965.546875
original.mkdir_ns	B2	3	128	16	18902.4765625
original.mkdir_ns	B2	4	128	16	18983.7265625
original.mkdir_ns	B2	5	128	16	18615.0234375
original.mkdir_ns	B2	6	128	16	18190.46875
original.mkdir_ns	B2	7	128	16	19047.609375
original.mkdir_ns	B2	8	128	16	18998.65625
original.mkdir_ns	B2	9	128	16	18432.0703125
original.mkdir_ns	A2	1	128	16	22719.5859375
original.mkdir_ns	A2	2	128	16	20137.8984375
original.mkdir_ns	A2	3	128	16	18702.1171875
original.mkdir_ns	A2	4	128	16	18860.8828125
original.mkdir_ns	A2	5	128	16	18811.875
original.mkdir_ns	A2	6	128	16	18165.9921875
original.mkdir_ns	A2	7	128	16	18115.9140625
original.mkdir_ns	A2	8	128	16	18209.2578125
original.mkdir_ns	A2	9	128	16	18299.421875
original.rmdir_ns	A1	1	128	16	9809.9140625
original.rmdir_ns	A1	2	128	16	9871.1640625
original.rmdir_ns	A1	3	128	16	9697.1953125
original.rmdir_ns	A1	4	128	16	9808.53125
original.rmdir_ns	A1	5	128	16	9731.203125
original.rmdir_ns	A1	6	128	16	9915
original.rmdir_ns	A1	7	128	16	9758.0859375
original.rmdir_ns	A1	8	128	16	9733.265625
original.rmdir_ns	A1	9	128	16	9708.984375
original.rmdir_ns	B1	1	128	16	7607.859375
original.rmdir_ns	B1	2	128	16	7896.4296875
original.rmdir_ns	B1	3	128	16	7529.5
original.rmdir_ns	B1	4	128	16	7513.9375
original.rmdir_ns	B1	5	128	16	7527.3203125
original.rmdir_ns	B1	6	128	16	7558.7109375
original.rmdir_ns	B1	7	128	16	7541.0546875
original.rmdir_ns	B1	8	128	16	7527.0234375
original.rmdir_ns	B1	9	128	16	7556.6796875
original.rmdir_ns	B2	1	128	16	7582.671875
original.rmdir_ns	B2	2	128	16	7548.84375
original.rmdir_ns	B2	3	128	16	7554.8984375
original.rmdir_ns	B2	4	128	16	7583.7265625
original.rmdir_ns	B2	5	128	16	7562.8046875
original.rmdir_ns	B2	6	128	16	7581.5703125
original.rmdir_ns	B2	7	128	16	7547.9765625
original.rmdir_ns	B2	8	128	16	7564.2578125
original.rmdir_ns	B2	9	128	16	7553.421875
original.rmdir_ns	A2	1	128	16	9748.6171875
original.rmdir_ns	A2	2	128	16	9740.7890625
original.rmdir_ns	A2	3	128	16	9731.5078125
original.rmdir_ns	A2	4	128	16	9710.9453125
original.rmdir_ns	A2	5	128	16	9766.9296875
original.rmdir_ns	A2	6	128	16	9708.9296875
original.rmdir_ns	A2	7	128	16	9807.734375
original.rmdir_ns	A2	8	128	16	9726.0703125
original.rmdir_ns	A2	9	128	16	9759.953125
cycle.mkdir_ns	A1	1	32	16	19115.84375
cycle.mkdir_ns	A1	2	32	16	17986.125
cycle.mkdir_ns	A1	3	32	16	18491.84375
cycle.mkdir_ns	A1	4	32	16	17950.75
cycle.mkdir_ns	A1	5	32	16	18289.59375
cycle.mkdir_ns	A1	6	32	16	18553.25
cycle.mkdir_ns	A1	7	32	16	17922.71875
cycle.mkdir_ns	A1	8	32	16	17845.375
cycle.mkdir_ns	A1	9	32	16	18418.96875
cycle.mkdir_ns	B1	1	32	16	19387.40625
cycle.mkdir_ns	B1	2	32	16	17955.9375
cycle.mkdir_ns	B1	3	32	16	18668.21875
cycle.mkdir_ns	B1	4	32	16	18725.09375
cycle.mkdir_ns	B1	5	32	16	17857.46875
cycle.mkdir_ns	B1	6	32	16	17925.46875
cycle.mkdir_ns	B1	7	32	16	18136.28125
cycle.mkdir_ns	B1	8	32	16	17748.53125
cycle.mkdir_ns	B1	9	32	16	17706.40625
cycle.mkdir_ns	B2	1	32	16	18003.75
cycle.mkdir_ns	B2	2	32	16	17764.5625
cycle.mkdir_ns	B2	3	32	16	18496.8125
cycle.mkdir_ns	B2	4	32	16	18001.59375
cycle.mkdir_ns	B2	5	32	16	17583.625
cycle.mkdir_ns	B2	6	32	16	18704.5625
cycle.mkdir_ns	B2	7	32	16	17989.40625
cycle.mkdir_ns	B2	8	32	16	18719.375
cycle.mkdir_ns	B2	9	32	16	17719.21875
cycle.mkdir_ns	A2	1	32	16	18513.5
cycle.mkdir_ns	A2	2	32	16	18575.40625
cycle.mkdir_ns	A2	3	32	16	17956.6875
cycle.mkdir_ns	A2	4	32	16	18670.59375
cycle.mkdir_ns	A2	5	32	16	18669.15625
cycle.mkdir_ns	A2	6	32	16	17779.78125
cycle.mkdir_ns	A2	7	32	16	17935.75
cycle.mkdir_ns	A2	8	32	16	17776.65625
cycle.mkdir_ns	A2	9	32	16	17865.59375
cycle.stat_ns	A1	1	32	16	1777.3125
cycle.stat_ns	A1	2	32	16	1767.8125
cycle.stat_ns	A1	3	32	16	1765
cycle.stat_ns	A1	4	32	16	1775.3125
cycle.stat_ns	A1	5	32	16	1836.84375
cycle.stat_ns	A1	6	32	16	1849.625
cycle.stat_ns	A1	7	32	16	1931.21875
cycle.stat_ns	A1	8	32	16	1797.125
cycle.stat_ns	A1	9	32	16	1782.375
cycle.stat_ns	B1	1	32	16	1723.71875
cycle.stat_ns	B1	2	32	16	1789.96875
cycle.stat_ns	B1	3	32	16	1786
cycle.stat_ns	B1	4	32	16	1776.15625
cycle.stat_ns	B1	5	32	16	1773.375
cycle.stat_ns	B1	6	32	16	1806.96875
cycle.stat_ns	B1	7	32	16	1768
cycle.stat_ns	B1	8	32	16	1754.53125
cycle.stat_ns	B1	9	32	16	1794.21875
cycle.stat_ns	B2	1	32	16	1790.15625
cycle.stat_ns	B2	2	32	16	1762.375
cycle.stat_ns	B2	3	32	16	1796.5625
cycle.stat_ns	B2	4	32	16	1763.6875
cycle.stat_ns	B2	5	32	16	1768.28125
cycle.stat_ns	B2	6	32	16	1780.625
cycle.stat_ns	B2	7	32	16	1758.25
cycle.stat_ns	B2	8	32	16	1843
cycle.stat_ns	B2	9	32	16	1770.65625
cycle.stat_ns	A2	1	32	16	1730.25
cycle.stat_ns	A2	2	32	16	1745.4375
cycle.stat_ns	A2	3	32	16	1735.1875
cycle.stat_ns	A2	4	32	16	1765.59375
cycle.stat_ns	A2	5	32	16	1809.8125
cycle.stat_ns	A2	6	32	16	1787.40625
cycle.stat_ns	A2	7	32	16	1769.09375
cycle.stat_ns	A2	8	32	16	1766.71875
cycle.stat_ns	A2	9	32	16	1795.28125
cycle.rmdir_ns	A1	1	32	16	9931.125
cycle.rmdir_ns	A1	2	32	16	9766.375
cycle.rmdir_ns	A1	3	32	16	9750.46875
cycle.rmdir_ns	A1	4	32	16	9711.59375
cycle.rmdir_ns	A1	5	32	16	9864
cycle.rmdir_ns	A1	6	32	16	9866.40625
cycle.rmdir_ns	A1	7	32	16	9792.8125
cycle.rmdir_ns	A1	8	32	16	9924.4375
cycle.rmdir_ns	A1	9	32	16	9893.3125
cycle.rmdir_ns	B1	1	32	16	7632.09375
cycle.rmdir_ns	B1	2	32	16	7538.625
cycle.rmdir_ns	B1	3	32	16	7497.40625
cycle.rmdir_ns	B1	4	32	16	7620.09375
cycle.rmdir_ns	B1	5	32	16	7533.21875
cycle.rmdir_ns	B1	6	32	16	7526.09375
cycle.rmdir_ns	B1	7	32	16	7551.96875
cycle.rmdir_ns	B1	8	32	16	7521.75
cycle.rmdir_ns	B1	9	32	16	7690.6875
cycle.rmdir_ns	B2	1	32	16	8739.375
cycle.rmdir_ns	B2	2	32	16	7581.9375
cycle.rmdir_ns	B2	3	32	16	7685.96875
cycle.rmdir_ns	B2	4	32	16	7510.25
cycle.rmdir_ns	B2	5	32	16	7654.90625
cycle.rmdir_ns	B2	6	32	16	7636.84375
cycle.rmdir_ns	B2	7	32	16	7574.71875
cycle.rmdir_ns	B2	8	32	16	7511.5625
cycle.rmdir_ns	B2	9	32	16	7663.125
cycle.rmdir_ns	A2	1	32	16	9843.125
cycle.rmdir_ns	A2	2	32	16	9765.53125
cycle.rmdir_ns	A2	3	32	16	9743.3125
cycle.rmdir_ns	A2	4	32	16	9718.1875
cycle.rmdir_ns	A2	5	32	16	9715.78125
cycle.rmdir_ns	A2	6	32	16	9734.03125
cycle.rmdir_ns	A2	7	32	16	9773.09375
cycle.rmdir_ns	A2	8	32	16	9867.5625
cycle.rmdir_ns	A2	9	32	16	9832.4375
cycle.sequence_ns	A1	1	32	16	30857.15625
cycle.sequence_ns	A1	2	32	16	29555.78125
cycle.sequence_ns	A1	3	32	16	30040.3125
cycle.sequence_ns	A1	4	32	16	29470.625
cycle.sequence_ns	A1	5	32	16	30023.46875
cycle.sequence_ns	A1	6	32	16	30302.40625
cycle.sequence_ns	A1	7	32	16	29679.375
cycle.sequence_ns	A1	8	32	16	29599.5
cycle.sequence_ns	A1	9	32	16	30131.90625
cycle.sequence_ns	B1	1	32	16	28775.84375
cycle.sequence_ns	B1	2	32	16	27317.25
cycle.sequence_ns	B1	3	32	16	27987.8125
cycle.sequence_ns	B1	4	32	16	28153.90625
cycle.sequence_ns	B1	5	32	16	27196.75
cycle.sequence_ns	B1	6	32	16	27291.34375
cycle.sequence_ns	B1	7	32	16	27488.84375
cycle.sequence_ns	B1	8	32	16	27059.90625
cycle.sequence_ns	B1	9	32	16	27224.15625
cycle.sequence_ns	B2	1	32	16	28567.46875
cycle.sequence_ns	B2	2	32	16	27141.5625
cycle.sequence_ns	B2	3	32	16	28011.78125
cycle.sequence_ns	B2	4	32	16	27309.3125
cycle.sequence_ns	B2	5	32	16	27039.625
cycle.sequence_ns	B2	6	32	16	28154.8125
cycle.sequence_ns	B2	7	32	16	27356.0625
cycle.sequence_ns	B2	8	32	16	28106.65625
cycle.sequence_ns	B2	9	32	16	27185.71875
cycle.sequence_ns	A2	1	32	16	30119.53125
cycle.sequence_ns	A2	2	32	16	30119.8125
cycle.sequence_ns	A2	3	32	16	29468.03125
cycle.sequence_ns	A2	4	32	16	30187.25
cycle.sequence_ns	A2	5	32	16	30227.40625
cycle.sequence_ns	A2	6	32	16	29333.875
cycle.sequence_ns	A2	7	32	16	29510.4375
cycle.sequence_ns	A2	8	32	16	29447.96875
cycle.sequence_ns	A2	9	32	16	29526.25
lookup.first_file_stat_ns	A1	1	32	16	1747.65625
lookup.first_file_stat_ns	A1	2	32	16	1649.3125
lookup.first_file_stat_ns	A1	3	32	16	1693.40625
lookup.first_file_stat_ns	A1	4	32	16	1619.53125
lookup.first_file_stat_ns	A1	5	32	16	1708.25
lookup.first_file_stat_ns	A1	6	32	16	1738.65625
lookup.first_file_stat_ns	A1	7	32	16	1712.875
lookup.first_file_stat_ns	A1	8	32	16	1653.15625
lookup.first_file_stat_ns	A1	9	32	16	1650.9375
lookup.first_file_stat_ns	B1	1	32	16	1651.03125
lookup.first_file_stat_ns	B1	2	32	16	1649.53125
lookup.first_file_stat_ns	B1	3	32	16	1665.4375
lookup.first_file_stat_ns	B1	4	32	16	1710.65625
lookup.first_file_stat_ns	B1	5	32	16	1681.5625
lookup.first_file_stat_ns	B1	6	32	16	1656.96875
lookup.first_file_stat_ns	B1	7	32	16	1744.0625
lookup.first_file_stat_ns	B1	8	32	16	1730.5
lookup.first_file_stat_ns	B1	9	32	16	1712
lookup.first_file_stat_ns	B2	1	32	16	1655.09375
lookup.first_file_stat_ns	B2	2	32	16	1613.5625
lookup.first_file_stat_ns	B2	3	32	16	1628.21875
lookup.first_file_stat_ns	B2	4	32	16	1662.21875
lookup.first_file_stat_ns	B2	5	32	16	1622.625
lookup.first_file_stat_ns	B2	6	32	16	1671.34375
lookup.first_file_stat_ns	B2	7	32	16	1638.3125
lookup.first_file_stat_ns	B2	8	32	16	1673.5
lookup.first_file_stat_ns	B2	9	32	16	1635.40625
lookup.first_file_stat_ns	A2	1	32	16	1683.375
lookup.first_file_stat_ns	A2	2	32	16	1667.125
lookup.first_file_stat_ns	A2	3	32	16	3144.53125
lookup.first_file_stat_ns	A2	4	32	16	1683.03125
lookup.first_file_stat_ns	A2	5	32	16	1724.0625
lookup.first_file_stat_ns	A2	6	32	16	1712.375
lookup.first_file_stat_ns	A2	7	32	16	1680.53125
lookup.first_file_stat_ns	A2	8	32	16	1697.53125
lookup.first_file_stat_ns	A2	9	32	16	1723.71875
lookup.cached_stat_batch_ns_per_call	A1	1	32	16	807.9405212402344
lookup.cached_stat_batch_ns_per_call	A1	2	32	16	809.1703186035156
lookup.cached_stat_batch_ns_per_call	A1	3	32	16	807.4384765625
lookup.cached_stat_batch_ns_per_call	A1	4	32	16	809.2215270996094
lookup.cached_stat_batch_ns_per_call	A1	5	32	16	809.9510803222656
lookup.cached_stat_batch_ns_per_call	A1	6	32	16	807.3258056640625
lookup.cached_stat_batch_ns_per_call	A1	7	32	16	812.8450927734375
lookup.cached_stat_batch_ns_per_call	A1	8	32	16	807.4697570800781
lookup.cached_stat_batch_ns_per_call	A1	9	32	16	810.0811462402344
lookup.cached_stat_batch_ns_per_call	B1	1	32	16	805.0906372070312
lookup.cached_stat_batch_ns_per_call	B1	2	32	16	805.3792724609375
lookup.cached_stat_batch_ns_per_call	B1	3	32	16	805.3619079589844
lookup.cached_stat_batch_ns_per_call	B1	4	32	16	804.1639709472656
lookup.cached_stat_batch_ns_per_call	B1	5	32	16	805.742431640625
lookup.cached_stat_batch_ns_per_call	B1	6	32	16	806.1731567382812
lookup.cached_stat_batch_ns_per_call	B1	7	32	16	803.4485473632812
lookup.cached_stat_batch_ns_per_call	B1	8	32	16	807.5672607421875
lookup.cached_stat_batch_ns_per_call	B1	9	32	16	806.9862365722656
lookup.cached_stat_batch_ns_per_call	B2	1	32	16	802.4761657714844
lookup.cached_stat_batch_ns_per_call	B2	2	32	16	802.5968933105469
lookup.cached_stat_batch_ns_per_call	B2	3	32	16	804.514892578125
lookup.cached_stat_batch_ns_per_call	B2	4	32	16	802.0315246582031
lookup.cached_stat_batch_ns_per_call	B2	5	32	16	802.8534240722656
lookup.cached_stat_batch_ns_per_call	B2	6	32	16	809.6596069335938
lookup.cached_stat_batch_ns_per_call	B2	7	32	16	803.6720581054688
lookup.cached_stat_batch_ns_per_call	B2	8	32	16	800.9287719726562
lookup.cached_stat_batch_ns_per_call	B2	9	32	16	806.4912719726562
lookup.cached_stat_batch_ns_per_call	A2	1	32	16	808.4684143066406
lookup.cached_stat_batch_ns_per_call	A2	2	32	16	809.6250610351562
lookup.cached_stat_batch_ns_per_call	A2	3	32	16	809.3248901367188
lookup.cached_stat_batch_ns_per_call	A2	4	32	16	811.3078002929688
lookup.cached_stat_batch_ns_per_call	A2	5	32	16	814.4046325683594
lookup.cached_stat_batch_ns_per_call	A2	6	32	16	809.1871032714844
lookup.cached_stat_batch_ns_per_call	A2	7	32	16	809.541259765625
lookup.cached_stat_batch_ns_per_call	A2	8	32	16	813.5573425292969
lookup.cached_stat_batch_ns_per_call	A2	9	32	16	810.5097351074219
