pair	slot	schema_version	kernel_release	boot_id	run_mode	profile	phase	round	events	successful_events	setup_count	close_count	mmap_count	munmap_count	nop_count	validation_failures	cleanup_failures	sq_dropped	cq_overflow	outstanding	timed_ns	ns_per_event	cpu	semantic_pass	sq_entries	cq_entries	features	single_mmap	ring_bytes	sqes_bytes	user_ring_addr_ok	user_sqes_addr_ok	trace_enabled	input_sha256	target_sha256
sq	parent-a	1	6.13.0-rc4-iommsq-good-02255d55260a-xxxxxxxxxxx+	89b67896-652a-4df6-83f8-1afd41f6c025	point	l0_standard_lifecycle	measured	0	512	512	512	512	1024	1024	512	0	0	0	0	0	4590491	8965.802734	2	true	64	128	0xffff	true	4096	4096	true	true	false	809954870327de3d5c0d6093dd8089e1ce74b45528e5b6f40e904d28988d4665	b688f6bc0d9403aac283c855108a3083739781a62ba8d7be2fc3b6da48a057a9
sq	parent-a	1	6.13.0-rc4-iommsq-good-02255d55260a-xxxxxxxxxxx+	89b67896-652a-4df6-83f8-1afd41f6c025	point	l0_standard_lifecycle	measured	1	512	512	512	512	1024	1024	512	0	0	0	0	0	4364310	8524.042969	2	true	64	128	0xffff	true	4096	4096	true	true	false	809954870327de3d5c0d6093dd8089e1ce74b45528e5b6f40e904d28988d4665	b688f6bc0d9403aac283c855108a3083739781a62ba8d7be2fc3b6da48a057a9
sq	parent-a	1	6.13.0-rc4-iommsq-good-02255d55260a-xxxxxxxxxxx+	89b67896-652a-4df6-83f8-1afd41f6c025	point	l0_standard_lifecycle	measured	2	512	512	512	512	1024	1024	512	0	0	0	0	0	4253161	8306.955078	2	true	64	128	0xffff	true	4096	4096	true	true	false	809954870327de3d5c0d6093dd8089e1ce74b45528e5b6f40e904d28988d4665	b688f6bc0d9403aac283c855108a3083739781a62ba8d7be2fc3b6da48a057a9
sq	parent-a	1	6.13.0-rc4-iommsq-good-02255d55260a-xxxxxxxxxxx+	89b67896-652a-4df6-83f8-1afd41f6c025	point	l0_standard_lifecycle	measured	3	512	512	512	512	1024	1024	512	0	0	0	0	0	4261706	8323.644531	2	true	64	128	0xffff	true	4096	4096	true	true	false	809954870327de3d5c0d6093dd8089e1ce74b45528e5b6f40e904d28988d4665	b688f6bc0d9403aac283c855108a3083739781a62ba8d7be2fc3b6da48a057a9
sq	parent-a	1	6.13.0-rc4-iommsq-good-02255d55260a-xxxxxxxxxxx+	89b67896-652a-4df6-83f8-1afd41f6c025	point	l0_standard_lifecycle	measured	4	512	512	512	512	1024	1024	512	0	0	0	0	0	4327393	8451.939453	2	true	64	128	0xffff	true	4096	4096	true	true	false	809954870327de3d5c0d6093dd8089e1ce74b45528e5b6f40e904d28988d4665	b688f6bc0d9403aac283c855108a3083739781a62ba8d7be2fc3b6da48a057a9
sq	parent-a	1	6.13.0-rc4-iommsq-good-02255d55260a-xxxxxxxxxxx+	89b67896-652a-4df6-83f8-1afd41f6c025	point	l0_standard_lifecycle	measured	5	512	512	512	512	1024	1024	512	0	0	0	0	0	4357594	8510.925781	2	true	64	128	0xffff	true	4096	4096	true	true	false	809954870327de3d5c0d6093dd8089e1ce74b45528e5b6f40e904d28988d4665	b688f6bc0d9403aac283c855108a3083739781a62ba8d7be2fc3b6da48a057a9
sq	parent-a	1	6.13.0-rc4-iommsq-good-02255d55260a-xxxxxxxxxxx+	89b67896-652a-4df6-83f8-1afd41f6c025	point	l0_standard_lifecycle	measured	6	512	512	512	512	1024	1024	512	0	0	0	0	0	4331687	8460.326172	2	true	64	128	0xffff	true	4096	4096	true	true	false	809954870327de3d5c0d6093dd8089e1ce74b45528e5b6f40e904d28988d4665	b688f6bc0d9403aac283c855108a3083739781a62ba8d7be2fc3b6da48a057a9
sq	parent-a	1	6.13.0-rc4-iommsq-good-02255d55260a-xxxxxxxxxxx+	89b67896-652a-4df6-83f8-1afd41f6c025	point	l0_standard_lifecycle	measured	7	512	512	512	512	1024	1024	512	0	0	0	0	0	4223403	8248.833984	2	true	64	128	0xffff	true	4096	4096	true	true	false	809954870327de3d5c0d6093dd8089e1ce74b45528e5b6f40e904d28988d4665	b688f6bc0d9403aac283c855108a3083739781a62ba8d7be2fc3b6da48a057a9
sq	parent-a	1	6.13.0-rc4-iommsq-good-02255d55260a-xxxxxxxxxxx+	89b67896-652a-4df6-83f8-1afd41f6c025	point	l0_standard_lifecycle	measured	8	512	512	512	512	1024	1024	512	0	0	0	0	0	4260738	8321.753906	2	true	64	128	0xffff	true	4096	4096	true	true	false	809954870327de3d5c0d6093dd8089e1ce74b45528e5b6f40e904d28988d4665	b688f6bc0d9403aac283c855108a3083739781a62ba8d7be2fc3b6da48a057a9
sq	parent-a	1	6.13.0-rc4-iommsq-good-02255d55260a-xxxxxxxxxxx+	89b67896-652a-4df6-83f8-1afd41f6c025	point	l0_standard_lifecycle	measured	9	512	512	512	512	1024	1024	512	0	0	0	0	0	4272186	8344.113281	2	true	64	128	0xffff	true	4096	4096	true	true	false	809954870327de3d5c0d6093dd8089e1ce74b45528e5b6f40e904d28988d4665	b688f6bc0d9403aac283c855108a3083739781a62ba8d7be2fc3b6da48a057a9
sq	parent-a	1	6.13.0-rc4-iommsq-good-02255d55260a-xxxxxxxxxxx+	89b67896-652a-4df6-83f8-1afd41f6c025	point	l0_standard_lifecycle	measured	10	512	512	512	512	1024	1024	512	0	0	0	0	0	4342621	8481.681641	2	true	64	128	0xffff	true	4096	4096	true	true	false	809954870327de3d5c0d6093dd8089e1ce74b45528e5b6f40e904d28988d4665	b688f6bc0d9403aac283c855108a3083739781a62ba8d7be2fc3b6da48a057a9
sq	parent-a	1	6.13.0-rc4-iommsq-good-02255d55260a-xxxxxxxxxxx+	89b67896-652a-4df6-83f8-1afd41f6c025	point	l0_standard_lifecycle	measured	11	512	512	512	512	1024	1024	512	0	0	0	0	0	4340881	8478.283203	2	true	64	128	0xffff	true	4096	4096	true	true	false	809954870327de3d5c0d6093dd8089e1ce74b45528e5b6f40e904d28988d4665	b688f6bc0d9403aac283c855108a3083739781a62ba8d7be2fc3b6da48a057a9
sq	parent-a	1	6.13.0-rc4-iommsq-good-02255d55260a-xxxxxxxxxxx+	89b67896-652a-4df6-83f8-1afd41f6c025	point	l0_standard_lifecycle	measured	12	512	512	512	512	1024	1024	512	0	0	0	0	0	4400031	8593.810547	2	true	64	128	0xffff	true	4096	4096	true	true	false	809954870327de3d5c0d6093dd8089e1ce74b45528e5b6f40e904d28988d4665	b688f6bc0d9403aac283c855108a3083739781a62ba8d7be2fc3b6da48a057a9
sq	parent-a	1	6.13.0-rc4-iommsq-good-02255d55260a-xxxxxxxxxxx+	89b67896-652a-4df6-83f8-1afd41f6c025	point	l0_standard_lifecycle	measured	13	512	512	512	512	1024	1024	512	0	0	0	0	0	4285638	8370.386719	2	true	64	128	0xffff	true	4096	4096	true	true	false	809954870327de3d5c0d6093dd8089e1ce74b45528e5b6f40e904d28988d4665	b688f6bc0d9403aac283c855108a3083739781a62ba8d7be2fc3b6da48a057a9
sq	parent-a	1	6.13.0-rc4-iommsq-good-02255d55260a-xxxxxxxxxxx+	89b67896-652a-4df6-83f8-1afd41f6c025	point	l0_standard_lifecycle	measured	14	512	512	512	512	1024	1024	512	0	0	0	0	0	4262601	8325.392578	2	true	64	128	0xffff	true	4096	4096	true	true	false	809954870327de3d5c0d6093dd8089e1ce74b45528e5b6f40e904d28988d4665	b688f6bc0d9403aac283c855108a3083739781a62ba8d7be2fc3b6da48a057a9
sq	child	1	6.13.0-rc4-iommsq-bad-8078486e1d53-xxxxxxxxxxxx+	7c97969d-f9e6-493c-bfcb-8bfbaf8fda87	point	l0_standard_lifecycle	measured	0	512	512	512	512	1024	1024	512	0	0	0	0	0	4694305	9168.564453	2	true	64	128	0xffff	true	4096	4096	true	true	false	809954870327de3d5c0d6093dd8089e1ce74b45528e5b6f40e904d28988d4665	b688f6bc0d9403aac283c855108a3083739781a62ba8d7be2fc3b6da48a057a9
sq	child	1	6.13.0-rc4-iommsq-bad-8078486e1d53-xxxxxxxxxxxx+	7c97969d-f9e6-493c-bfcb-8bfbaf8fda87	point	l0_standard_lifecycle	measured	1	512	512	512	512	1024	1024	512	0	0	0	0	0	4556036	8898.507812	2	true	64	128	0xffff	true	4096	4096	true	true	false	809954870327de3d5c0d6093dd8089e1ce74b45528e5b6f40e904d28988d4665	b688f6bc0d9403aac283c855108a3083739781a62ba8d7be2fc3b6da48a057a9
sq	child	1	6.13.0-rc4-iommsq-bad-8078486e1d53-xxxxxxxxxxxx+	7c97969d-f9e6-493c-bfcb-8bfbaf8fda87	point	l0_standard_lifecycle	measured	2	512	512	512	512	1024	1024	512	0	0	0	0	0	4612231	9008.263672	2	true	64	128	0xffff	true	4096	4096	true	true	false	809954870327de3d5c0d6093dd8089e1ce74b45528e5b6f40e904d28988d4665	b688f6bc0d9403aac283c855108a3083739781a62ba8d7be2fc3b6da48a057a9
sq	child	1	6.13.0-rc4-iommsq-bad-8078486e1d53-xxxxxxxxxxxx+	7c97969d-f9e6-493c-bfcb-8bfbaf8fda87	point	l0_standard_lifecycle	measured	3	512	512	512	512	1024	1024	512	0	0	0	0	0	4596022	8976.605469	2	true	64	128	0xffff	true	4096	4096	true	true	false	809954870327de3d5c0d6093dd8089e1ce74b45528e5b6f40e904d28988d4665	b688f6bc0d9403aac283c855108a3083739781a62ba8d7be2fc3b6da48a057a9
sq	child	1	6.13.0-rc4-iommsq-bad-8078486e1d53-xxxxxxxxxxxx+	7c97969d-f9e6-493c-bfcb-8bfbaf8fda87	point	l0_standard_lifecycle	measured	4	512	512	512	512	1024	1024	512	0	0	0	0	0	4530796	8849.210938	2	true	64	128	0xffff	true	4096	4096	true	true	false	809954870327de3d5c0d6093dd8089e1ce74b45528e5b6f40e904d28988d4665	b688f6bc0d9403aac283c855108a3083739781a62ba8d7be2fc3b6da48a057a9
sq	child	1	6.13.0-rc4-iommsq-bad-8078486e1d53-xxxxxxxxxxxx+	7c97969d-f9e6-493c-bfcb-8bfbaf8fda87	point	l0_standard_lifecycle	measured	5	512	512	512	512	1024	1024	512	0	0	0	0	0	4571799	8929.294922	2	true	64	128	0xffff	true	4096	4096	true	true	false	809954870327de3d5c0d6093dd8089e1ce74b45528e5b6f40e904d28988d4665	b688f6bc0d9403aac283c855108a3083739781a62ba8d7be2fc3b6da48a057a9
sq	child	1	6.13.0-rc4-iommsq-bad-8078486e1d53-xxxxxxxxxxxx+	7c97969d-f9e6-493c-bfcb-8bfbaf8fda87	point	l0_standard_lifecycle	measured	6	512	512	512	512	1024	1024	512	0	0	0	0	0	4472429	8735.212891	2	true	64	128	0xffff	true	4096	4096	true	true	false	809954870327de3d5c0d6093dd8089e1ce74b45528e5b6f40e904d28988d4665	b688f6bc0d9403aac283c855108a3083739781a62ba8d7be2fc3b6da48a057a9
sq	child	1	6.13.0-rc4-iommsq-bad-8078486e1d53-xxxxxxxxxxxx+	7c97969d-f9e6-493c-bfcb-8bfbaf8fda87	point	l0_standard_lifecycle	measured	7	512	512	512	512	1024	1024	512	0	0	0	0	0	4457556	8706.164062	2	true	64	128	0xffff	true	4096	4096	true	true	false	809954870327de3d5c0d6093dd8089e1ce74b45528e5b6f40e904d28988d4665	b688f6bc0d9403aac283c855108a3083739781a62ba8d7be2fc3b6da48a057a9
sq	child	1	6.13.0-rc4-iommsq-bad-8078486e1d53-xxxxxxxxxxxx+	7c97969d-f9e6-493c-bfcb-8bfbaf8fda87	point	l0_standard_lifecycle	measured	8	512	512	512	512	1024	1024	512	0	0	0	0	0	4430970	8654.238281	2	true	64	128	0xffff	true	4096	4096	true	true	false	809954870327de3d5c0d6093dd8089e1ce74b45528e5b6f40e904d28988d4665	b688f6bc0d9403aac283c855108a3083739781a62ba8d7be2fc3b6da48a057a9
sq	child	1	6.13.0-rc4-iommsq-bad-8078486e1d53-xxxxxxxxxxxx+	7c97969d-f9e6-493c-bfcb-8bfbaf8fda87	point	l0_standard_lifecycle	measured	9	512	512	512	512	1024	1024	512	0	0	0	0	0	4548695	8884.169922	2	true	64	128	0xffff	true	4096	4096	true	true	false	809954870327de3d5c0d6093dd8089e1ce74b45528e5b6f40e904d28988d4665	b688f6bc0d9403aac283c855108a3083739781a62ba8d7be2fc3b6da48a057a9
sq	child	1	6.13.0-rc4-iommsq-bad-8078486e1d53-xxxxxxxxxxxx+	7c97969d-f9e6-493c-bfcb-8bfbaf8fda87	point	l0_standard_lifecycle	measured	10	512	512	512	512	1024	1024	512	0	0	0	0	0	4485860	8761.445312	2	true	64	128	0xffff	true	4096	4096	true	true	false	809954870327de3d5c0d6093dd8089e1ce74b45528e5b6f40e904d28988d4665	b688f6bc0d9403aac283c855108a3083739781a62ba8d7be2fc3b6da48a057a9
sq	child	1	6.13.0-rc4-iommsq-bad-8078486e1d53-xxxxxxxxxxxx+	7c97969d-f9e6-493c-bfcb-8bfbaf8fda87	point	l0_standard_lifecycle	measured	11	512	512	512	512	1024	1024	512	0	0	0	0	0	4567490	8920.878906	2	true	64	128	0xffff	true	4096	4096	true	true	false	809954870327de3d5c0d6093dd8089e1ce74b45528e5b6f40e904d28988d4665	b688f6bc0d9403aac283c855108a3083739781a62ba8d7be2fc3b6da48a057a9
sq	child	1	6.13.0-rc4-iommsq-bad-8078486e1d53-xxxxxxxxxxxx+	7c97969d-f9e6-493c-bfcb-8bfbaf8fda87	point	l0_standard_lifecycle	measured	12	512	512	512	512	1024	1024	512	0	0	0	0	0	4567590	8921.074219	2	true	64	128	0xffff	true	4096	4096	true	true	false	809954870327de3d5c0d6093dd8089e1ce74b45528e5b6f40e904d28988d4665	b688f6bc0d9403aac283c855108a3083739781a62ba8d7be2fc3b6da48a057a9
sq	child	1	6.13.0-rc4-iommsq-bad-8078486e1d53-xxxxxxxxxxxx+	7c97969d-f9e6-493c-bfcb-8bfbaf8fda87	point	l0_standard_lifecycle	measured	13	512	512	512	512	1024	1024	512	0	0	0	0	0	4626030	9035.214844	2	true	64	128	0xffff	true	4096	4096	true	true	false	809954870327de3d5c0d6093dd8089e1ce74b45528e5b6f40e904d28988d4665	b688f6bc0d9403aac283c855108a3083739781a62ba8d7be2fc3b6da48a057a9
sq	child	1	6.13.0-rc4-iommsq-bad-8078486e1d53-xxxxxxxxxxxx+	7c97969d-f9e6-493c-bfcb-8bfbaf8fda87	point	l0_standard_lifecycle	measured	14	512	512	512	512	1024	1024	512	0	0	0	0	0	4434951	8662.013672	2	true	64	128	0xffff	true	4096	4096	true	true	false	809954870327de3d5c0d6093dd8089e1ce74b45528e5b6f40e904d28988d4665	b688f6bc0d9403aac283c855108a3083739781a62ba8d7be2fc3b6da48a057a9
sq	parent-b	1	6.13.0-rc4-iommsq-good-02255d55260a-xxxxxxxxxxx+	b9a640d7-aa8c-4223-91c7-db04c8705c74	point	l0_standard_lifecycle	measured	0	512	512	512	512	1024	1024	512	0	0	0	0	0	4462555	8715.927734	2	true	64	128	0xffff	true	4096	4096	true	true	false	809954870327de3d5c0d6093dd8089e1ce74b45528e5b6f40e904d28988d4665	b688f6bc0d9403aac283c855108a3083739781a62ba8d7be2fc3b6da48a057a9
sq	parent-b	1	6.13.0-rc4-iommsq-good-02255d55260a-xxxxxxxxxxx+	b9a640d7-aa8c-4223-91c7-db04c8705c74	point	l0_standard_lifecycle	measured	1	512	512	512	512	1024	1024	512	0	0	0	0	0	4377466	8549.738281	2	true	64	128	0xffff	true	4096	4096	true	true	false	809954870327de3d5c0d6093dd8089e1ce74b45528e5b6f40e904d28988d4665	b688f6bc0d9403aac283c855108a3083739781a62ba8d7be2fc3b6da48a057a9
sq	parent-b	1	6.13.0-rc4-iommsq-good-02255d55260a-xxxxxxxxxxx+	b9a640d7-aa8c-4223-91c7-db04c8705c74	point	l0_standard_lifecycle	measured	2	512	512	512	512	1024	1024	512	0	0	0	0	0	4396139	8586.208984	2	true	64	128	0xffff	true	4096	4096	true	true	false	809954870327de3d5c0d6093dd8089e1ce74b45528e5b6f40e904d28988d4665	b688f6bc0d9403aac283c855108a3083739781a62ba8d7be2fc3b6da48a057a9
sq	parent-b	1	6.13.0-rc4-iommsq-good-02255d55260a-xxxxxxxxxxx+	b9a640d7-aa8c-4223-91c7-db04c8705c74	point	l0_standard_lifecycle	measured	3	512	512	512	512	1024	1024	512	0	0	0	0	0	4337989	8472.634766	2	true	64	128	0xffff	true	4096	4096	true	true	false	809954870327de3d5c0d6093dd8089e1ce74b45528e5b6f40e904d28988d4665	b688f6bc0d9403aac283c855108a3083739781a62ba8d7be2fc3b6da48a057a9
sq	parent-b	1	6.13.0-rc4-iommsq-good-02255d55260a-xxxxxxxxxxx+	b9a640d7-aa8c-4223-91c7-db04c8705c74	point	l0_standard_lifecycle	measured	4	512	512	512	512	1024	1024	512	0	0	0	0	0	4359928	8515.484375	2	true	64	128	0xffff	true	4096	4096	true	true	false	809954870327de3d5c0d6093dd8089e1ce74b45528e5b6f40e904d28988d4665	b688f6bc0d9403aac283c855108a3083739781a62ba8d7be2fc3b6da48a057a9
sq	parent-b	1	6.13.0-rc4-iommsq-good-02255d55260a-xxxxxxxxxxx+	b9a640d7-aa8c-4223-91c7-db04c8705c74	point	l0_standard_lifecycle	measured	5	512	512	512	512	1024	1024	512	0	0	0	0	0	4411612	8616.429688	2	true	64	128	0xffff	true	4096	4096	true	true	false	809954870327de3d5c0d6093dd8089e1ce74b45528e5b6f40e904d28988d4665	b688f6bc0d9403aac283c855108a3083739781a62ba8d7be2fc3b6da48a057a9
sq	parent-b	1	6.13.0-rc4-iommsq-good-02255d55260a-xxxxxxxxxxx+	b9a640d7-aa8c-4223-91c7-db04c8705c74	point	l0_standard_lifecycle	measured	6	512	512	512	512	1024	1024	512	0	0	0	0	0	4385018	8564.488281	2	true	64	128	0xffff	true	4096	4096	true	true	false	809954870327de3d5c0d6093dd8089e1ce74b45528e5b6f40e904d28988d4665	b688f6bc0d9403aac283c855108a3083739781a62ba8d7be2fc3b6da48a057a9
sq	parent-b	1	6.13.0-rc4-iommsq-good-02255d55260a-xxxxxxxxxxx+	b9a640d7-aa8c-4223-91c7-db04c8705c74	point	l0_standard_lifecycle	measured	7	512	512	512	512	1024	1024	512	0	0	0	0	0	4307884	8413.835938	2	true	64	128	0xffff	true	4096	4096	true	true	false	809954870327de3d5c0d6093dd8089e1ce74b45528e5b6f40e904d28988d4665	b688f6bc0d9403aac283c855108a3083739781a62ba8d7be2fc3b6da48a057a9
sq	parent-b	1	6.13.0-rc4-iommsq-good-02255d55260a-xxxxxxxxxxx+	b9a640d7-aa8c-4223-91c7-db04c8705c74	point	l0_standard_lifecycle	measured	8	512	512	512	512	1024	1024	512	0	0	0	0	0	4334213	8465.259766	2	true	64	128	0xffff	true	4096	4096	true	true	false	809954870327de3d5c0d6093dd8089e1ce74b45528e5b6f40e904d28988d4665	b688f6bc0d9403aac283c855108a3083739781a62ba8d7be2fc3b6da48a057a9
sq	parent-b	1	6.13.0-rc4-iommsq-good-02255d55260a-xxxxxxxxxxx+	b9a640d7-aa8c-4223-91c7-db04c8705c74	point	l0_standard_lifecycle	measured	9	512	512	512	512	1024	1024	512	0	0	0	0	0	4275423	8350.435547	2	true	64	128	0xffff	true	4096	4096	true	true	false	809954870327de3d5c0d6093dd8089e1ce74b45528e5b6f40e904d28988d4665	b688f6bc0d9403aac283c855108a3083739781a62ba8d7be2fc3b6da48a057a9
sq	parent-b	1	6.13.0-rc4-iommsq-good-02255d55260a-xxxxxxxxxxx+	b9a640d7-aa8c-4223-91c7-db04c8705c74	point	l0_standard_lifecycle	measured	10	512	512	512	512	1024	1024	512	0	0	0	0	0	4410212	8613.695312	2	true	64	128	0xffff	true	4096	4096	true	true	false	809954870327de3d5c0d6093dd8089e1ce74b45528e5b6f40e904d28988d4665	b688f6bc0d9403aac283c855108a3083739781a62ba8d7be2fc3b6da48a057a9
sq	parent-b	1	6.13.0-rc4-iommsq-good-02255d55260a-xxxxxxxxxxx+	b9a640d7-aa8c-4223-91c7-db04c8705c74	point	l0_standard_lifecycle	measured	11	512	512	512	512	1024	1024	512	0	0	0	0	0	4385560	8565.546875	2	true	64	128	0xffff	true	4096	4096	true	true	false	809954870327de3d5c0d6093dd8089e1ce74b45528e5b6f40e904d28988d4665	b688f6bc0d9403aac283c855108a3083739781a62ba8d7be2fc3b6da48a057a9
sq	parent-b	1	6.13.0-rc4-iommsq-good-02255d55260a-xxxxxxxxxxx+	b9a640d7-aa8c-4223-91c7-db04c8705c74	point	l0_standard_lifecycle	measured	12	512	512	512	512	1024	1024	512	0	0	0	0	0	4454397	8699.994141	2	true	64	128	0xffff	true	4096	4096	true	true	false	809954870327de3d5c0d6093dd8089e1ce74b45528e5b6f40e904d28988d4665	b688f6bc0d9403aac283c855108a3083739781a62ba8d7be2fc3b6da48a057a9
sq	parent-b	1	6.13.0-rc4-iommsq-good-02255d55260a-xxxxxxxxxxx+	b9a640d7-aa8c-4223-91c7-db04c8705c74	point	l0_standard_lifecycle	measured	13	512	512	512	512	1024	1024	512	0	0	0	0	0	4305502	8409.183594	2	true	64	128	0xffff	true	4096	4096	true	true	false	809954870327de3d5c0d6093dd8089e1ce74b45528e5b6f40e904d28988d4665	b688f6bc0d9403aac283c855108a3083739781a62ba8d7be2fc3b6da48a057a9
sq	parent-b	1	6.13.0-rc4-iommsq-good-02255d55260a-xxxxxxxxxxx+	b9a640d7-aa8c-4223-91c7-db04c8705c74	point	l0_standard_lifecycle	measured	14	512	512	512	512	1024	1024	512	0	0	0	0	0	4279090	8357.597656	2	true	64	128	0xffff	true	4096	4096	true	true	false	809954870327de3d5c0d6093dd8089e1ce74b45528e5b6f40e904d28988d4665	b688f6bc0d9403aac283c855108a3083739781a62ba8d7be2fc3b6da48a057a9
cq	parent-a	1	6.13.0-rc4-iommcq-good-8078486e1d53-xxxxxxxxxxx+	9f629208-f86f-4a49-961e-343c67f78175	point	l0_standard_lifecycle	measured	0	512	512	512	512	1024	1024	512	0	0	0	0	0	4601405	8987.119141	2	true	64	128	0xffff	true	4096	4096	true	true	false	809954870327de3d5c0d6093dd8089e1ce74b45528e5b6f40e904d28988d4665	b688f6bc0d9403aac283c855108a3083739781a62ba8d7be2fc3b6da48a057a9
cq	parent-a	1	6.13.0-rc4-iommcq-good-8078486e1d53-xxxxxxxxxxx+	9f629208-f86f-4a49-961e-343c67f78175	point	l0_standard_lifecycle	measured	1	512	512	512	512	1024	1024	512	0	0	0	0	0	4530336	8848.312500	2	true	64	128	0xffff	true	4096	4096	true	true	false	809954870327de3d5c0d6093dd8089e1ce74b45528e5b6f40e904d28988d4665	b688f6bc0d9403aac283c855108a3083739781a62ba8d7be2fc3b6da48a057a9
cq	parent-a	1	6.13.0-rc4-iommcq-good-8078486e1d53-xxxxxxxxxxx+	9f629208-f86f-4a49-961e-343c67f78175	point	l0_standard_lifecycle	measured	2	512	512	512	512	1024	1024	512	0	0	0	0	0	4522085	8832.197266	2	true	64	128	0xffff	true	4096	4096	true	true	false	809954870327de3d5c0d6093dd8089e1ce74b45528e5b6f40e904d28988d4665	b688f6bc0d9403aac283c855108a3083739781a62ba8d7be2fc3b6da48a057a9
cq	parent-a	1	6.13.0-rc4-iommcq-good-8078486e1d53-xxxxxxxxxxx+	9f629208-f86f-4a49-961e-343c67f78175	point	l0_standard_lifecycle	measured	3	512	512	512	512	1024	1024	512	0	0	0	0	0	4644171	9070.646484	2	true	64	128	0xffff	true	4096	4096	true	true	false	809954870327de3d5c0d6093dd8089e1ce74b45528e5b6f40e904d28988d4665	b688f6bc0d9403aac283c855108a3083739781a62ba8d7be2fc3b6da48a057a9
cq	parent-a	1	6.13.0-rc4-iommcq-good-8078486e1d53-xxxxxxxxxxx+	9f629208-f86f-4a49-961e-343c67f78175	point	l0_standard_lifecycle	measured	4	512	512	512	512	1024	1024	512	0	0	0	0	0	4523019	8834.021484	2	true	64	128	0xffff	true	4096	4096	true	true	false	809954870327de3d5c0d6093dd8089e1ce74b45528e5b6f40e904d28988d4665	b688f6bc0d9403aac283c855108a3083739781a62ba8d7be2fc3b6da48a057a9
cq	parent-a	1	6.13.0-rc4-iommcq-good-8078486e1d53-xxxxxxxxxxx+	9f629208-f86f-4a49-961e-343c67f78175	point	l0_standard_lifecycle	measured	5	512	512	512	512	1024	1024	512	0	0	0	0	0	4581551	8948.341797	2	true	64	128	0xffff	true	4096	4096	true	true	false	809954870327de3d5c0d6093dd8089e1ce74b45528e5b6f40e904d28988d4665	b688f6bc0d9403aac283c855108a3083739781a62ba8d7be2fc3b6da48a057a9
cq	parent-a	1	6.13.0-rc4-iommcq-good-8078486e1d53-xxxxxxxxxxx+	9f629208-f86f-4a49-961e-343c67f78175	point	l0_standard_lifecycle	measured	6	512	512	512	512	1024	1024	512	0	0	0	0	0	4472479	8735.310547	2	true	64	128	0xffff	true	4096	4096	true	true	false	809954870327de3d5c0d6093dd8089e1ce74b45528e5b6f40e904d28988d4665	b688f6bc0d9403aac283c855108a3083739781a62ba8d7be2fc3b6da48a057a9
cq	parent-a	1	6.13.0-rc4-iommcq-good-8078486e1d53-xxxxxxxxxxx+	9f629208-f86f-4a49-961e-343c67f78175	point	l0_standard_lifecycle	measured	7	512	512	512	512	1024	1024	512	0	0	0	0	0	4544088	8875.171875	2	true	64	128	0xffff	true	4096	4096	true	true	false	809954870327de3d5c0d6093dd8089e1ce74b45528e5b6f40e904d28988d4665	b688f6bc0d9403aac283c855108a3083739781a62ba8d7be2fc3b6da48a057a9
cq	parent-a	1	6.13.0-rc4-iommcq-good-8078486e1d53-xxxxxxxxxxx+	9f629208-f86f-4a49-961e-343c67f78175	point	l0_standard_lifecycle	measured	8	512	512	512	512	1024	1024	512	0	0	0	0	0	4577508	8940.445312	2	true	64	128	0xffff	true	4096	4096	true	true	false	809954870327de3d5c0d6093dd8089e1ce74b45528e5b6f40e904d28988d4665	b688f6bc0d9403aac283c855108a3083739781a62ba8d7be2fc3b6da48a057a9
cq	parent-a	1	6.13.0-rc4-iommcq-good-8078486e1d53-xxxxxxxxxxx+	9f629208-f86f-4a49-961e-343c67f78175	point	l0_standard_lifecycle	measured	9	512	512	512	512	1024	1024	512	0	0	0	0	0	4593960	8972.578125	2	true	64	128	0xffff	true	4096	4096	true	true	false	809954870327de3d5c0d6093dd8089e1ce74b45528e5b6f40e904d28988d4665	b688f6bc0d9403aac283c855108a3083739781a62ba8d7be2fc3b6da48a057a9
cq	parent-a	1	6.13.0-rc4-iommcq-good-8078486e1d53-xxxxxxxxxxx+	9f629208-f86f-4a49-961e-343c67f78175	point	l0_standard_lifecycle	measured	10	512	512	512	512	1024	1024	512	0	0	0	0	0	4543272	8873.578125	2	true	64	128	0xffff	true	4096	4096	true	true	false	809954870327de3d5c0d6093dd8089e1ce74b45528e5b6f40e904d28988d4665	b688f6bc0d9403aac283c855108a3083739781a62ba8d7be2fc3b6da48a057a9
cq	parent-a	1	6.13.0-rc4-iommcq-good-8078486e1d53-xxxxxxxxxxx+	9f629208-f86f-4a49-961e-343c67f78175	point	l0_standard_lifecycle	measured	11	512	512	512	512	1024	1024	512	0	0	0	0	0	4562580	8911.289062	2	true	64	128	0xffff	true	4096	4096	true	true	false	809954870327de3d5c0d6093dd8089e1ce74b45528e5b6f40e904d28988d4665	b688f6bc0d9403aac283c855108a3083739781a62ba8d7be2fc3b6da48a057a9
cq	parent-a	1	6.13.0-rc4-iommcq-good-8078486e1d53-xxxxxxxxxxx+	9f629208-f86f-4a49-961e-343c67f78175	point	l0_standard_lifecycle	measured	12	512	512	512	512	1024	1024	512	0	0	0	0	0	4405195	8603.896484	2	true	64	128	0xffff	true	4096	4096	true	true	false	809954870327de3d5c0d6093dd8089e1ce74b45528e5b6f40e904d28988d4665	b688f6bc0d9403aac283c855108a3083739781a62ba8d7be2fc3b6da48a057a9
cq	parent-a	1	6.13.0-rc4-iommcq-good-8078486e1d53-xxxxxxxxxxx+	9f629208-f86f-4a49-961e-343c67f78175	point	l0_standard_lifecycle	measured	13	512	512	512	512	1024	1024	512	0	0	0	0	0	4468977	8728.470703	2	true	64	128	0xffff	true	4096	4096	true	true	false	809954870327de3d5c0d6093dd8089e1ce74b45528e5b6f40e904d28988d4665	b688f6bc0d9403aac283c855108a3083739781a62ba8d7be2fc3b6da48a057a9
cq	parent-a	1	6.13.0-rc4-iommcq-good-8078486e1d53-xxxxxxxxxxx+	9f629208-f86f-4a49-961e-343c67f78175	point	l0_standard_lifecycle	measured	14	512	512	512	512	1024	1024	512	0	0	0	0	0	4406414	8606.277344	2	true	64	128	0xffff	true	4096	4096	true	true	false	809954870327de3d5c0d6093dd8089e1ce74b45528e5b6f40e904d28988d4665	b688f6bc0d9403aac283c855108a3083739781a62ba8d7be2fc3b6da48a057a9
cq	child	1	6.13.0-rc4-iommcq-bad-81a4058e0cd0-xxxxxxxxxxxx+	d6a32b86-7052-4796-b240-42600376de6b	point	l0_standard_lifecycle	measured	0	512	512	512	512	1024	1024	512	0	0	0	0	0	4810959	9396.404297	2	true	64	128	0xffff	true	4096	4096	true	true	false	809954870327de3d5c0d6093dd8089e1ce74b45528e5b6f40e904d28988d4665	b688f6bc0d9403aac283c855108a3083739781a62ba8d7be2fc3b6da48a057a9
cq	child	1	6.13.0-rc4-iommcq-bad-81a4058e0cd0-xxxxxxxxxxxx+	d6a32b86-7052-4796-b240-42600376de6b	point	l0_standard_lifecycle	measured	1	512	512	512	512	1024	1024	512	0	0	0	0	0	4792329	9360.017578	2	true	64	128	0xffff	true	4096	4096	true	true	false	809954870327de3d5c0d6093dd8089e1ce74b45528e5b6f40e904d28988d4665	b688f6bc0d9403aac283c855108a3083739781a62ba8d7be2fc3b6da48a057a9
cq	child	1	6.13.0-rc4-iommcq-bad-81a4058e0cd0-xxxxxxxxxxxx+	d6a32b86-7052-4796-b240-42600376de6b	point	l0_standard_lifecycle	measured	2	512	512	512	512	1024	1024	512	0	0	0	0	0	4718588	9215.992188	2	true	64	128	0xffff	true	4096	4096	true	true	false	809954870327de3d5c0d6093dd8089e1ce74b45528e5b6f40e904d28988d4665	b688f6bc0d9403aac283c855108a3083739781a62ba8d7be2fc3b6da48a057a9
cq	child	1	6.13.0-rc4-iommcq-bad-81a4058e0cd0-xxxxxxxxxxxx+	d6a32b86-7052-4796-b240-42600376de6b	point	l0_standard_lifecycle	measured	3	512	512	512	512	1024	1024	512	0	0	0	0	0	4681995	9144.521484	2	true	64	128	0xffff	true	4096	4096	true	true	false	809954870327de3d5c0d6093dd8089e1ce74b45528e5b6f40e904d28988d4665	b688f6bc0d9403aac283c855108a3083739781a62ba8d7be2fc3b6da48a057a9
cq	child	1	6.13.0-rc4-iommcq-bad-81a4058e0cd0-xxxxxxxxxxxx+	d6a32b86-7052-4796-b240-42600376de6b	point	l0_standard_lifecycle	measured	4	512	512	512	512	1024	1024	512	0	0	0	0	0	4662661	9106.759766	2	true	64	128	0xffff	true	4096	4096	true	true	false	809954870327de3d5c0d6093dd8089e1ce74b45528e5b6f40e904d28988d4665	b688f6bc0d9403aac283c855108a3083739781a62ba8d7be2fc3b6da48a057a9
cq	child	1	6.13.0-rc4-iommcq-bad-81a4058e0cd0-xxxxxxxxxxxx+	d6a32b86-7052-4796-b240-42600376de6b	point	l0_standard_lifecycle	measured	5	512	512	512	512	1024	1024	512	0	0	0	0	0	4685571	9151.505859	2	true	64	128	0xffff	true	4096	4096	true	true	false	809954870327de3d5c0d6093dd8089e1ce74b45528e5b6f40e904d28988d4665	b688f6bc0d9403aac283c855108a3083739781a62ba8d7be2fc3b6da48a057a9
cq	child	1	6.13.0-rc4-iommcq-bad-81a4058e0cd0-xxxxxxxxxxxx+	d6a32b86-7052-4796-b240-42600376de6b	point	l0_standard_lifecycle	measured	6	512	512	512	512	1024	1024	512	0	0	0	0	0	4678520	9137.734375	2	true	64	128	0xffff	true	4096	4096	true	true	false	809954870327de3d5c0d6093dd8089e1ce74b45528e5b6f40e904d28988d4665	b688f6bc0d9403aac283c855108a3083739781a62ba8d7be2fc3b6da48a057a9
cq	child	1	6.13.0-rc4-iommcq-bad-81a4058e0cd0-xxxxxxxxxxxx+	d6a32b86-7052-4796-b240-42600376de6b	point	l0_standard_lifecycle	measured	7	512	512	512	512	1024	1024	512	0	0	0	0	0	4611992	9007.796875	2	true	64	128	0xffff	true	4096	4096	true	true	false	809954870327de3d5c0d6093dd8089e1ce74b45528e5b6f40e904d28988d4665	b688f6bc0d9403aac283c855108a3083739781a62ba8d7be2fc3b6da48a057a9
cq	child	1	6.13.0-rc4-iommcq-bad-81a4058e0cd0-xxxxxxxxxxxx+	d6a32b86-7052-4796-b240-42600376de6b	point	l0_standard_lifecycle	measured	8	512	512	512	512	1024	1024	512	0	0	0	0	0	4650457	9082.923828	2	true	64	128	0xffff	true	4096	4096	true	true	false	809954870327de3d5c0d6093dd8089e1ce74b45528e5b6f40e904d28988d4665	b688f6bc0d9403aac283c855108a3083739781a62ba8d7be2fc3b6da48a057a9
cq	child	1	6.13.0-rc4-iommcq-bad-81a4058e0cd0-xxxxxxxxxxxx+	d6a32b86-7052-4796-b240-42600376de6b	point	l0_standard_lifecycle	measured	9	512	512	512	512	1024	1024	512	0	0	0	0	0	4637513	9057.642578	2	true	64	128	0xffff	true	4096	4096	true	true	false	809954870327de3d5c0d6093dd8089e1ce74b45528e5b6f40e904d28988d4665	b688f6bc0d9403aac283c855108a3083739781a62ba8d7be2fc3b6da48a057a9
cq	child	1	6.13.0-rc4-iommcq-bad-81a4058e0cd0-xxxxxxxxxxxx+	d6a32b86-7052-4796-b240-42600376de6b	point	l0_standard_lifecycle	measured	10	512	512	512	512	1024	1024	512	0	0	0	0	0	4776283	9328.677734	2	true	64	128	0xffff	true	4096	4096	true	true	false	809954870327de3d5c0d6093dd8089e1ce74b45528e5b6f40e904d28988d4665	b688f6bc0d9403aac283c855108a3083739781a62ba8d7be2fc3b6da48a057a9
cq	child	1	6.13.0-rc4-iommcq-bad-81a4058e0cd0-xxxxxxxxxxxx+	d6a32b86-7052-4796-b240-42600376de6b	point	l0_standard_lifecycle	measured	11	512	512	512	512	1024	1024	512	0	0	0	0	0	4707187	9193.724609	2	true	64	128	0xffff	true	4096	4096	true	true	false	809954870327de3d5c0d6093dd8089e1ce74b45528e5b6f40e904d28988d4665	b688f6bc0d9403aac283c855108a3083739781a62ba8d7be2fc3b6da48a057a9
cq	child	1	6.13.0-rc4-iommcq-bad-81a4058e0cd0-xxxxxxxxxxxx+	d6a32b86-7052-4796-b240-42600376de6b	point	l0_standard_lifecycle	measured	12	512	512	512	512	1024	1024	512	0	0	0	0	0	4778595	9333.193359	2	true	64	128	0xffff	true	4096	4096	true	true	false	809954870327de3d5c0d6093dd8089e1ce74b45528e5b6f40e904d28988d4665	b688f6bc0d9403aac283c855108a3083739781a62ba8d7be2fc3b6da48a057a9
cq	child	1	6.13.0-rc4-iommcq-bad-81a4058e0cd0-xxxxxxxxxxxx+	d6a32b86-7052-4796-b240-42600376de6b	point	l0_standard_lifecycle	measured	13	512	512	512	512	1024	1024	512	0	0	0	0	0	4641716	9065.851562	2	true	64	128	0xffff	true	4096	4096	true	true	false	809954870327de3d5c0d6093dd8089e1ce74b45528e5b6f40e904d28988d4665	b688f6bc0d9403aac283c855108a3083739781a62ba8d7be2fc3b6da48a057a9
cq	child	1	6.13.0-rc4-iommcq-bad-81a4058e0cd0-xxxxxxxxxxxx+	d6a32b86-7052-4796-b240-42600376de6b	point	l0_standard_lifecycle	measured	14	512	512	512	512	1024	1024	512	0	0	0	0	0	4482734	8755.339844	2	true	64	128	0xffff	true	4096	4096	true	true	false	809954870327de3d5c0d6093dd8089e1ce74b45528e5b6f40e904d28988d4665	b688f6bc0d9403aac283c855108a3083739781a62ba8d7be2fc3b6da48a057a9
cq	parent-b	1	6.13.0-rc4-iommcq-good-8078486e1d53-xxxxxxxxxxx+	da942219-1849-421e-9a3b-6f6a472240e2	point	l0_standard_lifecycle	measured	0	512	512	512	512	1024	1024	512	0	0	0	0	0	4603163	8990.552734	2	true	64	128	0xffff	true	4096	4096	true	true	false	809954870327de3d5c0d6093dd8089e1ce74b45528e5b6f40e904d28988d4665	b688f6bc0d9403aac283c855108a3083739781a62ba8d7be2fc3b6da48a057a9
cq	parent-b	1	6.13.0-rc4-iommcq-good-8078486e1d53-xxxxxxxxxxx+	da942219-1849-421e-9a3b-6f6a472240e2	point	l0_standard_lifecycle	measured	1	512	512	512	512	1024	1024	512	0	0	0	0	0	4720009	9218.767578	2	true	64	128	0xffff	true	4096	4096	true	true	false	809954870327de3d5c0d6093dd8089e1ce74b45528e5b6f40e904d28988d4665	b688f6bc0d9403aac283c855108a3083739781a62ba8d7be2fc3b6da48a057a9
cq	parent-b	1	6.13.0-rc4-iommcq-good-8078486e1d53-xxxxxxxxxxx+	da942219-1849-421e-9a3b-6f6a472240e2	point	l0_standard_lifecycle	measured	2	512	512	512	512	1024	1024	512	0	0	0	0	0	4663754	9108.894531	2	true	64	128	0xffff	true	4096	4096	true	true	false	809954870327de3d5c0d6093dd8089e1ce74b45528e5b6f40e904d28988d4665	b688f6bc0d9403aac283c855108a3083739781a62ba8d7be2fc3b6da48a057a9
cq	parent-b	1	6.13.0-rc4-iommcq-good-8078486e1d53-xxxxxxxxxxx+	da942219-1849-421e-9a3b-6f6a472240e2	point	l0_standard_lifecycle	measured	3	512	512	512	512	1024	1024	512	0	0	0	0	0	4594740	8974.101562	2	true	64	128	0xffff	true	4096	4096	true	true	false	809954870327de3d5c0d6093dd8089e1ce74b45528e5b6f40e904d28988d4665	b688f6bc0d9403aac283c855108a3083739781a62ba8d7be2fc3b6da48a057a9
cq	parent-b	1	6.13.0-rc4-iommcq-good-8078486e1d53-xxxxxxxxxxx+	da942219-1849-421e-9a3b-6f6a472240e2	point	l0_standard_lifecycle	measured	4	512	512	512	512	1024	1024	512	0	0	0	0	0	4675573	9131.978516	2	true	64	128	0xffff	true	4096	4096	true	true	false	809954870327de3d5c0d6093dd8089e1ce74b45528e5b6f40e904d28988d4665	b688f6bc0d9403aac283c855108a3083739781a62ba8d7be2fc3b6da48a057a9
cq	parent-b	1	6.13.0-rc4-iommcq-good-8078486e1d53-xxxxxxxxxxx+	da942219-1849-421e-9a3b-6f6a472240e2	point	l0_standard_lifecycle	measured	5	512	512	512	512	1024	1024	512	0	0	0	0	0	4588592	8962.093750	2	true	64	128	0xffff	true	4096	4096	true	true	false	809954870327de3d5c0d6093dd8089e1ce74b45528e5b6f40e904d28988d4665	b688f6bc0d9403aac283c855108a3083739781a62ba8d7be2fc3b6da48a057a9
cq	parent-b	1	6.13.0-rc4-iommcq-good-8078486e1d53-xxxxxxxxxxx+	da942219-1849-421e-9a3b-6f6a472240e2	point	l0_standard_lifecycle	measured	6	512	512	512	512	1024	1024	512	0	0	0	0	0	4650301	9082.619141	2	true	64	128	0xffff	true	4096	4096	true	true	false	809954870327de3d5c0d6093dd8089e1ce74b45528e5b6f40e904d28988d4665	b688f6bc0d9403aac283c855108a3083739781a62ba8d7be2fc3b6da48a057a9
cq	parent-b	1	6.13.0-rc4-iommcq-good-8078486e1d53-xxxxxxxxxxx+	da942219-1849-421e-9a3b-6f6a472240e2	point	l0_standard_lifecycle	measured	7	512	512	512	512	1024	1024	512	0	0	0	0	0	4626471	9036.076172	2	true	64	128	0xffff	true	4096	4096	true	true	false	809954870327de3d5c0d6093dd8089e1ce74b45528e5b6f40e904d28988d4665	b688f6bc0d9403aac283c855108a3083739781a62ba8d7be2fc3b6da48a057a9
cq	parent-b	1	6.13.0-rc4-iommcq-good-8078486e1d53-xxxxxxxxxxx+	da942219-1849-421e-9a3b-6f6a472240e2	point	l0_standard_lifecycle	measured	8	512	512	512	512	1024	1024	512	0	0	0	0	0	4619874	9023.191406	2	true	64	128	0xffff	true	4096	4096	true	true	false	809954870327de3d5c0d6093dd8089e1ce74b45528e5b6f40e904d28988d4665	b688f6bc0d9403aac283c855108a3083739781a62ba8d7be2fc3b6da48a057a9
cq	parent-b	1	6.13.0-rc4-iommcq-good-8078486e1d53-xxxxxxxxxxx+	da942219-1849-421e-9a3b-6f6a472240e2	point	l0_standard_lifecycle	measured	9	512	512	512	512	1024	1024	512	0	0	0	0	0	4582094	8949.402344	2	true	64	128	0xffff	true	4096	4096	true	true	false	809954870327de3d5c0d6093dd8089e1ce74b45528e5b6f40e904d28988d4665	b688f6bc0d9403aac283c855108a3083739781a62ba8d7be2fc3b6da48a057a9
cq	parent-b	1	6.13.0-rc4-iommcq-good-8078486e1d53-xxxxxxxxxxx+	da942219-1849-421e-9a3b-6f6a472240e2	point	l0_standard_lifecycle	measured	10	512	512	512	512	1024	1024	512	0	0	0	0	0	4516561	8821.408203	2	true	64	128	0xffff	true	4096	4096	true	true	false	809954870327de3d5c0d6093dd8089e1ce74b45528e5b6f40e904d28988d4665	b688f6bc0d9403aac283c855108a3083739781a62ba8d7be2fc3b6da48a057a9
cq	parent-b	1	6.13.0-rc4-iommcq-good-8078486e1d53-xxxxxxxxxxx+	da942219-1849-421e-9a3b-6f6a472240e2	point	l0_standard_lifecycle	measured	11	512	512	512	512	1024	1024	512	0	0	0	0	0	4378226	8551.222656	2	true	64	128	0xffff	true	4096	4096	true	true	false	809954870327de3d5c0d6093dd8089e1ce74b45528e5b6f40e904d28988d4665	b688f6bc0d9403aac283c855108a3083739781a62ba8d7be2fc3b6da48a057a9
cq	parent-b	1	6.13.0-rc4-iommcq-good-8078486e1d53-xxxxxxxxxxx+	da942219-1849-421e-9a3b-6f6a472240e2	point	l0_standard_lifecycle	measured	12	512	512	512	512	1024	1024	512	0	0	0	0	0	4401254	8596.199219	2	true	64	128	0xffff	true	4096	4096	true	true	false	809954870327de3d5c0d6093dd8089e1ce74b45528e5b6f40e904d28988d4665	b688f6bc0d9403aac283c855108a3083739781a62ba8d7be2fc3b6da48a057a9
cq	parent-b	1	6.13.0-rc4-iommcq-good-8078486e1d53-xxxxxxxxxxx+	da942219-1849-421e-9a3b-6f6a472240e2	point	l0_standard_lifecycle	measured	13	512	512	512	512	1024	1024	512	0	0	0	0	0	4538806	8864.855469	2	true	64	128	0xffff	true	4096	4096	true	true	false	809954870327de3d5c0d6093dd8089e1ce74b45528e5b6f40e904d28988d4665	b688f6bc0d9403aac283c855108a3083739781a62ba8d7be2fc3b6da48a057a9
cq	parent-b	1	6.13.0-rc4-iommcq-good-8078486e1d53-xxxxxxxxxxx+	da942219-1849-421e-9a3b-6f6a472240e2	point	l0_standard_lifecycle	measured	14	512	512	512	512	1024	1024	512	0	0	0	0	0	4376937	8548.705078	2	true	64	128	0xffff	true	4096	4096	true	true	false	809954870327de3d5c0d6093dd8089e1ce74b45528e5b6f40e904d28988d4665	b688f6bc0d9403aac283c855108a3083739781a62ba8d7be2fc3b6da48a057a9
