experiment	point	arm	metric	median_ns	cv_percent	drop_first_median_ns
exact-r1	base-A	original-cb0	create_ns	21287.4609375	0.5505003835948346	21267.0625
exact-r1	base-A	original-cb0	remove_ns	6558.140625	2.6090828524711474	6556.5
exact-r1	base-A	original-cb1	create_ns	21273.5234375	0.7602047540449082	21324.11328125
exact-r1	base-A	original-cb1	remove_ns	6531.40625	0.26744227739500037	6531.6171875
exact-r1	base-A	control-scx	create_ns	21153.4609375	0.2684637388987175	21136.05859375
exact-r1	base-A	control-scx	remove_ns	6528.3203125	0.38770225579390033	6521.0859375
exact-r1	base-A	control-disabled	create_ns	21091.078125	0.7077849755736919	21111.7734375
exact-r1	base-A	control-disabled	remove_ns	6496.7578125	0.24371617503769752	6497.13671875
exact-r1	guard-A	original-cb0	create_ns	21468.2734375	1.3404845863260135	21413.76171875
exact-r1	guard-A	original-cb0	remove_ns	6944.890625	0.29789465957689387	6943.125
exact-r1	guard-A	original-cb1	create_ns	21273.3125	0.5908576009694416	21281.24609375
exact-r1	guard-A	original-cb1	remove_ns	6947.4140625	0.32780983244639683	6948.4140625
exact-r1	guard-A	control-scx	create_ns	21274.0703125	0.6492657993512067	21288.67578125
exact-r1	guard-A	control-scx	remove_ns	6937.1484375	0.4730631839630163	6935.3984375
exact-r1	guard-A	control-disabled	create_ns	21112.4609375	0.49785440764045585	21096.5859375
exact-r1	guard-A	control-disabled	remove_ns	6905.5546875	0.7982039932514418	6898.4921875
exact-r1	notify-A	original-cb0	create_ns	21132.3515625	1.5124236366151762	21121.49609375
exact-r1	notify-A	original-cb0	remove_ns	9575.0546875	0.5232707015880651	9568.828125
exact-r1	notify-A	original-cb1	create_ns	21179.4375	0.4980335998134172	21186.56640625
exact-r1	notify-A	original-cb1	remove_ns	9585.6015625	0.6671000165567306	9593.71484375
exact-r1	notify-A	control-scx	create_ns	21036.6015625	0.4570287414714997	21058.3828125
exact-r1	notify-A	control-scx	remove_ns	9569.421875	0.6795349845932719	9564.76953125
exact-r1	notify-A	control-disabled	create_ns	21018.34375	0.5902285661976097	21049.7890625
exact-r1	notify-A	control-disabled	remove_ns	9538.9375	0.5996203827248852	9544.453125
exact-r1	notify-B	original-cb0	create_ns	21626.875	1.061519856299912	21586.8828125
exact-r1	notify-B	original-cb0	remove_ns	9648.90625	1.5958865812125218	9624.3515625
exact-r1	notify-B	original-cb1	create_ns	21447.6171875	0.4612134082039981	21457.96484375
exact-r1	notify-B	original-cb1	remove_ns	9567.609375	0.654831439413401	9557.90625
exact-r1	notify-B	control-scx	create_ns	21433.296875	0.6073568611273198	21446.5390625
exact-r1	notify-B	control-scx	remove_ns	9591.546875	0.7816780476907114	9578.17578125
exact-r1	notify-B	control-disabled	create_ns	21285.4609375	0.9133659101994769	21344.54296875
exact-r1	notify-B	control-disabled	remove_ns	9514.75	0.40132670562037664	9514.20703125
exact-r1	guard-B	original-cb0	create_ns	21754.7265625	1.0837461447051318	21774.578125
exact-r1	guard-B	original-cb0	remove_ns	6987.2265625	2.315023580815305	6978.953125
exact-r1	guard-B	original-cb1	create_ns	21563.546875	0.7235152914704556	21586.08984375
exact-r1	guard-B	original-cb1	remove_ns	6967.203125	0.5400173842906902	6965.73046875
exact-r1	guard-B	control-scx	create_ns	21387.4453125	0.9811225610016013	21441.4921875
exact-r1	guard-B	control-scx	remove_ns	6961.0078125	0.687557793021474	6948.79296875
exact-r1	guard-B	control-disabled	create_ns	21336.5546875	0.5698913967868029	21386.3671875
exact-r1	guard-B	control-disabled	remove_ns	6924.9609375	0.32776920834960027	6923.0546875
exact-r1	base-B	original-cb0	create_ns	21452.5703125	1.6432525089299068	21403.37109375
exact-r1	base-B	original-cb0	remove_ns	6515.75	0.2804718972887198	6517.17578125
exact-r1	base-B	original-cb1	create_ns	21322.125	0.42443606898784003	21342.734375
exact-r1	base-B	original-cb1	remove_ns	6537.34375	0.36383860920313377	6537.375
exact-r1	base-B	control-scx	create_ns	21255.25	2.3814447778325087	21222.453125
exact-r1	base-B	control-scx	remove_ns	6501.4609375	0.3476388120367256	6503.95703125
exact-r1	base-B	control-disabled	create_ns	21166.9921875	0.7647135828866362	21172.51953125
exact-r1	base-B	control-disabled	remove_ns	6507.8125	0.3863439389273242	6523.23828125
exact-r2	base-A	original-cb0	create_ns	21208.9765625	0.5183023733050975	21195.203125
exact-r2	base-A	original-cb0	remove_ns	6533.3515625	2.390188090173338	6528.62109375
exact-r2	base-A	original-cb1	create_ns	21223.9140625	0.6235753705738236	21230.95703125
exact-r2	base-A	original-cb1	remove_ns	6504.921875	0.2491268773018172	6504.54296875
exact-r2	base-A	control-scx	create_ns	21205.875	0.46204493029389737	21186.83203125
exact-r2	base-A	control-scx	remove_ns	6501.9609375	0.4990328365359765	6505.23046875
exact-r2	base-A	control-disabled	create_ns	21128.34375	0.5676153644286296	21147.48828125
exact-r2	base-A	control-disabled	remove_ns	6504.25	0.33896118025601024	6502.27734375
exact-r2	guard-A	original-cb0	create_ns	21652.203125	1.496581729578775	21543.87890625
exact-r2	guard-A	original-cb0	remove_ns	6959.2265625	0.46062196283718926	6961.625
exact-r2	guard-A	original-cb1	create_ns	21279.6953125	1.0006214756577092	21294.46484375
exact-r2	guard-A	original-cb1	remove_ns	6964.3203125	0.5367674554774223	6971.44921875
exact-r2	guard-A	control-scx	create_ns	21084.9609375	1.1620602024631466	21161.24609375
exact-r2	guard-A	control-scx	remove_ns	6954.125	0.39579721818135083	6953.84765625
exact-r2	guard-A	control-disabled	create_ns	21113.6953125	1.2708130466972383	21115.37109375
exact-r2	guard-A	control-disabled	remove_ns	6956.109375	0.831033913237533	6962.10546875
exact-r2	notify-A	original-cb0	create_ns	21391.671875	1.6228641452714538	21379.26953125
exact-r2	notify-A	original-cb0	remove_ns	9632.171875	0.49080929096326253	9637.96484375
exact-r2	notify-A	original-cb1	create_ns	21320.109375	0.6308814753383807	21329.5234375
exact-r2	notify-A	original-cb1	remove_ns	9619.40625	0.6275510456002265	9627.78515625
exact-r2	notify-A	control-scx	create_ns	21190.9921875	1.9773248705331246	21212.48046875
exact-r2	notify-A	control-scx	remove_ns	9600.8984375	2.688690389897358	9600.04296875
exact-r2	notify-A	control-disabled	create_ns	21193.6953125	0.5861145223492323	21178.171875
exact-r2	notify-A	control-disabled	remove_ns	9552.9609375	0.454208946526646	9557.54296875
exact-r2	notify-B	original-cb0	create_ns	21540.9765625	1.3441902396618413	21519.28125
exact-r2	notify-B	original-cb0	remove_ns	9655.359375	1.665816946852677	9655.2578125
exact-r2	notify-B	original-cb1	create_ns	21377.046875	0.9813803588562333	21412.2734375
exact-r2	notify-B	original-cb1	remove_ns	9596.2421875	0.46958638675201586	9594.984375
exact-r2	notify-B	control-scx	create_ns	21328.8984375	0.6308704145170039	21339.48046875
exact-r2	notify-B	control-scx	remove_ns	9637.1640625	0.5293951060807376	9621.56640625
exact-r2	notify-B	control-disabled	create_ns	21256.8828125	0.8781625056454248	21259.17578125
exact-r2	notify-B	control-disabled	remove_ns	9558.328125	0.5418957562831394	9568.03125
exact-r2	guard-B	original-cb0	create_ns	21594.375	0.688025913470026	21587.5703125
exact-r2	guard-B	original-cb0	remove_ns	6924.953125	2.6808386294695574	6923.265625
exact-r2	guard-B	original-cb1	create_ns	21579.953125	2.1548177395643053	21593.109375
exact-r2	guard-B	original-cb1	remove_ns	6915.7109375	0.6351767925377788	6919.33203125
exact-r2	guard-B	control-scx	create_ns	21388.7734375	0.4876895107381792	21415.6640625
exact-r2	guard-B	control-scx	remove_ns	6930.3203125	0.6683210301579933	6918.0
exact-r2	guard-B	control-disabled	create_ns	21285.8046875	0.6828688550301606	21300.70703125
exact-r2	guard-B	control-disabled	remove_ns	6922.25	0.6858507610581248	6924.5859375
exact-r2	base-B	original-cb0	create_ns	21222.4140625	1.6724550545542636	21219.38671875
exact-r2	base-B	original-cb0	remove_ns	6548.71875	0.50198619837633	6550.47265625
exact-r2	base-B	original-cb1	create_ns	21129.7890625	0.5046191726991937	21137.46875
exact-r2	base-B	original-cb1	remove_ns	6542.5078125	0.4700348734286945	6544.61328125
exact-r2	base-B	control-scx	create_ns	21094.65625	0.5341311262715438	21067.4375
exact-r2	base-B	control-scx	remove_ns	6537.0234375	0.26152782314187967	6539.68359375
exact-r2	base-B	control-disabled	create_ns	21034.4453125	0.6101387371216629	21066.36328125
exact-r2	base-B	control-disabled	remove_ns	6527.515625	0.6909358639521238	6538.609375
root-reuse-r1	notify-A	original-cb0	create_ns	21139.3671875	1.5696501092035224	21131.2578125
root-reuse-r1	notify-A	original-cb0	remove_ns	9621.5703125	0.9349424434772678	9633.515625
root-reuse-r1	notify-A	original-cb1	create_ns	21113.0625	0.7939384602230524	21126.46484375
root-reuse-r1	notify-A	original-cb1	remove_ns	9593.78125	0.814651539301507	9599.1953125
root-reuse-r1	notify-A	control-scx	create_ns	21064.28125	0.6478874229298868	21062.9765625
root-reuse-r1	notify-A	control-scx	remove_ns	9592.1328125	0.6247133511119285	9597.921875
root-reuse-r1	notify-A	control-disabled	create_ns	20947.6640625	0.5223592491444197	20932.8125
root-reuse-r1	notify-A	control-disabled	remove_ns	9537.3984375	0.34972140784539824	9540.6640625
root-reuse-r1	prototype-A	original-cb0	create_ns	21433.8046875	2.665926413736891	21419.4765625
root-reuse-r1	prototype-A	original-cb0	remove_ns	9208.5703125	2.676215839748227	9218.5625
root-reuse-r1	prototype-A	original-cb1	create_ns	21357.40625	0.3173123945470663	21366.92578125
root-reuse-r1	prototype-A	original-cb1	remove_ns	9189.7734375	0.28561642140434973	9189.37890625
root-reuse-r1	prototype-A	control-scx	create_ns	21275.859375	0.6197434131264978	21269.54296875
root-reuse-r1	prototype-A	control-scx	remove_ns	9203.5	1.083719614827886	9199.87109375
root-reuse-r1	prototype-A	control-disabled	create_ns	21072.7421875	0.530859553477042	21054.41796875
root-reuse-r1	prototype-A	control-disabled	remove_ns	9162.2421875	0.6995631398644879	9168.80859375
root-reuse-r1	prototype-B	original-cb0	create_ns	21805.1640625	1.585739334848139	21770.6328125
root-reuse-r1	prototype-B	original-cb0	remove_ns	9165.984375	0.33406647771938414	9172.625
root-reuse-r1	prototype-B	original-cb1	create_ns	21593.703125	0.7778512639227265	21594.46484375
root-reuse-r1	prototype-B	original-cb1	remove_ns	9153.421875	0.36827514267428146	9147.64453125
root-reuse-r1	prototype-B	control-scx	create_ns	21560.2421875	0.7010642620086027	21546.24609375
root-reuse-r1	prototype-B	control-scx	remove_ns	9124.859375	0.6334543074001467	9137.1015625
root-reuse-r1	prototype-B	control-disabled	create_ns	21360.484375	1.4375112502533567	21400.80078125
root-reuse-r1	prototype-B	control-disabled	remove_ns	9121.8984375	0.316035415329994	9125.8828125
root-reuse-r1	notify-B	original-cb0	create_ns	21263.3515625	1.0222996988193052	21232.5
root-reuse-r1	notify-B	original-cb0	remove_ns	9645.671875	0.5669104241788987	9662.5078125
root-reuse-r1	notify-B	original-cb1	create_ns	21231.7734375	0.4925833855730497	21248.48828125
root-reuse-r1	notify-B	original-cb1	remove_ns	9604.9375	1.195928794303574	9616.6875
root-reuse-r1	notify-B	control-scx	create_ns	21164.8359375	0.9200129488796609	21170.1640625
root-reuse-r1	notify-B	control-scx	remove_ns	9612.8828125	0.257275675734895	9614.0234375
root-reuse-r1	notify-B	control-disabled	create_ns	21128.7109375	0.38406673135129193	21127.18359375
root-reuse-r1	notify-B	control-disabled	remove_ns	9578.59375	0.7905890360763143	9595.609375
mainline-r1	old-A	control-disabled	create_ns	18608.296875	7.044027910649545	18608.05859375
mainline-r1	old-A	control-disabled	remove_ns	9919.0078125	0.7495939607353351	9919.59765625
mainline-r1	latest	control-disabled	create_ns	18788.046875	7.50652716611484	18574.296875
mainline-r1	latest	control-disabled	remove_ns	9718.765625	0.5996611613463814	9717.359375
mainline-r1	old-B	control-disabled	create_ns	18766.90625	7.227179008870442	18759.90625
mainline-r1	old-B	control-disabled	remove_ns	9953.203125	0.5054026330950518	9962.35546875
