experiment	point	scenario	round	replicates	registration_ns	removal_ns	fill_ns	interval_ns	first_fill_ns_per_install	semantic_pass
original-v3	unpatched-a	original-F0-4096	0	1	NA	NA	487968	487968	119.132812	1
original-v3	unpatched-a	original-F0-4096	1	1	NA	NA	487191	487191	118.943115	1
original-v3	unpatched-a	original-F0-4096	2	1	NA	NA	488025	488025	119.146729	1
original-v3	unpatched-a	original-F0-4096	3	1	NA	NA	485119	485119	118.437256	1
original-v3	unpatched-a	original-F0-4096	4	1	NA	NA	483667	483667	118.082764	1
original-v3	unpatched-a	original-F0-4096	5	1	NA	NA	486231	486231	118.708740	1
original-v3	unpatched-a	original-F0-4096	6	1	NA	NA	484259	484259	118.227295	1
original-v3	unpatched-a	original-F0-4096	7	1	NA	NA	487358	487358	118.983887	1
original-v3	unpatched-a	original-F0-4096	8	1	NA	NA	487055	487055	118.909912	1
original-v3	unpatched-a	original-F0-4096	9	1	NA	NA	485696	485696	118.578125	1
original-v3	unpatched-a	original-F0-4096	10	1	NA	NA	486900	486900	118.872070	1
original-v3	unpatched-a	original-F0-4096	11	1	NA	NA	485171	485171	118.449951	1
original-v3	unpatched-a	original-F0-4096	12	1	NA	NA	484768	484768	118.351562	1
original-v3	unpatched-a	original-F0-4096	13	1	NA	NA	486470	486470	118.767090	1
original-v3	unpatched-a	original-F0-4096	14	1	NA	NA	484840	484840	118.369141	1
original-v3	unpatched-a	4096/4096	0	32	1628.562500	NA	480784.500000	482429.156250	NA	1
original-v3	unpatched-a	4096/4096	1	32	1458.437500	NA	479681.343750	481156.000000	NA	1
original-v3	unpatched-a	4096/4096	2	32	1460.343750	NA	479885.062500	481360.625000	NA	1
original-v3	unpatched-a	4096/4096	3	32	1456.468750	NA	481142.750000	482614.687500	NA	1
original-v3	unpatched-a	4096/4096	4	32	1452.187500	NA	479696.906250	481164.562500	NA	1
original-v3	unpatched-a	4096/4096	5	32	1445.156250	NA	480694.593750	482155.187500	NA	1
original-v3	unpatched-a	4096/4096	6	32	1521.656250	NA	478822.687500	480360.093750	NA	1
original-v3	unpatched-a	4096/4096	7	32	1667.750000	NA	478708.656250	480392.500000	NA	1
original-v3	unpatched-a	4096/4096	8	32	1493.750000	NA	478542.750000	480052.187500	NA	1
original-v3	unpatched-a	4096/4096	9	32	1673.843750	NA	478557.968750	480247.281250	NA	1
original-v3	unpatched-a	4096/4096	10	32	1447.156250	NA	478930.375000	480393.031250	NA	1
original-v3	unpatched-a	4096/4096	11	32	1555.625000	NA	478588.750000	480159.718750	NA	1
original-v3	unpatched-a	4096/4096	12	32	1571.000000	NA	479000.875000	480588.937500	NA	1
original-v3	unpatched-a	4096/4096	13	32	1563.937500	NA	478408.656250	479988.593750	NA	1
original-v3	unpatched-a	4096/4096	14	32	1443.093750	NA	478425.968750	479884.531250	NA	1
original-v3	unpatched-a	4096/64	0	32	1836.781250	NA	8165.812500	10018.625000	NA	1
original-v3	unpatched-a	4096/64	1	32	2150.218750	NA	8211.156250	10376.906250	NA	1
original-v3	unpatched-a	4096/64	2	32	2158.343750	NA	8167.812500	10341.718750	NA	1
original-v3	unpatched-a	4096/64	3	32	2122.656250	NA	8197.625000	10336.375000	NA	1
original-v3	unpatched-a	4096/64	4	32	2153.531250	NA	8209.906250	10379.250000	NA	1
original-v3	unpatched-a	4096/64	5	32	2117.312500	NA	8268.406250	10401.062500	NA	1
original-v3	unpatched-a	4096/64	6	32	2183.500000	NA	8178.000000	10377.375000	NA	1
original-v3	unpatched-a	4096/64	7	32	2194.906250	NA	8167.156250	10377.906250	NA	1
original-v3	unpatched-a	4096/64	8	32	2214.156250	NA	8154.562500	10384.468750	NA	1
original-v3	unpatched-a	4096/64	9	32	2059.875000	NA	8330.437500	10406.250000	NA	1
original-v3	unpatched-a	4096/64	10	32	1593.031250	NA	8289.093750	9898.437500	NA	1
original-v3	unpatched-a	4096/64	11	32	1664.218750	NA	8262.312500	9942.375000	NA	1
original-v3	unpatched-a	4096/64	12	32	1721.718750	NA	8382.031250	10120.062500	NA	1
original-v3	unpatched-a	4096/64	13	32	1507.156250	NA	8062.125000	9584.812500	NA	1
original-v3	unpatched-a	4096/64	14	32	1766.718750	NA	8147.656250	9930.687500	NA	1
original-v3	unpatched-a	128/128	0	32	397.156250	NA	16427.593750	16841.250000	NA	1
original-v3	unpatched-a	128/128	1	32	392.187500	NA	16159.000000	16567.437500	NA	1
original-v3	unpatched-a	128/128	2	32	377.125000	NA	15970.187500	16363.437500	NA	1
original-v3	unpatched-a	128/128	3	32	356.875000	NA	15833.156250	16207.218750	NA	1
original-v3	unpatched-a	128/128	4	32	357.750000	NA	15855.843750	16229.968750	NA	1
original-v3	unpatched-a	128/128	5	32	455.218750	NA	15940.968750	16413.906250	NA	1
original-v3	unpatched-a	128/128	6	32	326.937500	NA	15887.656250	16232.250000	NA	1
original-v3	unpatched-a	128/128	7	32	345.968750	NA	16224.343750	16587.812500	NA	1
original-v3	unpatched-a	128/128	8	32	358.812500	NA	15819.187500	16195.468750	NA	1
original-v3	unpatched-a	128/128	9	32	344.406250	NA	16063.281250	16424.437500	NA	1
original-v3	unpatched-a	128/128	10	32	350.781250	NA	15853.687500	16221.937500	NA	1
original-v3	unpatched-a	128/128	11	32	344.312500	NA	15769.843750	16133.187500	NA	1
original-v3	unpatched-a	128/128	12	32	340.593750	NA	15961.968750	16320.906250	NA	1
original-v3	unpatched-a	128/128	13	32	455.218750	NA	15814.781250	16286.125000	NA	1
original-v3	unpatched-a	128/128	14	32	435.218750	NA	16179.218750	16632.875000	NA	1
original-v3	p12-a	original-F0-4096	0	1	NA	NA	482547	482547	117.809326	1
original-v3	p12-a	original-F0-4096	1	1	NA	NA	483834	483834	118.123535	1
original-v3	p12-a	original-F0-4096	2	1	NA	NA	482098	482098	117.699707	1
original-v3	p12-a	original-F0-4096	3	1	NA	NA	482686	482686	117.843262	1
original-v3	p12-a	original-F0-4096	4	1	NA	NA	482324	482324	117.754883	1
original-v3	p12-a	original-F0-4096	5	1	NA	NA	479548	479548	117.077148	1
original-v3	p12-a	original-F0-4096	6	1	NA	NA	495567	495567	120.988037	1
original-v3	p12-a	original-F0-4096	7	1	NA	NA	481592	481592	117.576172	1
original-v3	p12-a	original-F0-4096	8	1	NA	NA	482192	482192	117.722656	1
original-v3	p12-a	original-F0-4096	9	1	NA	NA	480951	480951	117.419678	1
original-v3	p12-a	original-F0-4096	10	1	NA	NA	480079	480079	117.206787	1
original-v3	p12-a	original-F0-4096	11	1	NA	NA	483519	483519	118.046631	1
original-v3	p12-a	original-F0-4096	12	1	NA	NA	480663	480663	117.349365	1
original-v3	p12-a	original-F0-4096	13	1	NA	NA	492716	492716	120.291992	1
original-v3	p12-a	original-F0-4096	14	1	NA	NA	483172	483172	117.961914	1
original-v3	p12-a	4096/4096	0	32	1714.187500	NA	481210.718750	482942.437500	NA	1
original-v3	p12-a	4096/4096	1	32	1589.250000	NA	478743.718750	480349.375000	NA	1
original-v3	p12-a	4096/4096	2	32	1527.093750	NA	479512.875000	481056.031250	NA	1
original-v3	p12-a	4096/4096	3	32	1584.781250	NA	478959.875000	480560.281250	NA	1
original-v3	p12-a	4096/4096	4	32	1535.687500	NA	479941.593750	481493.406250	NA	1
original-v3	p12-a	4096/4096	5	32	1538.000000	NA	477988.125000	479541.812500	NA	1
original-v3	p12-a	4096/4096	6	32	1464.218750	NA	477610.625000	479090.281250	NA	1
original-v3	p12-a	4096/4096	7	32	1452.937500	NA	477639.156250	479107.531250	NA	1
original-v3	p12-a	4096/4096	8	32	1458.125000	NA	478447.125000	479920.812500	NA	1
original-v3	p12-a	4096/4096	9	32	1451.218750	NA	478152.312500	479619.093750	NA	1
original-v3	p12-a	4096/4096	10	32	1459.968750	NA	478398.937500	479874.218750	NA	1
original-v3	p12-a	4096/4096	11	32	1452.031250	NA	479349.156250	480816.562500	NA	1
original-v3	p12-a	4096/4096	12	32	1543.375000	NA	479053.968750	480612.875000	NA	1
original-v3	p12-a	4096/4096	13	32	1457.625000	NA	477989.687500	479462.468750	NA	1
original-v3	p12-a	4096/4096	14	32	1492.468750	NA	479284.000000	480792.000000	NA	1
original-v3	p12-a	4096/64	0	32	1969.687500	NA	8383.000000	10368.468750	NA	1
original-v3	p12-a	4096/64	1	32	2133.625000	NA	8130.093750	10279.843750	NA	1
original-v3	p12-a	4096/64	2	32	2143.593750	NA	8088.281250	10247.593750	NA	1
original-v3	p12-a	4096/64	3	32	2178.312500	NA	8061.187500	10256.187500	NA	1
original-v3	p12-a	4096/64	4	32	2157.875000	NA	8099.843750	10274.031250	NA	1
original-v3	p12-a	4096/64	5	32	2287.343750	NA	8111.375000	10414.968750	NA	1
original-v3	p12-a	4096/64	6	32	2128.156250	NA	8147.656250	10292.031250	NA	1
original-v3	p12-a	4096/64	7	32	1790.625000	NA	8162.843750	9973.125000	NA	1
original-v3	p12-a	4096/64	8	32	2054.125000	NA	8217.843750	10288.468750	NA	1
original-v3	p12-a	4096/64	9	32	2079.375000	NA	8084.812500	10180.562500	NA	1
original-v3	p12-a	4096/64	10	32	2015.218750	NA	8207.062500	10238.437500	NA	1
original-v3	p12-a	4096/64	11	32	1632.093750	NA	17882.375000	19530.343750	NA	1
original-v3	p12-a	4096/64	12	32	1945.593750	NA	8184.937500	10146.687500	NA	1
original-v3	p12-a	4096/64	13	32	2008.187500	NA	8130.500000	10154.906250	NA	1
original-v3	p12-a	4096/64	14	32	2177.406250	NA	8135.468750	10328.937500	NA	1
original-v3	p12-a	128/128	0	32	377.562500	NA	16075.812500	16469.531250	NA	1
original-v3	p12-a	128/128	1	32	386.968750	NA	15938.218750	16342.906250	NA	1
original-v3	p12-a	128/128	2	32	352.187500	NA	15773.093750	16140.750000	NA	1
original-v3	p12-a	128/128	3	32	347.281250	NA	15711.750000	16074.250000	NA	1
original-v3	p12-a	128/128	4	32	350.437500	NA	19436.093750	19802.187500	NA	1
original-v3	p12-a	128/128	5	32	357.375000	NA	16214.968750	16588.343750	NA	1
original-v3	p12-a	128/128	6	32	352.687500	NA	15632.812500	16000.968750	NA	1
original-v3	p12-a	128/128	7	32	365.687500	NA	15877.812500	16258.968750	NA	1
original-v3	p12-a	128/128	8	32	344.500000	NA	15769.781250	16129.781250	NA	1
original-v3	p12-a	128/128	9	32	442.031250	NA	16252.187500	16709.781250	NA	1
original-v3	p12-a	128/128	10	32	422.812500	NA	16183.343750	16622.062500	NA	1
original-v3	p12-a	128/128	11	32	433.781250	NA	16485.281250	16934.812500	NA	1
original-v3	p12-a	128/128	12	32	421.781250	NA	15821.343750	16258.843750	NA	1
original-v3	p12-a	128/128	13	32	552.656250	NA	15612.187500	16180.562500	NA	1
original-v3	p12-a	128/128	14	32	450.531250	NA	15588.187500	16054.625000	NA	1
original-v3	p123-a	original-F0-4096	0	1	NA	NA	441084	441084	107.686523	1
original-v3	p123-a	original-F0-4096	1	1	NA	NA	440062	440062	107.437012	1
original-v3	p123-a	original-F0-4096	2	1	NA	NA	439396	439396	107.274414	1
original-v3	p123-a	original-F0-4096	3	1	NA	NA	438254	438254	106.995605	1
original-v3	p123-a	original-F0-4096	4	1	NA	NA	439723	439723	107.354248	1
original-v3	p123-a	original-F0-4096	5	1	NA	NA	439519	439519	107.304443	1
original-v3	p123-a	original-F0-4096	6	1	NA	NA	458956	458956	112.049805	1
original-v3	p123-a	original-F0-4096	7	1	NA	NA	438938	438938	107.162598	1
original-v3	p123-a	original-F0-4096	8	1	NA	NA	438086	438086	106.954590	1
original-v3	p123-a	original-F0-4096	9	1	NA	NA	440733	440733	107.600830	1
original-v3	p123-a	original-F0-4096	10	1	NA	NA	452799	452799	110.546631	1
original-v3	p123-a	original-F0-4096	11	1	NA	NA	438328	438328	107.013672	1
original-v3	p123-a	original-F0-4096	12	1	NA	NA	439112	439112	107.205078	1
original-v3	p123-a	original-F0-4096	13	1	NA	NA	439578	439578	107.318848	1
original-v3	p123-a	original-F0-4096	14	1	NA	NA	450132	450132	109.895508	1
original-v3	p123-a	4096/4096	0	32	61757.500000	NA	432693.250000	494469.625000	NA	1
original-v3	p123-a	4096/4096	1	32	55376.375000	NA	433065.843750	488458.937500	NA	1
original-v3	p123-a	4096/4096	2	32	50891.687500	NA	432355.125000	483266.156250	NA	1
original-v3	p123-a	4096/4096	3	32	51741.843750	NA	432183.343750	483942.250000	NA	1
original-v3	p123-a	4096/4096	4	32	49404.562500	NA	433799.812500	483220.437500	NA	1
original-v3	p123-a	4096/4096	5	32	49566.062500	NA	432248.062500	481829.937500	NA	1
original-v3	p123-a	4096/4096	6	32	53170.093750	NA	432315.250000	485502.000000	NA	1
original-v3	p123-a	4096/4096	7	32	50716.000000	NA	433765.218750	484497.500000	NA	1
original-v3	p123-a	4096/4096	8	32	51407.125000	NA	433820.156250	485243.031250	NA	1
original-v3	p123-a	4096/4096	9	32	48915.781250	NA	432853.750000	481787.562500	NA	1
original-v3	p123-a	4096/4096	10	32	56159.562500	NA	432156.468750	488331.562500	NA	1
original-v3	p123-a	4096/4096	11	32	50963.875000	NA	432744.062500	483723.750000	NA	1
original-v3	p123-a	4096/4096	12	32	53317.125000	NA	432452.781250	485786.312500	NA	1
original-v3	p123-a	4096/4096	13	32	50432.187500	NA	433317.750000	483765.875000	NA	1
original-v3	p123-a	4096/4096	14	32	48247.187500	NA	433767.906250	482036.281250	NA	1
original-v3	p123-a	4096/64	0	32	60384.250000	NA	7392.312500	67793.968750	NA	1
original-v3	p123-a	4096/64	1	32	59119.062500	NA	7318.937500	66457.250000	NA	1
original-v3	p123-a	4096/64	2	32	60243.656250	NA	7452.781250	67714.281250	NA	1
original-v3	p123-a	4096/64	3	32	65484.812500	NA	7343.656250	72847.406250	NA	1
original-v3	p123-a	4096/64	4	32	68744.593750	NA	7360.843750	76125.625000	NA	1
original-v3	p123-a	4096/64	5	32	64076.718750	NA	7453.781250	71548.562500	NA	1
original-v3	p123-a	4096/64	6	32	68497.625000	NA	7351.500000	75869.750000	NA	1
original-v3	p123-a	4096/64	7	32	67054.375000	NA	11786.093750	78856.468750	NA	1
original-v3	p123-a	4096/64	8	32	55255.906250	NA	7333.875000	62607.031250	NA	1
original-v3	p123-a	4096/64	9	32	65497.375000	NA	7264.625000	72778.593750	NA	1
original-v3	p123-a	4096/64	10	32	64442.875000	NA	7471.187500	71933.468750	NA	1
original-v3	p123-a	4096/64	11	32	56935.531250	NA	7194.906250	64148.812500	NA	1
original-v3	p123-a	4096/64	12	32	82898.281250	NA	7406.968750	90321.437500	NA	1
original-v3	p123-a	4096/64	13	32	65706.562500	NA	7397.875000	73120.750000	NA	1
original-v3	p123-a	4096/64	14	32	57252.250000	NA	7253.187500	64522.906250	NA	1
original-v3	p123-a	128/128	0	32	2500.062500	NA	13985.062500	16501.031250	NA	1
original-v3	p123-a	128/128	1	32	2733.906250	NA	14064.218750	16814.625000	NA	1
original-v3	p123-a	128/128	2	32	2367.125000	NA	13874.875000	16257.625000	NA	1
original-v3	p123-a	128/128	3	32	2709.656250	NA	14113.562500	16839.531250	NA	1
original-v3	p123-a	128/128	4	32	2324.000000	NA	13853.281250	16192.687500	NA	1
original-v3	p123-a	128/128	5	32	2428.281250	NA	13880.406250	16324.781250	NA	1
original-v3	p123-a	128/128	6	32	2335.718750	NA	13932.125000	16283.500000	NA	1
original-v3	p123-a	128/128	7	32	2356.687500	NA	13969.593750	16341.750000	NA	1
original-v3	p123-a	128/128	8	32	2221.875000	NA	13854.906250	16093.062500	NA	1
original-v3	p123-a	128/128	9	32	2447.312500	NA	13891.875000	16355.593750	NA	1
original-v3	p123-a	128/128	10	32	2378.968750	NA	13883.531250	16280.000000	NA	1
original-v3	p123-a	128/128	11	32	2186.250000	NA	13990.968750	16192.968750	NA	1
original-v3	p123-a	128/128	12	32	2203.250000	NA	13823.875000	16042.718750	NA	1
original-v3	p123-a	128/128	13	32	2183.062500	NA	13990.750000	16189.250000	NA	1
original-v3	p123-a	128/128	14	32	2494.593750	NA	15139.375000	17649.437500	NA	1
original-v3	p123-b	original-F0-4096	0	1	NA	NA	440799	440799	107.616943	1
original-v3	p123-b	original-F0-4096	1	1	NA	NA	440863	440863	107.632568	1
original-v3	p123-b	original-F0-4096	2	1	NA	NA	437697	437697	106.859619	1
original-v3	p123-b	original-F0-4096	3	1	NA	NA	439310	439310	107.253418	1
original-v3	p123-b	original-F0-4096	4	1	NA	NA	454353	454353	110.926025	1
original-v3	p123-b	original-F0-4096	5	1	NA	NA	439604	439604	107.325195	1
original-v3	p123-b	original-F0-4096	6	1	NA	NA	438330	438330	107.014160	1
original-v3	p123-b	original-F0-4096	7	1	NA	NA	439138	439138	107.211426	1
original-v3	p123-b	original-F0-4096	8	1	NA	NA	438932	438932	107.161133	1
original-v3	p123-b	original-F0-4096	9	1	NA	NA	438771	438771	107.121826	1
original-v3	p123-b	original-F0-4096	10	1	NA	NA	438264	438264	106.998047	1
original-v3	p123-b	original-F0-4096	11	1	NA	NA	438837	438837	107.137939	1
original-v3	p123-b	original-F0-4096	12	1	NA	NA	440908	440908	107.643555	1
original-v3	p123-b	original-F0-4096	13	1	NA	NA	440697	440697	107.592041	1
original-v3	p123-b	original-F0-4096	14	1	NA	NA	436797	436797	106.639893	1
original-v3	p123-b	4096/4096	0	32	56467.843750	NA	434272.500000	490757.000000	NA	1
original-v3	p123-b	4096/4096	1	32	53384.250000	NA	434820.750000	488220.843750	NA	1
original-v3	p123-b	4096/4096	2	32	50156.093750	NA	435698.843750	485871.156250	NA	1
original-v3	p123-b	4096/4096	3	32	51859.687500	NA	435459.531250	487335.812500	NA	1
original-v3	p123-b	4096/4096	4	32	48245.062500	NA	435321.875000	483582.781250	NA	1
original-v3	p123-b	4096/4096	5	32	48502.343750	NA	435683.843750	484248.062500	NA	1
original-v3	p123-b	4096/4096	6	32	48201.156250	NA	435541.125000	483758.375000	NA	1
original-v3	p123-b	4096/4096	7	32	46913.812500	NA	435434.718750	482364.781250	NA	1
original-v3	p123-b	4096/4096	8	32	49211.531250	NA	435868.406250	485096.156250	NA	1
original-v3	p123-b	4096/4096	9	32	49710.281250	NA	435846.593750	485573.000000	NA	1
original-v3	p123-b	4096/4096	10	32	49476.562500	NA	435991.250000	485483.687500	NA	1
original-v3	p123-b	4096/4096	11	32	47741.750000	NA	436716.718750	484473.781250	NA	1
original-v3	p123-b	4096/4096	12	32	48272.968750	NA	436309.281250	484598.875000	NA	1
original-v3	p123-b	4096/4096	13	32	48968.875000	NA	435677.531250	484662.343750	NA	1
original-v3	p123-b	4096/4096	14	32	48090.656250	NA	435919.343750	484026.187500	NA	1
original-v3	p123-b	4096/64	0	32	58146.906250	NA	7402.093750	65566.593750	NA	1
original-v3	p123-b	4096/64	1	32	57881.906250	NA	7309.312500	65209.968750	NA	1
original-v3	p123-b	4096/64	2	32	56883.968750	NA	7235.156250	64136.687500	NA	1
original-v3	p123-b	4096/64	3	32	57055.687500	NA	7241.031250	64313.093750	NA	1
original-v3	p123-b	4096/64	4	32	63789.343750	NA	7482.625000	71290.906250	NA	1
original-v3	p123-b	4096/64	5	32	77509.812500	NA	7583.218750	85110.562500	NA	1
original-v3	p123-b	4096/64	6	32	67253.250000	NA	7467.562500	74738.031250	NA	1
original-v3	p123-b	4096/64	7	32	67510.406250	NA	7616.250000	75144.468750	NA	1
original-v3	p123-b	4096/64	8	32	65072.812500	NA	7590.187500	72679.562500	NA	1
original-v3	p123-b	4096/64	9	32	57146.468750	NA	7203.375000	64366.656250	NA	1
original-v3	p123-b	4096/64	10	32	57312.218750	NA	7215.812500	64545.718750	NA	1
original-v3	p123-b	4096/64	11	32	69583.187500	NA	7479.000000	77078.718750	NA	1
original-v3	p123-b	4096/64	12	32	62563.906250	NA	7229.625000	69811.562500	NA	1
original-v3	p123-b	4096/64	13	32	57569.093750	NA	7198.156250	64783.125000	NA	1
original-v3	p123-b	4096/64	14	32	58811.625000	NA	7229.656250	66057.375000	NA	1
original-v3	p123-b	128/128	0	32	2369.156250	NA	13828.843750	16214.375000	NA	1
original-v3	p123-b	128/128	1	32	2431.718750	NA	13884.781250	16332.062500	NA	1
original-v3	p123-b	128/128	2	32	2395.562500	NA	15001.125000	17412.406250	NA	1
original-v3	p123-b	128/128	3	32	2374.718750	NA	13995.593750	16385.625000	NA	1
original-v3	p123-b	128/128	4	32	2377.062500	NA	13861.156250	16253.937500	NA	1
original-v3	p123-b	128/128	5	32	2368.468750	NA	13874.687500	16258.468750	NA	1
original-v3	p123-b	128/128	6	32	2674.187500	NA	14001.656250	16691.281250	NA	1
original-v3	p123-b	128/128	7	32	2441.187500	NA	13782.375000	16239.093750	NA	1
original-v3	p123-b	128/128	8	32	2594.968750	NA	13794.062500	16404.437500	NA	1
original-v3	p123-b	128/128	9	32	2487.093750	NA	13812.093750	16314.812500	NA	1
original-v3	p123-b	128/128	10	32	2662.593750	NA	13805.812500	16487.312500	NA	1
original-v3	p123-b	128/128	11	32	2476.125000	NA	13861.750000	16353.687500	NA	1
original-v3	p123-b	128/128	12	32	2433.781250	NA	13816.093750	16265.843750	NA	1
original-v3	p123-b	128/128	13	32	2360.750000	NA	13789.781250	16166.000000	NA	1
original-v3	p123-b	128/128	14	32	2772.312500	NA	13822.343750	16609.968750	NA	1
original-v3	p12-b	original-F0-4096	0	1	NA	NA	484174	484174	118.206543	1
original-v3	p12-b	original-F0-4096	1	1	NA	NA	481567	481567	117.570068	1
original-v3	p12-b	original-F0-4096	2	1	NA	NA	483436	483436	118.026367	1
original-v3	p12-b	original-F0-4096	3	1	NA	NA	480930	480930	117.414551	1
original-v3	p12-b	original-F0-4096	4	1	NA	NA	481682	481682	117.598145	1
original-v3	p12-b	original-F0-4096	5	1	NA	NA	481983	481983	117.671631	1
original-v3	p12-b	original-F0-4096	6	1	NA	NA	481166	481166	117.472168	1
original-v3	p12-b	original-F0-4096	7	1	NA	NA	484885	484885	118.380127	1
original-v3	p12-b	original-F0-4096	8	1	NA	NA	480235	480235	117.244873	1
original-v3	p12-b	original-F0-4096	9	1	NA	NA	482209	482209	117.726807	1
original-v3	p12-b	original-F0-4096	10	1	NA	NA	480574	480574	117.327637	1
original-v3	p12-b	original-F0-4096	11	1	NA	NA	517607	517607	126.368896	1
original-v3	p12-b	original-F0-4096	12	1	NA	NA	481429	481429	117.536377	1
original-v3	p12-b	original-F0-4096	13	1	NA	NA	480825	480825	117.388916	1
original-v3	p12-b	original-F0-4096	14	1	NA	NA	482221	482221	117.729736	1
original-v3	p12-b	4096/4096	0	32	1706.312500	NA	476265.437500	477987.437500	NA	1
original-v3	p12-b	4096/4096	1	32	1506.250000	NA	477446.031250	478967.781250	NA	1
original-v3	p12-b	4096/4096	2	32	1484.218750	NA	476923.187500	478423.000000	NA	1
original-v3	p12-b	4096/4096	3	32	1470.906250	NA	476985.625000	478472.031250	NA	1
original-v3	p12-b	4096/4096	4	32	1535.156250	NA	476506.031250	478058.000000	NA	1
original-v3	p12-b	4096/4096	5	32	1456.937500	NA	477854.093750	479326.406250	NA	1
original-v3	p12-b	4096/4096	6	32	1458.093750	NA	476878.812500	478352.437500	NA	1
original-v3	p12-b	4096/4096	7	32	1447.031250	NA	477192.281250	478654.937500	NA	1
original-v3	p12-b	4096/4096	8	32	1449.406250	NA	477874.156250	479338.937500	NA	1
original-v3	p12-b	4096/4096	9	32	1459.437500	NA	477777.156250	479251.937500	NA	1
original-v3	p12-b	4096/4096	10	32	1445.906250	NA	477951.437500	479412.968750	NA	1
original-v3	p12-b	4096/4096	11	32	1451.500000	NA	477285.437500	478752.437500	NA	1
original-v3	p12-b	4096/4096	12	32	1453.218750	NA	478491.312500	479960.031250	NA	1
original-v3	p12-b	4096/4096	13	32	1460.750000	NA	477111.562500	478587.718750	NA	1
original-v3	p12-b	4096/4096	14	32	1460.781250	NA	477475.625000	478952.031250	NA	1
original-v3	p12-b	4096/64	0	32	1849.031250	NA	8182.062500	10048.531250	NA	1
original-v3	p12-b	4096/64	1	32	1940.968750	NA	8143.281250	10100.062500	NA	1
original-v3	p12-b	4096/64	2	32	1989.812500	NA	8106.437500	10112.031250	NA	1
original-v3	p12-b	4096/64	3	32	1961.687500	NA	8167.718750	10145.062500	NA	1
original-v3	p12-b	4096/64	4	32	1980.875000	NA	8260.000000	10256.875000	NA	1
original-v3	p12-b	4096/64	5	32	1970.843750	NA	8128.281250	10114.562500	NA	1
original-v3	p12-b	4096/64	6	32	2003.562500	NA	8224.437500	10243.562500	NA	1
original-v3	p12-b	4096/64	7	32	1939.093750	NA	8142.406250	10097.093750	NA	1
original-v3	p12-b	4096/64	8	32	1936.343750	NA	8187.906250	10139.687500	NA	1
original-v3	p12-b	4096/64	9	32	1962.781250	NA	8079.218750	10057.781250	NA	1
original-v3	p12-b	4096/64	10	32	1640.781250	NA	8277.281250	9933.937500	NA	1
original-v3	p12-b	4096/64	11	32	1698.843750	NA	8134.062500	9848.781250	NA	1
original-v3	p12-b	4096/64	12	32	1914.843750	NA	8123.468750	10054.406250	NA	1
original-v3	p12-b	4096/64	13	32	1617.218750	NA	8279.093750	9911.968750	NA	1
original-v3	p12-b	4096/64	14	32	1736.718750	NA	8169.812500	9922.843750	NA	1
original-v3	p12-b	128/128	0	32	389.281250	NA	16010.125000	16416.625000	NA	1
original-v3	p12-b	128/128	1	32	378.156250	NA	15870.968750	16267.156250	NA	1
original-v3	p12-b	128/128	2	32	361.312500	NA	15775.625000	16154.250000	NA	1
original-v3	p12-b	128/128	3	32	343.750000	NA	15783.031250	16142.812500	NA	1
original-v3	p12-b	128/128	4	32	353.312500	NA	15752.343750	16121.937500	NA	1
original-v3	p12-b	128/128	5	32	358.312500	NA	15765.500000	16140.875000	NA	1
original-v3	p12-b	128/128	6	32	339.625000	NA	15680.281250	16036.437500	NA	1
original-v3	p12-b	128/128	7	32	354.968750	NA	15853.343750	16224.218750	NA	1
original-v3	p12-b	128/128	8	32	346.156250	NA	16028.187500	16389.875000	NA	1
original-v3	p12-b	128/128	9	32	357.437500	NA	16327.406250	16702.437500	NA	1
original-v3	p12-b	128/128	10	32	420.218750	NA	16032.468750	16470.531250	NA	1
original-v3	p12-b	128/128	11	32	443.812500	NA	16035.156250	16495.937500	NA	1
original-v3	p12-b	128/128	12	32	435.343750	NA	16364.312500	16817.093750	NA	1
original-v3	p12-b	128/128	13	32	411.875000	NA	15886.343750	16315.500000	NA	1
original-v3	p12-b	128/128	14	32	417.125000	NA	16345.906250	16778.906250	NA	1
original-v3	unpatched-b	original-F0-4096	0	1	NA	NA	493335	493335	120.443115	1
original-v3	unpatched-b	original-F0-4096	1	1	NA	NA	490690	490690	119.797363	1
original-v3	unpatched-b	original-F0-4096	2	1	NA	NA	490273	490273	119.695557	1
original-v3	unpatched-b	original-F0-4096	3	1	NA	NA	491106	491106	119.898926	1
original-v3	unpatched-b	original-F0-4096	4	1	NA	NA	488619	488619	119.291748	1
original-v3	unpatched-b	original-F0-4096	5	1	NA	NA	499411	499411	121.926514	1
original-v3	unpatched-b	original-F0-4096	6	1	NA	NA	487842	487842	119.102051	1
original-v3	unpatched-b	original-F0-4096	7	1	NA	NA	494973	494973	120.843018	1
original-v3	unpatched-b	original-F0-4096	8	1	NA	NA	495910	495910	121.071777	1
original-v3	unpatched-b	original-F0-4096	9	1	NA	NA	488788	488788	119.333008	1
original-v3	unpatched-b	original-F0-4096	10	1	NA	NA	490371	490371	119.719482	1
original-v3	unpatched-b	original-F0-4096	11	1	NA	NA	492172	492172	120.159180	1
original-v3	unpatched-b	original-F0-4096	12	1	NA	NA	500122	500122	122.100098	1
original-v3	unpatched-b	original-F0-4096	13	1	NA	NA	488584	488584	119.283203	1
original-v3	unpatched-b	original-F0-4096	14	1	NA	NA	491825	491825	120.074463	1
original-v3	unpatched-b	4096/4096	0	32	1781.562500	NA	477939.906250	479738.500000	NA	1
original-v3	unpatched-b	4096/4096	1	32	1534.625000	NA	476297.125000	477847.218750	NA	1
original-v3	unpatched-b	4096/4096	2	32	1593.281250	NA	476787.468750	478396.281250	NA	1
original-v3	unpatched-b	4096/4096	3	32	1448.093750	NA	476162.531250	477626.312500	NA	1
original-v3	unpatched-b	4096/4096	4	32	1466.250000	NA	476976.031250	478457.843750	NA	1
original-v3	unpatched-b	4096/4096	5	32	1448.906250	NA	476322.281250	477786.656250	NA	1
original-v3	unpatched-b	4096/4096	6	32	1451.031250	NA	477526.343750	478993.093750	NA	1
original-v3	unpatched-b	4096/4096	7	32	1455.562500	NA	477583.812500	479055.062500	NA	1
original-v3	unpatched-b	4096/4096	8	32	1447.468750	NA	476237.187500	477700.406250	NA	1
original-v3	unpatched-b	4096/4096	9	32	1453.812500	NA	476470.187500	477939.625000	NA	1
original-v3	unpatched-b	4096/4096	10	32	1517.437500	NA	476996.562500	478529.625000	NA	1
original-v3	unpatched-b	4096/4096	11	32	1458.687500	NA	479811.218750	481285.218750	NA	1
original-v3	unpatched-b	4096/4096	12	32	1449.843750	NA	476515.156250	477980.500000	NA	1
original-v3	unpatched-b	4096/4096	13	32	1447.125000	NA	477591.656250	479054.343750	NA	1
original-v3	unpatched-b	4096/4096	14	32	1462.812500	NA	476409.156250	477887.625000	NA	1
original-v3	unpatched-b	4096/64	0	32	2027.531250	NA	8201.281250	10244.937500	NA	1
original-v3	unpatched-b	4096/64	1	32	2098.562500	NA	8179.906250	10294.218750	NA	1
original-v3	unpatched-b	4096/64	2	32	2095.156250	NA	8152.468750	10263.343750	NA	1
original-v3	unpatched-b	4096/64	3	32	2038.187500	NA	8204.500000	10258.375000	NA	1
original-v3	unpatched-b	4096/64	4	32	2070.125000	NA	8181.062500	10266.625000	NA	1
original-v3	unpatched-b	4096/64	5	32	2115.031250	NA	8185.000000	10316.031250	NA	1
original-v3	unpatched-b	4096/64	6	32	1924.250000	NA	8175.187500	10115.093750	NA	1
original-v3	unpatched-b	4096/64	7	32	2122.875000	NA	8158.531250	10296.812500	NA	1
original-v3	unpatched-b	4096/64	8	32	2171.781250	NA	8163.093750	10350.531250	NA	1
original-v3	unpatched-b	4096/64	9	32	2182.906250	NA	8331.250000	10529.812500	NA	1
original-v3	unpatched-b	4096/64	10	32	1669.500000	NA	8063.843750	9749.093750	NA	1
original-v3	unpatched-b	4096/64	11	32	2047.906250	NA	8166.656250	10230.437500	NA	1
original-v3	unpatched-b	4096/64	12	32	2180.250000	NA	8152.281250	10348.406250	NA	1
original-v3	unpatched-b	4096/64	13	32	1656.125000	NA	8117.031250	9789.000000	NA	1
original-v3	unpatched-b	4096/64	14	32	1772.437500	NA	8246.656250	10034.687500	NA	1
original-v3	unpatched-b	128/128	0	32	421.937500	NA	16138.093750	16576.968750	NA	1
original-v3	unpatched-b	128/128	1	32	378.437500	NA	16115.968750	16510.218750	NA	1
original-v3	unpatched-b	128/128	2	32	353.343750	NA	16972.031250	17341.125000	NA	1
original-v3	unpatched-b	128/128	3	32	379.093750	NA	15867.687500	16262.937500	NA	1
original-v3	unpatched-b	128/128	4	32	451.125000	NA	15824.718750	16291.125000	NA	1
original-v3	unpatched-b	128/128	5	32	340.968750	NA	15991.312500	16348.062500	NA	1
original-v3	unpatched-b	128/128	6	32	326.375000	NA	15784.250000	16126.250000	NA	1
original-v3	unpatched-b	128/128	7	32	426.000000	NA	15754.187500	16196.187500	NA	1
original-v3	unpatched-b	128/128	8	32	451.750000	NA	16102.625000	16569.843750	NA	1
original-v3	unpatched-b	128/128	9	32	357.343750	NA	15921.937500	16295.218750	NA	1
original-v3	unpatched-b	128/128	10	32	327.281250	NA	15970.093750	16313.500000	NA	1
original-v3	unpatched-b	128/128	11	32	429.281250	NA	16191.875000	16637.031250	NA	1
original-v3	unpatched-b	128/128	12	32	417.250000	NA	15845.562500	16278.593750	NA	1
original-v3	unpatched-b	128/128	13	32	328.500000	NA	15630.812500	15974.937500	NA	1
original-v3	unpatched-b	128/128	14	32	335.843750	NA	15934.625000	16286.250000	NA	1
lifecycle-followup	unpatched-a	serial-4096-64	0	32	2110.843750	0.000000	8198.437500	10328.156250	NA	1
lifecycle-followup	unpatched-a	serial-4096-64	1	32	2146.906250	0.000000	8385.000000	10547.593750	NA	1
lifecycle-followup	unpatched-a	serial-4096-64	2	32	2179.093750	0.000000	8238.718750	10434.031250	NA	1
lifecycle-followup	unpatched-a	serial-4096-64	3	32	2199.187500	0.000000	8217.625000	10433.343750	NA	1
lifecycle-followup	unpatched-a	serial-4096-64	4	32	2206.062500	0.000000	8221.093750	10443.500000	NA	1
lifecycle-followup	unpatched-a	serial-4096-64	5	32	2228.031250	0.000000	8239.156250	10483.406250	NA	1
lifecycle-followup	unpatched-a	serial-4096-64	6	32	2191.125000	0.000000	8304.468750	10512.093750	NA	1
lifecycle-followup	unpatched-a	serial-4096-64	7	32	2171.312500	0.000000	8211.875000	10399.781250	NA	1
lifecycle-followup	unpatched-a	serial-4096-64	8	32	2187.906250	0.000000	8224.843750	10429.718750	NA	1
lifecycle-followup	unpatched-a	serial-4096-64	9	32	2155.156250	0.000000	8207.875000	10378.468750	NA	1
lifecycle-followup	unpatched-a	serial-4096-64	10	32	2230.187500	0.000000	8226.500000	10474.656250	NA	1
lifecycle-followup	unpatched-a	serial-4096-64	11	32	1824.250000	0.000000	8200.718750	10041.906250	NA	1
lifecycle-followup	unpatched-a	serial-4096-64	12	32	1685.250000	0.000000	8231.531250	9933.718750	NA	1
lifecycle-followup	unpatched-a	serial-4096-64	13	32	2018.281250	0.000000	8234.968750	10270.187500	NA	1
lifecycle-followup	unpatched-a	serial-4096-64	14	32	1937.343750	0.000000	8515.843750	10469.062500	NA	1
lifecycle-followup	unpatched-a	paced-4096-64	0	32	5828.531250	0.000000	14596.281250	20453.843750	NA	1
lifecycle-followup	unpatched-a	paced-4096-64	1	32	5780.500000	0.000000	14475.000000	20285.812500	NA	1
lifecycle-followup	unpatched-a	paced-4096-64	2	32	5903.437500	0.000000	15056.343750	20989.937500	NA	1
lifecycle-followup	unpatched-a	paced-4096-64	3	32	5881.250000	0.000000	14317.562500	20228.250000	NA	1
lifecycle-followup	unpatched-a	paced-4096-64	4	32	5883.218750	0.000000	14774.437500	20686.062500	NA	1
lifecycle-followup	unpatched-a	paced-4096-64	5	32	5908.625000	0.000000	14215.781250	20154.093750	NA	1
lifecycle-followup	unpatched-a	paced-4096-64	6	32	5805.218750	0.000000	14122.968750	19959.375000	NA	1
lifecycle-followup	unpatched-a	paced-4096-64	7	32	5870.562500	0.000000	14235.218750	20137.437500	NA	1
lifecycle-followup	unpatched-a	paced-4096-64	8	32	5849.468750	0.000000	14586.750000	20465.937500	NA	1
lifecycle-followup	unpatched-a	paced-4096-64	9	32	5914.187500	0.000000	14134.343750	20078.343750	NA	1
lifecycle-followup	unpatched-a	paced-4096-64	10	32	5838.468750	0.000000	14422.156250	20289.625000	NA	1
lifecycle-followup	unpatched-a	paced-4096-64	11	32	6151.468750	0.000000	14167.812500	20349.093750	NA	1
lifecycle-followup	unpatched-a	paced-4096-64	12	32	6292.093750	0.000000	14729.968750	21052.750000	NA	1
lifecycle-followup	unpatched-a	paced-4096-64	13	32	5905.468750	0.000000	14264.406250	20197.750000	NA	1
lifecycle-followup	unpatched-a	paced-4096-64	14	32	5867.718750	0.000000	14565.343750	20462.531250	NA	1
lifecycle-followup	unpatched-a	paced-4096-4096	0	32	6296.843750	0.000000	513236.531250	519558.875000	NA	1
lifecycle-followup	unpatched-a	paced-4096-4096	1	32	5942.250000	0.000000	513596.343750	519564.500000	NA	1
lifecycle-followup	unpatched-a	paced-4096-4096	2	32	5984.625000	0.000000	512493.031250	518503.968750	NA	1
lifecycle-followup	unpatched-a	paced-4096-4096	3	32	5989.625000	0.000000	513073.468750	519088.937500	NA	1
lifecycle-followup	unpatched-a	paced-4096-4096	4	32	5986.875000	0.000000	512447.531250	518460.531250	NA	1
lifecycle-followup	unpatched-a	paced-4096-4096	5	32	6061.687500	0.000000	513958.937500	520046.718750	NA	1
lifecycle-followup	unpatched-a	paced-4096-4096	6	32	5998.718750	0.000000	512230.687500	518255.250000	NA	1
lifecycle-followup	unpatched-a	paced-4096-4096	7	32	6327.562500	0.000000	513871.375000	520224.687500	NA	1
lifecycle-followup	unpatched-a	paced-4096-4096	8	32	5950.718750	0.000000	513743.281250	519720.250000	NA	1
lifecycle-followup	unpatched-a	paced-4096-4096	9	32	6017.906250	0.000000	512023.250000	518067.062500	NA	1
lifecycle-followup	unpatched-a	paced-4096-4096	10	32	5993.250000	0.000000	513546.562500	519566.375000	NA	1
lifecycle-followup	unpatched-a	paced-4096-4096	11	32	6031.062500	0.000000	512089.656250	518146.718750	NA	1
lifecycle-followup	unpatched-a	paced-4096-4096	12	32	6328.031250	0.000000	512828.000000	519181.656250	NA	1
lifecycle-followup	unpatched-a	paced-4096-4096	13	32	5899.937500	0.000000	513038.343750	518964.281250	NA	1
lifecycle-followup	unpatched-a	paced-4096-4096	14	32	6019.468750	0.000000	512687.343750	518732.968750	NA	1
lifecycle-followup	unpatched-a	paced-128-128	0	32	2095.437500	0.000000	22546.031250	24670.718750	NA	1
lifecycle-followup	unpatched-a	paced-128-128	1	32	2088.562500	0.000000	22465.843750	24582.937500	NA	1
lifecycle-followup	unpatched-a	paced-128-128	2	32	2077.500000	0.000000	22899.156250	25004.562500	NA	1
lifecycle-followup	unpatched-a	paced-128-128	3	32	2126.281250	0.000000	22639.781250	24793.625000	NA	1
lifecycle-followup	unpatched-a	paced-128-128	4	32	2381.812500	0.000000	22962.343750	25371.500000	NA	1
lifecycle-followup	unpatched-a	paced-128-128	5	32	2084.000000	0.000000	22910.156250	25025.187500	NA	1
lifecycle-followup	unpatched-a	paced-128-128	6	32	2091.593750	0.000000	22967.062500	25087.718750	NA	1
lifecycle-followup	unpatched-a	paced-128-128	7	32	2085.593750	0.000000	22602.625000	24715.937500	NA	1
lifecycle-followup	unpatched-a	paced-128-128	8	32	2098.406250	0.000000	23017.781250	25146.437500	NA	1
lifecycle-followup	unpatched-a	paced-128-128	9	32	2060.906250	0.000000	23372.218750	25462.406250	NA	1
lifecycle-followup	unpatched-a	paced-128-128	10	32	2124.500000	0.000000	22466.843750	24619.687500	NA	1
lifecycle-followup	unpatched-a	paced-128-128	11	32	2120.968750	0.000000	23367.812500	25519.812500	NA	1
lifecycle-followup	unpatched-a	paced-128-128	12	32	2086.906250	0.000000	23050.000000	25165.156250	NA	1
lifecycle-followup	unpatched-a	paced-128-128	13	32	2105.468750	0.000000	22511.531250	24646.093750	NA	1
lifecycle-followup	unpatched-a	paced-128-128	14	32	2142.281250	0.000000	22494.375000	24665.937500	NA	1
lifecycle-followup	unpatched-a	reuse-4096-4096	0	32	0.000000	233079.562500	479912.375000	713011.093750	NA	1
lifecycle-followup	unpatched-a	reuse-4096-4096	1	32	0.000000	233178.937500	479827.531250	713022.093750	NA	1
lifecycle-followup	unpatched-a	reuse-4096-4096	2	32	0.000000	233453.812500	479787.062500	713256.375000	NA	1
lifecycle-followup	unpatched-a	reuse-4096-4096	3	32	0.000000	232760.093750	479298.875000	712074.343750	NA	1
lifecycle-followup	unpatched-a	reuse-4096-4096	4	32	0.000000	232784.375000	479761.312500	712561.500000	NA	1
lifecycle-followup	unpatched-a	reuse-4096-4096	5	32	0.000000	232777.375000	480011.437500	712804.375000	NA	1
lifecycle-followup	unpatched-a	reuse-4096-4096	6	32	0.000000	232526.000000	479564.250000	712106.093750	NA	1
lifecycle-followup	unpatched-a	reuse-4096-4096	7	32	0.000000	233083.156250	479528.062500	712627.062500	NA	1
lifecycle-followup	unpatched-a	reuse-4096-4096	8	32	0.000000	233142.062500	479753.156250	712910.843750	NA	1
lifecycle-followup	unpatched-a	reuse-4096-4096	9	32	0.000000	232715.250000	479470.187500	712201.062500	NA	1
lifecycle-followup	unpatched-a	reuse-4096-4096	10	32	0.000000	232932.937500	479483.218750	712431.812500	NA	1
lifecycle-followup	unpatched-a	reuse-4096-4096	11	32	0.000000	232849.500000	479760.312500	712625.406250	NA	1
lifecycle-followup	unpatched-a	reuse-4096-4096	12	32	0.000000	232579.437500	479397.468750	711992.718750	NA	1
lifecycle-followup	unpatched-a	reuse-4096-4096	13	32	0.000000	232325.125000	479538.000000	711878.718750	NA	1
lifecycle-followup	unpatched-a	reuse-4096-4096	14	32	0.000000	232418.500000	479464.312500	711898.625000	NA	1
lifecycle-followup	unpatched-a	reuse-4096-64	0	32	0.000000	2334.656250	7048.593750	9399.156250	NA	1
lifecycle-followup	unpatched-a	reuse-4096-64	1	32	0.000000	2348.656250	6971.968750	9336.843750	NA	1
lifecycle-followup	unpatched-a	reuse-4096-64	2	32	0.000000	2487.343750	6997.750000	9500.593750	NA	1
lifecycle-followup	unpatched-a	reuse-4096-64	3	32	0.000000	2567.062500	6949.937500	9534.375000	NA	1
lifecycle-followup	unpatched-a	reuse-4096-64	4	32	0.000000	2493.312500	6957.312500	9469.781250	NA	1
lifecycle-followup	unpatched-a	reuse-4096-64	5	32	0.000000	2490.781250	6942.593750	9449.281250	NA	1
lifecycle-followup	unpatched-a	reuse-4096-64	6	32	0.000000	2484.843750	6986.000000	9486.781250	NA	1
lifecycle-followup	unpatched-a	reuse-4096-64	7	32	0.000000	2481.937500	6991.781250	9489.750000	NA	1
lifecycle-followup	unpatched-a	reuse-4096-64	8	32	0.000000	2486.093750	6938.250000	9443.531250	NA	1
lifecycle-followup	unpatched-a	reuse-4096-64	9	32	0.000000	2488.500000	6946.375000	9450.625000	NA	1
lifecycle-followup	unpatched-a	reuse-4096-64	10	32	0.000000	2489.406250	6983.906250	9489.125000	NA	1
lifecycle-followup	unpatched-a	reuse-4096-64	11	32	0.000000	2489.000000	6981.750000	9489.781250	NA	1
lifecycle-followup	unpatched-a	reuse-4096-64	12	32	0.000000	2483.093750	6934.843750	9433.656250	NA	1
lifecycle-followup	unpatched-a	reuse-4096-64	13	32	0.000000	2488.000000	6935.125000	9438.906250	NA	1
lifecycle-followup	unpatched-a	reuse-4096-64	14	32	0.000000	2525.781250	6965.875000	9507.468750	NA	1
lifecycle-followup	p12-a	serial-4096-64	0	32	2023.843750	0.000000	8389.062500	10429.437500	NA	1
lifecycle-followup	p12-a	serial-4096-64	1	32	2049.656250	0.000000	8270.250000	10335.562500	NA	1
lifecycle-followup	p12-a	serial-4096-64	2	32	2078.437500	0.000000	8171.468750	10265.375000	NA	1
lifecycle-followup	p12-a	serial-4096-64	3	32	2048.125000	0.000000	8163.968750	10227.781250	NA	1
lifecycle-followup	p12-a	serial-4096-64	4	32	2147.531250	0.000000	8215.093750	10378.062500	NA	1
lifecycle-followup	p12-a	serial-4096-64	5	32	2127.062500	0.000000	8192.125000	10334.625000	NA	1
lifecycle-followup	p12-a	serial-4096-64	6	32	2038.687500	0.000000	8150.281250	10204.562500	NA	1
lifecycle-followup	p12-a	serial-4096-64	7	32	2080.750000	0.000000	8153.156250	10249.250000	NA	1
lifecycle-followup	p12-a	serial-4096-64	8	32	1877.562500	0.000000	17477.343750	19370.375000	NA	1
lifecycle-followup	p12-a	serial-4096-64	9	32	2012.687500	0.000000	8166.937500	10194.968750	NA	1
lifecycle-followup	p12-a	serial-4096-64	10	32	1538.312500	0.000000	17195.593750	18749.437500	NA	1
lifecycle-followup	p12-a	serial-4096-64	11	32	1752.625000	0.000000	8229.156250	9997.687500	NA	1
lifecycle-followup	p12-a	serial-4096-64	12	32	1556.875000	0.000000	8457.750000	10029.843750	NA	1
lifecycle-followup	p12-a	serial-4096-64	13	32	1856.781250	0.000000	8214.750000	10087.156250	NA	1
lifecycle-followup	p12-a	serial-4096-64	14	32	1534.781250	0.000000	8196.562500	9746.812500	NA	1
lifecycle-followup	p12-a	paced-4096-64	0	32	5794.843750	0.000000	15092.000000	20915.406250	NA	1
lifecycle-followup	p12-a	paced-4096-64	1	32	5878.625000	0.000000	15028.343750	20935.062500	NA	1
lifecycle-followup	p12-a	paced-4096-64	2	32	5821.843750	0.000000	15599.093750	21449.312500	NA	1
lifecycle-followup	p12-a	paced-4096-64	3	32	5945.437500	0.000000	14976.593750	20950.250000	NA	1
lifecycle-followup	p12-a	paced-4096-64	4	32	5808.781250	0.000000	15037.062500	20872.500000	NA	1
lifecycle-followup	p12-a	paced-4096-64	5	32	5856.281250	0.000000	14986.531250	20871.250000	NA	1
lifecycle-followup	p12-a	paced-4096-64	6	32	6160.562500	0.000000	15072.531250	21260.000000	NA	1
lifecycle-followup	p12-a	paced-4096-64	7	32	5650.593750	0.000000	14908.656250	20588.625000	NA	1
lifecycle-followup	p12-a	paced-4096-64	8	32	6233.093750	0.000000	15426.687500	21688.656250	NA	1
lifecycle-followup	p12-a	paced-4096-64	9	32	5817.718750	0.000000	15033.906250	20879.000000	NA	1
lifecycle-followup	p12-a	paced-4096-64	10	32	5793.093750	0.000000	14913.937500	20735.468750	NA	1
lifecycle-followup	p12-a	paced-4096-64	11	32	5796.968750	0.000000	15037.062500	20861.093750	NA	1
lifecycle-followup	p12-a	paced-4096-64	12	32	5839.406250	0.000000	15535.781250	21404.875000	NA	1
lifecycle-followup	p12-a	paced-4096-64	13	32	5779.437500	0.000000	15089.218750	20897.718750	NA	1
lifecycle-followup	p12-a	paced-4096-64	14	32	5708.062500	0.000000	15082.718750	20818.125000	NA	1
lifecycle-followup	p12-a	paced-4096-4096	0	32	5671.687500	0.000000	515973.062500	521670.843750	NA	1
lifecycle-followup	p12-a	paced-4096-4096	1	32	5765.593750	0.000000	514140.406250	519932.250000	NA	1
lifecycle-followup	p12-a	paced-4096-4096	2	32	5715.062500	0.000000	514980.500000	520721.437500	NA	1
lifecycle-followup	p12-a	paced-4096-4096	3	32	6101.781250	0.000000	515681.500000	521808.781250	NA	1
lifecycle-followup	p12-a	paced-4096-4096	4	32	5813.125000	0.000000	514793.312500	520632.093750	NA	1
lifecycle-followup	p12-a	paced-4096-4096	5	32	5762.031250	0.000000	514466.031250	520253.687500	NA	1
lifecycle-followup	p12-a	paced-4096-4096	6	32	5814.843750	0.000000	514567.468750	520407.812500	NA	1
lifecycle-followup	p12-a	paced-4096-4096	7	32	6102.812500	0.000000	513799.750000	519928.250000	NA	1
lifecycle-followup	p12-a	paced-4096-4096	8	32	6142.000000	0.000000	514398.187500	520565.875000	NA	1
lifecycle-followup	p12-a	paced-4096-4096	9	32	6101.312500	0.000000	514811.593750	520938.500000	NA	1
lifecycle-followup	p12-a	paced-4096-4096	10	32	5704.343750	0.000000	515633.718750	521364.031250	NA	1
lifecycle-followup	p12-a	paced-4096-4096	11	32	5832.750000	0.000000	514473.875000	520332.531250	NA	1
lifecycle-followup	p12-a	paced-4096-4096	12	32	5723.875000	0.000000	515537.093750	521286.843750	NA	1
lifecycle-followup	p12-a	paced-4096-4096	13	32	6046.468750	0.000000	513886.187500	519958.406250	NA	1
lifecycle-followup	p12-a	paced-4096-4096	14	32	5775.750000	0.000000	515288.093750	521089.687500	NA	1
lifecycle-followup	p12-a	paced-128-128	0	32	1914.937500	0.000000	23145.812500	25089.812500	NA	1
lifecycle-followup	p12-a	paced-128-128	1	32	1834.250000	0.000000	24118.500000	25982.531250	NA	1
lifecycle-followup	p12-a	paced-128-128	2	32	1910.625000	0.000000	23142.375000	25081.750000	NA	1
lifecycle-followup	p12-a	paced-128-128	3	32	1929.468750	0.000000	23090.718750	25049.000000	NA	1
lifecycle-followup	p12-a	paced-128-128	4	32	1886.625000	0.000000	23888.750000	25803.156250	NA	1
lifecycle-followup	p12-a	paced-128-128	5	32	1850.531250	0.000000	23211.312500	25089.218750	NA	1
lifecycle-followup	p12-a	paced-128-128	6	32	1920.250000	0.000000	23110.843750	25060.750000	NA	1
lifecycle-followup	p12-a	paced-128-128	7	32	1818.062500	0.000000	23204.468750	25051.531250	NA	1
lifecycle-followup	p12-a	paced-128-128	8	32	1889.500000	0.000000	23217.875000	25135.343750	NA	1
lifecycle-followup	p12-a	paced-128-128	9	32	1840.937500	0.000000	23620.343750	25490.125000	NA	1
lifecycle-followup	p12-a	paced-128-128	10	32	1865.031250	0.000000	23581.031250	25474.437500	NA	1
lifecycle-followup	p12-a	paced-128-128	11	32	1919.750000	0.000000	23135.218750	25082.531250	NA	1
lifecycle-followup	p12-a	paced-128-128	12	32	1909.500000	0.000000	23598.343750	25535.968750	NA	1
lifecycle-followup	p12-a	paced-128-128	13	32	1886.687500	0.000000	23090.781250	25006.656250	NA	1
lifecycle-followup	p12-a	paced-128-128	14	32	1886.250000	0.000000	23567.125000	25482.875000	NA	1
lifecycle-followup	p12-a	reuse-4096-4096	0	32	0.000000	235508.312500	474550.500000	710076.437500	NA	1
lifecycle-followup	p12-a	reuse-4096-4096	1	32	0.000000	235488.625000	474598.656250	710103.781250	NA	1
lifecycle-followup	p12-a	reuse-4096-4096	2	32	0.000000	235309.562500	473920.875000	709246.218750	NA	1
lifecycle-followup	p12-a	reuse-4096-4096	3	32	0.000000	235297.531250	474549.843750	709863.437500	NA	1
lifecycle-followup	p12-a	reuse-4096-4096	4	32	0.000000	235323.156250	474612.750000	709951.968750	NA	1
lifecycle-followup	p12-a	reuse-4096-4096	5	32	0.000000	235449.031250	474567.468750	710032.406250	NA	1
lifecycle-followup	p12-a	reuse-4096-4096	6	32	0.000000	235505.906250	474340.625000	709862.531250	NA	1
lifecycle-followup	p12-a	reuse-4096-4096	7	32	0.000000	235520.843750	474716.406250	710253.031250	NA	1
lifecycle-followup	p12-a	reuse-4096-4096	8	32	0.000000	235600.375000	474374.468750	709990.625000	NA	1
lifecycle-followup	p12-a	reuse-4096-4096	9	32	0.000000	235483.500000	474563.812500	710063.125000	NA	1
lifecycle-followup	p12-a	reuse-4096-4096	10	32	0.000000	235816.375000	474392.312500	710224.625000	NA	1
lifecycle-followup	p12-a	reuse-4096-4096	11	32	0.000000	235946.062500	474612.781250	710574.937500	NA	1
lifecycle-followup	p12-a	reuse-4096-4096	12	32	0.000000	235641.187500	474596.125000	710253.031250	NA	1
lifecycle-followup	p12-a	reuse-4096-4096	13	32	0.000000	235396.125000	474307.593750	709719.343750	NA	1
lifecycle-followup	p12-a	reuse-4096-4096	14	32	0.000000	235422.687500	474649.718750	710088.406250	NA	1
lifecycle-followup	p12-a	reuse-4096-64	0	32	0.000000	2327.406250	6953.187500	9296.750000	NA	1
lifecycle-followup	p12-a	reuse-4096-64	1	32	0.000000	2370.187500	6951.656250	9337.937500	NA	1
lifecycle-followup	p12-a	reuse-4096-64	2	32	0.000000	2472.718750	6950.406250	9438.906250	NA	1
lifecycle-followup	p12-a	reuse-4096-64	3	32	0.000000	2478.062500	6977.718750	9471.656250	NA	1
lifecycle-followup	p12-a	reuse-4096-64	4	32	0.000000	2468.718750	6938.000000	9422.781250	NA	1
lifecycle-followup	p12-a	reuse-4096-64	5	32	0.000000	2471.281250	6931.250000	9418.156250	NA	1
lifecycle-followup	p12-a	reuse-4096-64	6	32	0.000000	2473.250000	6926.250000	9415.125000	NA	1
lifecycle-followup	p12-a	reuse-4096-64	7	32	0.000000	2468.968750	6979.531250	9464.218750	NA	1
lifecycle-followup	p12-a	reuse-4096-64	8	32	0.000000	2509.375000	6942.250000	9467.406250	NA	1
lifecycle-followup	p12-a	reuse-4096-64	9	32	0.000000	2474.656250	6945.031250	9435.312500	NA	1
lifecycle-followup	p12-a	reuse-4096-64	10	32	0.000000	2473.812500	6944.718750	9434.343750	NA	1
lifecycle-followup	p12-a	reuse-4096-64	11	32	0.000000	2470.500000	6935.812500	9422.062500	NA	1
lifecycle-followup	p12-a	reuse-4096-64	12	32	0.000000	2473.656250	6945.250000	9434.687500	NA	1
lifecycle-followup	p12-a	reuse-4096-64	13	32	0.000000	2472.843750	6963.812500	9452.562500	NA	1
lifecycle-followup	p12-a	reuse-4096-64	14	32	0.000000	2473.093750	6944.343750	9433.187500	NA	1
lifecycle-followup	p123-a	serial-4096-64	0	32	60397.500000	0.000000	7373.000000	67786.593750	NA	1
lifecycle-followup	p123-a	serial-4096-64	1	32	60117.656250	0.000000	7322.218750	67455.906250	NA	1
lifecycle-followup	p123-a	serial-4096-64	2	32	57460.656250	0.000000	7281.062500	64758.375000	NA	1
lifecycle-followup	p123-a	serial-4096-64	3	32	63548.625000	0.000000	7322.468750	70886.937500	NA	1
lifecycle-followup	p123-a	serial-4096-64	4	32	61336.718750	0.000000	7422.937500	68775.312500	NA	1
lifecycle-followup	p123-a	serial-4096-64	5	32	88613.500000	0.000000	7760.093750	96395.406250	NA	1
lifecycle-followup	p123-a	serial-4096-64	6	32	64649.843750	0.000000	7321.500000	71987.687500	NA	1
lifecycle-followup	p123-a	serial-4096-64	7	32	68971.281250	0.000000	7465.093750	76452.812500	NA	1
lifecycle-followup	p123-a	serial-4096-64	8	32	66119.000000	0.000000	7490.531250	73625.937500	NA	1
lifecycle-followup	p123-a	serial-4096-64	9	32	56260.468750	0.000000	7200.843750	63477.343750	NA	1
lifecycle-followup	p123-a	serial-4096-64	10	32	69089.968750	0.000000	7443.375000	76549.250000	NA	1
lifecycle-followup	p123-a	serial-4096-64	11	32	70525.406250	0.000000	7355.375000	77899.156250	NA	1
lifecycle-followup	p123-a	serial-4096-64	12	32	77852.968750	0.000000	7377.000000	85246.500000	NA	1
lifecycle-followup	p123-a	serial-4096-64	13	32	55792.593750	0.000000	7224.406250	63032.218750	NA	1
lifecycle-followup	p123-a	serial-4096-64	14	32	81467.281250	0.000000	7612.968750	89096.218750	NA	1
lifecycle-followup	p123-a	paced-4096-64	0	32	68787.593750	0.000000	13407.687500	82221.281250	NA	1
lifecycle-followup	p123-a	paced-4096-64	1	32	70426.875000	0.000000	12942.968750	83397.250000	NA	1
lifecycle-followup	p123-a	paced-4096-64	2	32	70283.312500	0.000000	12966.656250	83274.000000	NA	1
lifecycle-followup	p123-a	paced-4096-64	3	32	69035.937500	0.000000	12873.593750	81935.343750	NA	1
lifecycle-followup	p123-a	paced-4096-64	4	32	70340.031250	0.000000	13105.937500	83471.468750	NA	1
lifecycle-followup	p123-a	paced-4096-64	5	32	70948.750000	0.000000	13555.937500	84529.937500	NA	1
lifecycle-followup	p123-a	paced-4096-64	6	32	71548.843750	0.000000	13131.875000	84707.093750	NA	1
lifecycle-followup	p123-a	paced-4096-64	7	32	70778.875000	0.000000	12993.968750	83799.312500	NA	1
lifecycle-followup	p123-a	paced-4096-64	8	32	70616.312500	0.000000	12905.062500	83547.531250	NA	1
lifecycle-followup	p123-a	paced-4096-64	9	32	70564.781250	0.000000	12942.125000	83531.750000	NA	1
lifecycle-followup	p123-a	paced-4096-64	10	32	70015.375000	0.000000	13325.031250	83365.750000	NA	1
lifecycle-followup	p123-a	paced-4096-64	11	32	70748.187500	0.000000	13362.750000	84137.406250	NA	1
lifecycle-followup	p123-a	paced-4096-64	12	32	69880.593750	0.000000	12985.437500	82892.125000	NA	1
lifecycle-followup	p123-a	paced-4096-64	13	32	69937.281250	0.000000	13304.375000	83266.875000	NA	1
lifecycle-followup	p123-a	paced-4096-64	14	32	69357.218750	0.000000	12785.937500	82168.750000	NA	1
lifecycle-followup	p123-a	paced-4096-4096	0	32	72051.000000	0.000000	455495.250000	527573.125000	NA	1
lifecycle-followup	p123-a	paced-4096-4096	1	32	70895.250000	0.000000	458848.781250	529769.250000	NA	1
lifecycle-followup	p123-a	paced-4096-4096	2	32	71566.187500	0.000000	460000.687500	531592.812500	NA	1
lifecycle-followup	p123-a	paced-4096-4096	3	32	70992.687500	0.000000	455545.437500	526564.187500	NA	1
lifecycle-followup	p123-a	paced-4096-4096	4	32	72265.437500	0.000000	452423.656250	524714.156250	NA	1
lifecycle-followup	p123-a	paced-4096-4096	5	32	72172.562500	0.000000	453552.062500	525750.031250	NA	1
lifecycle-followup	p123-a	paced-4096-4096	6	32	71725.718750	0.000000	457468.687500	529221.562500	NA	1
lifecycle-followup	p123-a	paced-4096-4096	7	32	71782.406250	0.000000	456124.843750	527932.937500	NA	1
lifecycle-followup	p123-a	paced-4096-4096	8	32	72086.218750	0.000000	455239.437500	527350.875000	NA	1
lifecycle-followup	p123-a	paced-4096-4096	9	32	72112.250000	0.000000	457364.937500	529503.750000	NA	1
lifecycle-followup	p123-a	paced-4096-4096	10	32	72039.656250	0.000000	455603.843750	527667.937500	NA	1
lifecycle-followup	p123-a	paced-4096-4096	11	32	71952.500000	0.000000	457042.343750	529020.437500	NA	1
lifecycle-followup	p123-a	paced-4096-4096	12	32	71890.687500	0.000000	456019.843750	527935.562500	NA	1
lifecycle-followup	p123-a	paced-4096-4096	13	32	71651.406250	0.000000	457234.375000	528910.750000	NA	1
lifecycle-followup	p123-a	paced-4096-4096	14	32	71911.718750	0.000000	454533.093750	526469.875000	NA	1
lifecycle-followup	p123-a	paced-128-128	0	32	4944.531250	0.000000	19991.593750	24961.937500	NA	1
lifecycle-followup	p123-a	paced-128-128	1	32	4929.250000	0.000000	20367.406250	25322.843750	NA	1
lifecycle-followup	p123-a	paced-128-128	2	32	4978.812500	0.000000	20304.937500	25309.968750	NA	1
lifecycle-followup	p123-a	paced-128-128	3	32	4857.093750	0.000000	20246.125000	25129.031250	NA	1
lifecycle-followup	p123-a	paced-128-128	4	32	5219.343750	0.000000	19955.343750	25200.625000	NA	1
lifecycle-followup	p123-a	paced-128-128	5	32	5285.875000	0.000000	19988.093750	25300.125000	NA	1
lifecycle-followup	p123-a	paced-128-128	6	32	4934.906250	0.000000	20101.843750	25062.875000	NA	1
lifecycle-followup	p123-a	paced-128-128	7	32	4885.718750	0.000000	20755.343750	25666.937500	NA	1
lifecycle-followup	p123-a	paced-128-128	8	32	4915.093750	0.000000	20394.656250	25335.468750	NA	1
lifecycle-followup	p123-a	paced-128-128	9	32	4873.093750	0.000000	20232.937500	25131.781250	NA	1
lifecycle-followup	p123-a	paced-128-128	10	32	4959.312500	0.000000	19966.406250	24951.250000	NA	1
lifecycle-followup	p123-a	paced-128-128	11	32	4877.500000	0.000000	20501.781250	25405.375000	NA	1
lifecycle-followup	p123-a	paced-128-128	12	32	4862.093750	0.000000	20507.312500	25395.812500	NA	1
lifecycle-followup	p123-a	paced-128-128	13	32	4876.406250	0.000000	20244.343750	25146.687500	NA	1
lifecycle-followup	p123-a	paced-128-128	14	32	4921.031250	0.000000	19900.781250	24848.031250	NA	1
lifecycle-followup	p123-a	reuse-4096-4096	0	32	0.000000	145282.281250	434879.718750	580178.062500	NA	1
lifecycle-followup	p123-a	reuse-4096-4096	1	32	0.000000	145112.343750	435107.656250	580235.656250	NA	1
lifecycle-followup	p123-a	reuse-4096-4096	2	32	0.000000	145127.687500	434901.968750	580045.375000	NA	1
lifecycle-followup	p123-a	reuse-4096-4096	3	32	0.000000	144925.593750	434979.218750	579922.000000	NA	1
lifecycle-followup	p123-a	reuse-4096-4096	4	32	0.000000	144963.281250	434994.937500	579974.750000	NA	1
lifecycle-followup	p123-a	reuse-4096-4096	5	32	0.000000	144846.562500	434966.062500	579830.781250	NA	1
lifecycle-followup	p123-a	reuse-4096-4096	6	32	0.000000	145038.375000	434656.281250	579714.593750	NA	1
lifecycle-followup	p123-a	reuse-4096-4096	7	32	0.000000	145051.125000	434670.312500	579738.687500	NA	1
lifecycle-followup	p123-a	reuse-4096-4096	8	32	0.000000	145179.000000	434763.500000	579960.437500	NA	1
lifecycle-followup	p123-a	reuse-4096-4096	9	32	0.000000	145101.593750	435229.875000	580348.500000	NA	1
lifecycle-followup	p123-a	reuse-4096-4096	10	32	0.000000	145233.906250	435356.656250	580607.218750	NA	1
lifecycle-followup	p123-a	reuse-4096-4096	11	32	0.000000	145286.125000	435227.218750	580530.812500	NA	1
lifecycle-followup	p123-a	reuse-4096-4096	12	32	0.000000	145234.843750	435066.125000	580318.125000	NA	1
lifecycle-followup	p123-a	reuse-4096-4096	13	32	0.000000	145114.812500	434802.562500	579933.531250	NA	1
lifecycle-followup	p123-a	reuse-4096-4096	14	32	0.000000	145080.531250	434967.125000	580065.312500	NA	1
lifecycle-followup	p123-a	reuse-4096-64	0	32	0.000000	2342.062500	6992.218750	9350.500000	NA	1
lifecycle-followup	p123-a	reuse-4096-64	1	32	0.000000	2358.937500	6932.031250	9309.937500	NA	1
lifecycle-followup	p123-a	reuse-4096-64	2	32	0.000000	2493.093750	6902.406250	9411.281250	NA	1
lifecycle-followup	p123-a	reuse-4096-64	3	32	0.000000	2492.218750	6912.500000	9420.718750	NA	1
lifecycle-followup	p123-a	reuse-4096-64	4	32	0.000000	2498.750000	6947.937500	9462.625000	NA	1
lifecycle-followup	p123-a	reuse-4096-64	5	32	0.000000	2485.750000	6985.906250	9487.406250	NA	1
lifecycle-followup	p123-a	reuse-4096-64	6	32	0.000000	2485.937500	6943.718750	9446.031250	NA	1
lifecycle-followup	p123-a	reuse-4096-64	7	32	0.000000	2485.968750	6921.531250	9423.562500	NA	1
lifecycle-followup	p123-a	reuse-4096-64	8	32	0.000000	2485.687500	6914.531250	9416.312500	NA	1
lifecycle-followup	p123-a	reuse-4096-64	9	32	0.000000	2486.812500	6950.656250	9453.468750	NA	1
lifecycle-followup	p123-a	reuse-4096-64	10	32	0.000000	2482.406250	6912.437500	9413.812500	NA	1
lifecycle-followup	p123-a	reuse-4096-64	11	32	0.000000	2489.156250	6919.187500	9424.218750	NA	1
lifecycle-followup	p123-a	reuse-4096-64	12	32	0.000000	2490.875000	6936.937500	9443.750000	NA	1
lifecycle-followup	p123-a	reuse-4096-64	13	32	0.000000	2492.156250	6907.656250	9415.843750	NA	1
lifecycle-followup	p123-a	reuse-4096-64	14	32	0.000000	2492.250000	6945.125000	9453.250000	NA	1
lifecycle-followup	p123-b	serial-4096-64	0	32	57896.187500	0.000000	7435.031250	65348.750000	NA	1
lifecycle-followup	p123-b	serial-4096-64	1	32	60942.406250	0.000000	7290.968750	68250.250000	NA	1
lifecycle-followup	p123-b	serial-4096-64	2	32	60030.031250	0.000000	7194.593750	67242.468750	NA	1
lifecycle-followup	p123-b	serial-4096-64	3	32	64331.406250	0.000000	7409.281250	71760.031250	NA	1
lifecycle-followup	p123-b	serial-4096-64	4	32	60831.500000	0.000000	7372.906250	68225.187500	NA	1
lifecycle-followup	p123-b	serial-4096-64	5	32	57016.156250	0.000000	7222.750000	64256.562500	NA	1
lifecycle-followup	p123-b	serial-4096-64	6	32	64583.281250	0.000000	7403.906250	72007.875000	NA	1
lifecycle-followup	p123-b	serial-4096-64	7	32	59874.093750	0.000000	8036.343750	67926.750000	NA	1
lifecycle-followup	p123-b	serial-4096-64	8	32	61882.281250	0.000000	7402.281250	69304.000000	NA	1
lifecycle-followup	p123-b	serial-4096-64	9	32	65531.312500	0.000000	7547.406250	73096.375000	NA	1
lifecycle-followup	p123-b	serial-4096-64	10	32	60626.093750	0.000000	7322.843750	67965.000000	NA	1
lifecycle-followup	p123-b	serial-4096-64	11	32	57902.593750	0.000000	7219.187500	65137.750000	NA	1
lifecycle-followup	p123-b	serial-4096-64	12	32	70046.875000	0.000000	7237.875000	77301.718750	NA	1
lifecycle-followup	p123-b	serial-4096-64	13	32	67754.718750	0.000000	7696.656250	75468.093750	NA	1
lifecycle-followup	p123-b	serial-4096-64	14	32	67668.093750	0.000000	7467.593750	75153.812500	NA	1
lifecycle-followup	p123-b	paced-4096-64	0	32	71877.625000	0.000000	13181.937500	85084.718750	NA	1
lifecycle-followup	p123-b	paced-4096-64	1	32	73007.781250	0.000000	13110.468750	86142.437500	NA	1
lifecycle-followup	p123-b	paced-4096-64	2	32	71497.062500	0.000000	13486.281250	85009.031250	NA	1
lifecycle-followup	p123-b	paced-4096-64	3	32	71231.843750	0.000000	13108.062500	84365.187500	NA	1
lifecycle-followup	p123-b	paced-4096-64	4	32	72553.406250	0.000000	13133.562500	85710.656250	NA	1
lifecycle-followup	p123-b	paced-4096-64	5	32	73091.093750	0.000000	13207.593750	86322.812500	NA	1
lifecycle-followup	p123-b	paced-4096-64	6	32	74115.718750	0.000000	13035.656250	87179.281250	NA	1
lifecycle-followup	p123-b	paced-4096-64	7	32	72357.593750	0.000000	13061.468750	85444.593750	NA	1
lifecycle-followup	p123-b	paced-4096-64	8	32	71789.437500	0.000000	13105.125000	84919.968750	NA	1
lifecycle-followup	p123-b	paced-4096-64	9	32	72398.875000	0.000000	13171.687500	85595.062500	NA	1
lifecycle-followup	p123-b	paced-4096-64	10	32	73289.843750	0.000000	13623.812500	86938.000000	NA	1
lifecycle-followup	p123-b	paced-4096-64	11	32	71112.593750	0.000000	13076.781250	84215.718750	NA	1
lifecycle-followup	p123-b	paced-4096-64	12	32	71475.625000	0.000000	13035.000000	84536.031250	NA	1
lifecycle-followup	p123-b	paced-4096-64	13	32	72094.593750	0.000000	13557.906250	85680.375000	NA	1
lifecycle-followup	p123-b	paced-4096-64	14	32	71366.875000	0.000000	13434.687500	84826.937500	NA	1
lifecycle-followup	p123-b	paced-4096-4096	0	32	71843.093750	0.000000	456081.781250	527950.875000	NA	1
lifecycle-followup	p123-b	paced-4096-4096	1	32	71446.343750	0.000000	454175.312500	525646.062500	NA	1
lifecycle-followup	p123-b	paced-4096-4096	2	32	72385.531250	0.000000	453527.687500	525939.375000	NA	1
lifecycle-followup	p123-b	paced-4096-4096	3	32	71348.031250	0.000000	454083.781250	525459.281250	NA	1
lifecycle-followup	p123-b	paced-4096-4096	4	32	72005.875000	0.000000	452666.843750	524698.187500	NA	1
lifecycle-followup	p123-b	paced-4096-4096	5	32	72172.093750	0.000000	453339.125000	525537.750000	NA	1
lifecycle-followup	p123-b	paced-4096-4096	6	32	72647.468750	0.000000	454252.062500	526924.843750	NA	1
lifecycle-followup	p123-b	paced-4096-4096	7	32	71656.312500	0.000000	453578.812500	525260.593750	NA	1
lifecycle-followup	p123-b	paced-4096-4096	8	32	71875.187500	0.000000	452229.625000	524129.531250	NA	1
lifecycle-followup	p123-b	paced-4096-4096	9	32	72330.937500	0.000000	455201.156250	527556.812500	NA	1
lifecycle-followup	p123-b	paced-4096-4096	10	32	71786.906250	0.000000	454384.375000	526197.062500	NA	1
lifecycle-followup	p123-b	paced-4096-4096	11	32	71883.062500	0.000000	452837.687500	524744.750000	NA	1
lifecycle-followup	p123-b	paced-4096-4096	12	32	71720.625000	0.000000	453686.906250	525433.531250	NA	1
lifecycle-followup	p123-b	paced-4096-4096	13	32	72347.531250	0.000000	453037.718750	525411.000000	NA	1
lifecycle-followup	p123-b	paced-4096-4096	14	32	71874.625000	0.000000	453433.406250	525332.343750	NA	1
lifecycle-followup	p123-b	paced-128-128	0	32	4947.625000	0.000000	19952.312500	24929.593750	NA	1
lifecycle-followup	p123-b	paced-128-128	1	32	5021.156250	0.000000	20614.187500	25666.343750	NA	1
lifecycle-followup	p123-b	paced-128-128	2	32	5406.500000	0.000000	20184.687500	25619.593750	NA	1
lifecycle-followup	p123-b	paced-128-128	3	32	5060.625000	0.000000	19964.812500	25054.593750	NA	1
lifecycle-followup	p123-b	paced-128-128	4	32	5085.093750	0.000000	20324.125000	25439.937500	NA	1
lifecycle-followup	p123-b	paced-128-128	5	32	5403.531250	0.000000	20069.687500	25502.625000	NA	1
lifecycle-followup	p123-b	paced-128-128	6	32	5051.937500	0.000000	20294.187500	25375.718750	NA	1
lifecycle-followup	p123-b	paced-128-128	7	32	5103.406250	0.000000	19876.968750	25007.906250	NA	1
lifecycle-followup	p123-b	paced-128-128	8	32	5028.500000	0.000000	19841.843750	24899.375000	NA	1
lifecycle-followup	p123-b	paced-128-128	9	32	5484.468750	0.000000	20517.375000	26030.312500	NA	1
lifecycle-followup	p123-b	paced-128-128	10	32	5482.812500	0.000000	20034.781250	25553.062500	NA	1
lifecycle-followup	p123-b	paced-128-128	11	32	5377.843750	0.000000	20320.718750	25727.562500	NA	1
lifecycle-followup	p123-b	paced-128-128	12	32	5049.062500	0.000000	19765.656250	24844.406250	NA	1
lifecycle-followup	p123-b	paced-128-128	13	32	5049.468750	0.000000	19811.687500	24890.468750	NA	1
lifecycle-followup	p123-b	paced-128-128	14	32	5103.968750	0.000000	20192.750000	25325.562500	NA	1
lifecycle-followup	p123-b	reuse-4096-4096	0	32	0.000000	145037.625000	431763.062500	576816.468750	NA	1
lifecycle-followup	p123-b	reuse-4096-4096	1	32	0.000000	144957.875000	431509.250000	576482.968750	NA	1
lifecycle-followup	p123-b	reuse-4096-4096	2	32	0.000000	145045.093750	431793.250000	576853.906250	NA	1
lifecycle-followup	p123-b	reuse-4096-4096	3	32	0.000000	145027.343750	431655.125000	576698.000000	NA	1
lifecycle-followup	p123-b	reuse-4096-4096	4	32	0.000000	144944.625000	431423.687500	576384.406250	NA	1
lifecycle-followup	p123-b	reuse-4096-4096	5	32	0.000000	144903.093750	431438.437500	576361.937500	NA	1
lifecycle-followup	p123-b	reuse-4096-4096	6	32	0.000000	145070.187500	431565.437500	576657.906250	NA	1
lifecycle-followup	p123-b	reuse-4096-4096	7	32	0.000000	144925.750000	431640.062500	576587.875000	NA	1
lifecycle-followup	p123-b	reuse-4096-4096	8	32	0.000000	145032.656250	431681.125000	576735.843750	NA	1
lifecycle-followup	p123-b	reuse-4096-4096	9	32	0.000000	145003.125000	431289.937500	576315.281250	NA	1
lifecycle-followup	p123-b	reuse-4096-4096	10	32	0.000000	144942.093750	431667.718750	576638.937500	NA	1
lifecycle-followup	p123-b	reuse-4096-4096	11	32	0.000000	144994.406250	431614.906250	576638.437500	NA	1
lifecycle-followup	p123-b	reuse-4096-4096	12	32	0.000000	145070.781250	431768.437500	576867.937500	NA	1
lifecycle-followup	p123-b	reuse-4096-4096	13	32	0.000000	144884.875000	431841.218750	576754.625000	NA	1
lifecycle-followup	p123-b	reuse-4096-4096	14	32	0.000000	144803.562500	431929.937500	576762.718750	NA	1
lifecycle-followup	p123-b	reuse-4096-64	0	32	0.000000	2354.937500	6983.718750	9354.875000	NA	1
lifecycle-followup	p123-b	reuse-4096-64	1	32	0.000000	2359.906250	7107.187500	9483.062500	NA	1
lifecycle-followup	p123-b	reuse-4096-64	2	32	0.000000	2518.812500	6972.937500	9511.093750	NA	1
lifecycle-followup	p123-b	reuse-4096-64	3	32	0.000000	2517.968750	6977.750000	9511.656250	NA	1
lifecycle-followup	p123-b	reuse-4096-64	4	32	0.000000	2503.625000	7023.468750	9543.125000	NA	1
lifecycle-followup	p123-b	reuse-4096-64	5	32	0.000000	2506.125000	6963.687500	9485.750000	NA	1
lifecycle-followup	p123-b	reuse-4096-64	6	32	0.000000	2504.156250	6983.343750	9503.593750	NA	1
lifecycle-followup	p123-b	reuse-4096-64	7	32	0.000000	2515.500000	6978.031250	9509.562500	NA	1
lifecycle-followup	p123-b	reuse-4096-64	8	32	0.000000	2516.437500	6988.656250	9521.125000	NA	1
lifecycle-followup	p123-b	reuse-4096-64	9	32	0.000000	2524.781250	6970.750000	9511.468750	NA	1
lifecycle-followup	p123-b	reuse-4096-64	10	32	0.000000	2569.437500	6979.906250	9565.343750	NA	1
lifecycle-followup	p123-b	reuse-4096-64	11	32	0.000000	2566.406250	6949.093750	9531.718750	NA	1
lifecycle-followup	p123-b	reuse-4096-64	12	32	0.000000	2509.593750	6994.750000	9520.312500	NA	1
lifecycle-followup	p123-b	reuse-4096-64	13	32	0.000000	2513.468750	6959.687500	9489.125000	NA	1
lifecycle-followup	p123-b	reuse-4096-64	14	32	0.000000	2510.937500	6984.156250	9510.875000	NA	1
lifecycle-followup	p12-b	serial-4096-64	0	32	2122.250000	0.000000	8323.531250	10463.593750	NA	1
lifecycle-followup	p12-b	serial-4096-64	1	32	2199.156250	0.000000	8227.406250	10443.343750	NA	1
lifecycle-followup	p12-b	serial-4096-64	2	32	2115.437500	0.000000	8214.343750	10345.437500	NA	1
lifecycle-followup	p12-b	serial-4096-64	3	32	2162.750000	0.000000	8152.218750	10330.843750	NA	1
lifecycle-followup	p12-b	serial-4096-64	4	32	2170.781250	0.000000	8238.718750	10425.343750	NA	1
lifecycle-followup	p12-b	serial-4096-64	5	32	2285.281250	0.000000	8279.125000	10579.906250	NA	1
lifecycle-followup	p12-b	serial-4096-64	6	32	2215.937500	0.000000	8158.312500	10389.875000	NA	1
lifecycle-followup	p12-b	serial-4096-64	7	32	2030.031250	0.000000	8168.781250	10214.468750	NA	1
lifecycle-followup	p12-b	serial-4096-64	8	32	2118.781250	0.000000	8345.156250	10479.625000	NA	1
lifecycle-followup	p12-b	serial-4096-64	9	32	2174.656250	0.000000	8285.750000	10476.125000	NA	1
lifecycle-followup	p12-b	serial-4096-64	10	32	2200.406250	0.000000	8163.156250	10379.187500	NA	1
lifecycle-followup	p12-b	serial-4096-64	11	32	1650.218750	0.000000	8727.062500	10393.187500	NA	1
lifecycle-followup	p12-b	serial-4096-64	12	32	1950.250000	0.000000	8147.593750	10114.312500	NA	1
lifecycle-followup	p12-b	serial-4096-64	13	32	1615.656250	0.000000	8340.968750	9972.437500	NA	1
lifecycle-followup	p12-b	serial-4096-64	14	32	1805.468750	0.000000	8099.156250	9920.343750	NA	1
lifecycle-followup	p12-b	paced-4096-64	0	32	6289.250000	0.000000	15302.156250	21619.781250	NA	1
lifecycle-followup	p12-b	paced-4096-64	1	32	5874.437500	0.000000	15696.500000	21596.937500	NA	1
lifecycle-followup	p12-b	paced-4096-64	2	32	5889.562500	0.000000	15158.875000	21076.031250	NA	1
lifecycle-followup	p12-b	paced-4096-64	3	32	6200.656250	0.000000	15117.187500	21344.968750	NA	1
lifecycle-followup	p12-b	paced-4096-64	4	32	5878.156250	0.000000	15168.656250	21075.250000	NA	1
lifecycle-followup	p12-b	paced-4096-64	5	32	5860.593750	0.000000	16078.812500	21965.187500	NA	1
lifecycle-followup	p12-b	paced-4096-64	6	32	6191.000000	0.000000	15103.593750	21322.218750	NA	1
lifecycle-followup	p12-b	paced-4096-64	7	32	5894.250000	0.000000	15236.031250	21156.781250	NA	1
lifecycle-followup	p12-b	paced-4096-64	8	32	5820.406250	0.000000	15122.000000	20969.906250	NA	1
lifecycle-followup	p12-b	paced-4096-64	9	32	5874.625000	0.000000	15136.093750	21038.437500	NA	1
lifecycle-followup	p12-b	paced-4096-64	10	32	5966.187500	0.000000	15280.468750	21273.000000	NA	1
lifecycle-followup	p12-b	paced-4096-64	11	32	5923.281250	0.000000	15267.281250	21218.562500	NA	1
lifecycle-followup	p12-b	paced-4096-64	12	32	6287.468750	0.000000	15638.875000	21953.343750	NA	1
lifecycle-followup	p12-b	paced-4096-64	13	32	5934.968750	0.000000	15579.187500	21542.343750	NA	1
lifecycle-followup	p12-b	paced-4096-64	14	32	6232.312500	0.000000	15256.375000	21515.437500	NA	1
lifecycle-followup	p12-b	paced-4096-4096	0	32	5796.000000	0.000000	515146.625000	520968.812500	NA	1
lifecycle-followup	p12-b	paced-4096-4096	1	32	5807.156250	0.000000	514130.343750	519963.500000	NA	1
lifecycle-followup	p12-b	paced-4096-4096	2	32	5761.000000	0.000000	515190.437500	520977.718750	NA	1
lifecycle-followup	p12-b	paced-4096-4096	3	32	5830.062500	0.000000	514614.843750	520470.937500	NA	1
lifecycle-followup	p12-b	paced-4096-4096	4	32	5773.281250	0.000000	515105.437500	520904.875000	NA	1
lifecycle-followup	p12-b	paced-4096-4096	5	32	5813.531250	0.000000	514350.000000	520189.875000	NA	1
lifecycle-followup	p12-b	paced-4096-4096	6	32	6083.562500	0.000000	514813.062500	520922.500000	NA	1
lifecycle-followup	p12-b	paced-4096-4096	7	32	5767.093750	0.000000	513812.437500	519605.625000	NA	1
lifecycle-followup	p12-b	paced-4096-4096	8	32	5872.750000	0.000000	515474.437500	521373.843750	NA	1
lifecycle-followup	p12-b	paced-4096-4096	9	32	5887.812500	0.000000	515867.656250	521781.218750	NA	1
lifecycle-followup	p12-b	paced-4096-4096	10	32	6225.031250	0.000000	515105.875000	521356.843750	NA	1
lifecycle-followup	p12-b	paced-4096-4096	11	32	6173.062500	0.000000	512628.937500	518827.812500	NA	1
lifecycle-followup	p12-b	paced-4096-4096	12	32	5763.656250	0.000000	514593.281250	520383.343750	NA	1
lifecycle-followup	p12-b	paced-4096-4096	13	32	5827.718750	0.000000	514938.062500	520791.812500	NA	1
lifecycle-followup	p12-b	paced-4096-4096	14	32	5801.968750	0.000000	514649.500000	520477.687500	NA	1
lifecycle-followup	p12-b	paced-128-128	0	32	2029.593750	0.000000	23742.437500	25802.125000	NA	1
lifecycle-followup	p12-b	paced-128-128	1	32	1988.093750	0.000000	23760.125000	25777.093750	NA	1
lifecycle-followup	p12-b	paced-128-128	2	32	2024.062500	0.000000	23287.968750	25342.500000	NA	1
lifecycle-followup	p12-b	paced-128-128	3	32	1987.687500	0.000000	23778.531250	25795.187500	NA	1
lifecycle-followup	p12-b	paced-128-128	4	32	2067.781250	0.000000	23697.687500	25794.906250	NA	1
lifecycle-followup	p12-b	paced-128-128	5	32	2030.187500	0.000000	23709.187500	25770.062500	NA	1
lifecycle-followup	p12-b	paced-128-128	6	32	2004.593750	0.000000	23405.656250	25438.906250	NA	1
lifecycle-followup	p12-b	paced-128-128	7	32	2017.218750	0.000000	23771.468750	25817.312500	NA	1
lifecycle-followup	p12-b	paced-128-128	8	32	2000.468750	0.000000	23396.968750	25426.125000	NA	1
lifecycle-followup	p12-b	paced-128-128	9	32	2024.843750	0.000000	24148.656250	26202.250000	NA	1
lifecycle-followup	p12-b	paced-128-128	10	32	2000.281250	0.000000	23407.125000	25434.937500	NA	1
lifecycle-followup	p12-b	paced-128-128	11	32	1971.593750	0.000000	23417.343750	25417.062500	NA	1
lifecycle-followup	p12-b	paced-128-128	12	32	2065.187500	0.000000	23648.906250	25745.843750	NA	1
lifecycle-followup	p12-b	paced-128-128	13	32	1981.125000	0.000000	23416.406250	25426.406250	NA	1
lifecycle-followup	p12-b	paced-128-128	14	32	1977.625000	0.000000	23462.718750	25468.843750	NA	1
lifecycle-followup	p12-b	reuse-4096-4096	0	32	0.000000	236090.937500	474690.781250	710808.531250	NA	1
lifecycle-followup	p12-b	reuse-4096-4096	1	32	0.000000	235916.625000	474810.687500	710742.906250	NA	1
lifecycle-followup	p12-b	reuse-4096-4096	2	32	0.000000	235497.312500	474247.812500	709760.968750	NA	1
lifecycle-followup	p12-b	reuse-4096-4096	3	32	0.000000	235671.968750	474808.125000	710496.218750	NA	1
lifecycle-followup	p12-b	reuse-4096-4096	4	32	0.000000	235507.875000	474807.937500	710331.531250	NA	1
lifecycle-followup	p12-b	reuse-4096-4096	5	32	0.000000	236098.843750	474661.156250	710775.781250	NA	1
lifecycle-followup	p12-b	reuse-4096-4096	6	32	0.000000	235657.093750	474909.125000	710582.000000	NA	1
lifecycle-followup	p12-b	reuse-4096-4096	7	32	0.000000	235733.875000	475064.281250	710813.843750	NA	1
lifecycle-followup	p12-b	reuse-4096-4096	8	32	0.000000	235641.125000	474574.156250	710230.937500	NA	1
lifecycle-followup	p12-b	reuse-4096-4096	9	32	0.000000	235448.968750	475628.062500	711092.625000	NA	1
lifecycle-followup	p12-b	reuse-4096-4096	10	32	0.000000	235921.031250	474857.000000	710794.656250	NA	1
lifecycle-followup	p12-b	reuse-4096-4096	11	32	0.000000	235639.750000	477486.250000	713141.593750	NA	1
lifecycle-followup	p12-b	reuse-4096-4096	12	32	0.000000	235740.718750	475234.968750	710991.437500	NA	1
lifecycle-followup	p12-b	reuse-4096-4096	13	32	0.000000	235669.843750	474836.500000	710521.968750	NA	1
lifecycle-followup	p12-b	reuse-4096-4096	14	32	0.000000	235559.031250	474556.031250	710131.062500	NA	1
lifecycle-followup	p12-b	reuse-4096-64	0	32	0.000000	2341.562500	6950.125000	9309.468750	NA	1
lifecycle-followup	p12-b	reuse-4096-64	1	32	0.000000	2349.625000	6934.593750	9300.500000	NA	1
lifecycle-followup	p12-b	reuse-4096-64	2	32	0.000000	2480.062500	6912.687500	9408.468750	NA	1
lifecycle-followup	p12-b	reuse-4096-64	3	32	0.000000	2483.000000	6947.781250	9446.250000	NA	1
lifecycle-followup	p12-b	reuse-4096-64	4	32	0.000000	2487.812500	6915.031250	9418.781250	NA	1
lifecycle-followup	p12-b	reuse-4096-64	5	32	0.000000	2486.187500	6900.281250	9402.187500	NA	1
lifecycle-followup	p12-b	reuse-4096-64	6	32	0.000000	2484.531250	6901.531250	9401.812500	NA	1
lifecycle-followup	p12-b	reuse-4096-64	7	32	0.000000	2482.750000	6903.968750	9402.437500	NA	1
lifecycle-followup	p12-b	reuse-4096-64	8	32	0.000000	2483.312500	6941.625000	9440.843750	NA	1
lifecycle-followup	p12-b	reuse-4096-64	9	32	0.000000	2479.187500	6928.343750	9423.250000	NA	1
lifecycle-followup	p12-b	reuse-4096-64	10	32	0.000000	2478.781250	6910.750000	9405.281250	NA	1
lifecycle-followup	p12-b	reuse-4096-64	11	32	0.000000	2478.625000	6909.937500	9404.281250	NA	1
lifecycle-followup	p12-b	reuse-4096-64	12	32	0.000000	2542.343750	6893.062500	9451.250000	NA	1
lifecycle-followup	p12-b	reuse-4096-64	13	32	0.000000	2480.906250	6917.437500	9414.031250	NA	1
lifecycle-followup	p12-b	reuse-4096-64	14	32	0.000000	2478.968750	6929.343750	9424.125000	NA	1
lifecycle-followup	unpatched-b	serial-4096-64	0	32	2053.562500	0.000000	8222.718750	10292.781250	NA	1
lifecycle-followup	unpatched-b	serial-4096-64	1	32	2132.875000	0.000000	8318.468750	10467.500000	NA	1
lifecycle-followup	unpatched-b	serial-4096-64	2	32	2147.156250	0.000000	8263.343750	10426.343750	NA	1
lifecycle-followup	unpatched-b	serial-4096-64	3	32	2225.000000	0.000000	8266.875000	10508.062500	NA	1
lifecycle-followup	unpatched-b	serial-4096-64	4	32	2270.531250	0.000000	8244.593750	10533.406250	NA	1
lifecycle-followup	unpatched-b	serial-4096-64	5	32	2210.343750	0.000000	8303.562500	10529.750000	NA	1
lifecycle-followup	unpatched-b	serial-4096-64	6	32	2204.843750	0.000000	8239.906250	10460.531250	NA	1
lifecycle-followup	unpatched-b	serial-4096-64	7	32	2211.000000	0.000000	8475.562500	10702.625000	NA	1
lifecycle-followup	unpatched-b	serial-4096-64	8	32	2091.781250	0.000000	8241.218750	10348.906250	NA	1
lifecycle-followup	unpatched-b	serial-4096-64	9	32	1778.250000	0.000000	8191.218750	9985.218750	NA	1
lifecycle-followup	unpatched-b	serial-4096-64	10	32	1889.656250	0.000000	8375.125000	10281.343750	NA	1
lifecycle-followup	unpatched-b	serial-4096-64	11	32	1550.750000	0.000000	8126.250000	9693.125000	NA	1
lifecycle-followup	unpatched-b	serial-4096-64	12	32	1832.625000	0.000000	8255.187500	10103.750000	NA	1
lifecycle-followup	unpatched-b	serial-4096-64	13	32	2101.968750	0.000000	8207.281250	10324.937500	NA	1
lifecycle-followup	unpatched-b	serial-4096-64	14	32	2194.343750	0.000000	8171.218750	10382.062500	NA	1
lifecycle-followup	unpatched-b	paced-4096-64	0	32	5937.593750	0.000000	14248.687500	20211.187500	NA	1
lifecycle-followup	unpatched-b	paced-4096-64	1	32	5931.281250	0.000000	14140.281250	20097.156250	NA	1
lifecycle-followup	unpatched-b	paced-4096-64	2	32	5925.781250	0.000000	14219.343750	20170.843750	NA	1
lifecycle-followup	unpatched-b	paced-4096-64	3	32	5867.406250	0.000000	15213.687500	21105.125000	NA	1
lifecycle-followup	unpatched-b	paced-4096-64	4	32	5907.437500	0.000000	14185.406250	20119.906250	NA	1
lifecycle-followup	unpatched-b	paced-4096-64	5	32	5979.437500	0.000000	14220.375000	20224.625000	NA	1
lifecycle-followup	unpatched-b	paced-4096-64	6	32	6299.656250	0.000000	14236.468750	20560.625000	NA	1
lifecycle-followup	unpatched-b	paced-4096-64	7	32	5857.593750	0.000000	14529.812500	20412.156250	NA	1
lifecycle-followup	unpatched-b	paced-4096-64	8	32	5907.468750	0.000000	14175.968750	20107.687500	NA	1
lifecycle-followup	unpatched-b	paced-4096-64	9	32	5924.875000	0.000000	14202.031250	20150.968750	NA	1
lifecycle-followup	unpatched-b	paced-4096-64	10	32	5846.875000	0.000000	14142.687500	20014.562500	NA	1
lifecycle-followup	unpatched-b	paced-4096-64	11	32	6821.687500	0.000000	14237.375000	21084.062500	NA	1
lifecycle-followup	unpatched-b	paced-4096-64	12	32	5915.375000	0.000000	14177.031250	20119.218750	NA	1
lifecycle-followup	unpatched-b	paced-4096-64	13	32	5942.718750	0.000000	14602.218750	20568.718750	NA	1
lifecycle-followup	unpatched-b	paced-4096-64	14	32	5901.906250	0.000000	14176.875000	20103.656250	NA	1
lifecycle-followup	unpatched-b	paced-4096-4096	0	32	5928.281250	0.000000	511051.718750	517004.093750	NA	1
lifecycle-followup	unpatched-b	paced-4096-4096	1	32	5980.437500	0.000000	511980.906250	517986.843750	NA	1
lifecycle-followup	unpatched-b	paced-4096-4096	2	32	5975.843750	0.000000	510852.312500	516852.406250	NA	1
lifecycle-followup	unpatched-b	paced-4096-4096	3	32	6044.250000	0.000000	512116.906250	518186.437500	NA	1
lifecycle-followup	unpatched-b	paced-4096-4096	4	32	5939.625000	0.000000	511602.531250	517567.375000	NA	1
lifecycle-followup	unpatched-b	paced-4096-4096	5	32	6322.156250	0.000000	511423.406250	517769.718750	NA	1
lifecycle-followup	unpatched-b	paced-4096-4096	6	32	5956.468750	0.000000	512165.875000	518148.375000	NA	1
lifecycle-followup	unpatched-b	paced-4096-4096	7	32	5982.968750	0.000000	511788.406250	517796.843750	NA	1
lifecycle-followup	unpatched-b	paced-4096-4096	8	32	6085.031250	0.000000	511949.718750	518059.281250	NA	1
lifecycle-followup	unpatched-b	paced-4096-4096	9	32	5962.937500	0.000000	511623.625000	517611.906250	NA	1
lifecycle-followup	unpatched-b	paced-4096-4096	10	32	5926.218750	0.000000	511807.500000	517758.281250	NA	1
lifecycle-followup	unpatched-b	paced-4096-4096	11	32	6087.531250	0.000000	512494.312500	518607.312500	NA	1
lifecycle-followup	unpatched-b	paced-4096-4096	12	32	5941.593750	0.000000	512076.656250	518043.718750	NA	1
lifecycle-followup	unpatched-b	paced-4096-4096	13	32	5980.437500	0.000000	510872.968750	516879.250000	NA	1
lifecycle-followup	unpatched-b	paced-4096-4096	14	32	6032.375000	0.000000	511208.468750	517266.375000	NA	1
lifecycle-followup	unpatched-b	paced-128-128	0	32	2074.593750	0.000000	22387.000000	24487.843750	NA	1
lifecycle-followup	unpatched-b	paced-128-128	1	32	2095.562500	0.000000	22210.937500	24332.750000	NA	1
lifecycle-followup	unpatched-b	paced-128-128	2	32	1988.687500	0.000000	22413.968750	24428.718750	NA	1
lifecycle-followup	unpatched-b	paced-128-128	3	32	2067.500000	0.000000	21906.500000	24000.406250	NA	1
lifecycle-followup	unpatched-b	paced-128-128	4	32	2045.437500	0.000000	21959.437500	24030.906250	NA	1
lifecycle-followup	unpatched-b	paced-128-128	5	32	2076.500000	0.000000	22404.218750	24507.093750	NA	1
lifecycle-followup	unpatched-b	paced-128-128	6	32	2059.031250	0.000000	22011.718750	24097.187500	NA	1
lifecycle-followup	unpatched-b	paced-128-128	7	32	2051.593750	0.000000	22944.812500	25022.312500	NA	1
lifecycle-followup	unpatched-b	paced-128-128	8	32	1966.781250	0.000000	22094.218750	24087.125000	NA	1
lifecycle-followup	unpatched-b	paced-128-128	9	32	2028.812500	0.000000	22128.687500	24184.187500	NA	1
lifecycle-followup	unpatched-b	paced-128-128	10	32	2019.437500	0.000000	22316.625000	24362.125000	NA	1
lifecycle-followup	unpatched-b	paced-128-128	11	32	2047.406250	0.000000	21898.562500	23971.625000	NA	1
lifecycle-followup	unpatched-b	paced-128-128	12	32	2044.687500	0.000000	22277.781250	24348.718750	NA	1
lifecycle-followup	unpatched-b	paced-128-128	13	32	1983.625000	0.000000	22646.000000	24655.937500	NA	1
lifecycle-followup	unpatched-b	paced-128-128	14	32	2066.625000	0.000000	22205.750000	24298.468750	NA	1
lifecycle-followup	unpatched-b	reuse-4096-4096	0	32	0.000000	233822.750000	478897.250000	712747.562500	NA	1
lifecycle-followup	unpatched-b	reuse-4096-4096	1	32	0.000000	232826.625000	479417.312500	712266.031250	NA	1
lifecycle-followup	unpatched-b	reuse-4096-4096	2	32	0.000000	233456.562500	479611.875000	713090.218750	NA	1
lifecycle-followup	unpatched-b	reuse-4096-4096	3	32	0.000000	233698.312500	479032.218750	712746.218750	NA	1
lifecycle-followup	unpatched-b	reuse-4096-4096	4	32	0.000000	233381.031250	478928.937500	712325.843750	NA	1
lifecycle-followup	unpatched-b	reuse-4096-4096	5	32	0.000000	233082.375000	479222.968750	712321.000000	NA	1
lifecycle-followup	unpatched-b	reuse-4096-4096	6	32	0.000000	233779.656250	479131.437500	712926.906250	NA	1
lifecycle-followup	unpatched-b	reuse-4096-4096	7	32	0.000000	232936.406250	478888.375000	711840.625000	NA	1
lifecycle-followup	unpatched-b	reuse-4096-4096	8	32	0.000000	233179.687500	479030.312500	712225.812500	NA	1
lifecycle-followup	unpatched-b	reuse-4096-4096	9	32	0.000000	233487.593750	479881.375000	713384.812500	NA	1
lifecycle-followup	unpatched-b	reuse-4096-4096	10	32	0.000000	233245.906250	479046.906250	712308.593750	NA	1
lifecycle-followup	unpatched-b	reuse-4096-4096	11	32	0.000000	233575.375000	479002.093750	712593.000000	NA	1
lifecycle-followup	unpatched-b	reuse-4096-4096	12	32	0.000000	233168.750000	478934.562500	712119.062500	NA	1
lifecycle-followup	unpatched-b	reuse-4096-4096	13	32	0.000000	232637.406250	478825.281250	711478.343750	NA	1
lifecycle-followup	unpatched-b	reuse-4096-4096	14	32	0.000000	232977.687500	478757.812500	711751.187500	NA	1
lifecycle-followup	unpatched-b	reuse-4096-64	0	32	0.000000	2350.250000	6969.125000	9335.812500	NA	1
lifecycle-followup	unpatched-b	reuse-4096-64	1	32	0.000000	2351.093750	6945.968750	9312.812500	NA	1
lifecycle-followup	unpatched-b	reuse-4096-64	2	32	0.000000	2481.406250	6962.250000	9459.625000	NA	1
lifecycle-followup	unpatched-b	reuse-4096-64	3	32	0.000000	2474.156250	7008.625000	9498.625000	NA	1
lifecycle-followup	unpatched-b	reuse-4096-64	4	32	0.000000	2487.937500	6943.125000	9447.125000	NA	1
lifecycle-followup	unpatched-b	reuse-4096-64	5	32	0.000000	2493.625000	6979.000000	9488.593750	NA	1
lifecycle-followup	unpatched-b	reuse-4096-64	6	32	0.000000	2486.968750	6959.625000	9462.406250	NA	1
lifecycle-followup	unpatched-b	reuse-4096-64	7	32	0.000000	2483.468750	6966.000000	9465.187500	NA	1
lifecycle-followup	unpatched-b	reuse-4096-64	8	32	0.000000	2480.562500	6969.718750	9466.062500	NA	1
lifecycle-followup	unpatched-b	reuse-4096-64	9	32	0.000000	2487.562500	6988.343750	9491.937500	NA	1
lifecycle-followup	unpatched-b	reuse-4096-64	10	32	0.000000	2495.000000	6977.031250	9488.000000	NA	1
lifecycle-followup	unpatched-b	reuse-4096-64	11	32	0.000000	2493.843750	6972.625000	9482.375000	NA	1
lifecycle-followup	unpatched-b	reuse-4096-64	12	32	0.000000	2487.125000	6967.000000	9469.968750	NA	1
lifecycle-followup	unpatched-b	reuse-4096-64	13	32	0.000000	2488.562500	7012.781250	9517.250000	NA	1
lifecycle-followup	unpatched-b	reuse-4096-64	14	32	0.000000	2491.281250	6983.687500	9490.656250	NA	1
