step,marker,kernel,iteration_ns_per_page,expected_match_ratio,unexpected_results
0,step-000_20260623T185034Z_6.16.0-bm-6.16.done,6.16.0-bm-6.16,25,100,0
1,step-001_20260623T185210Z_6.17.0-bm-6.17.done,6.17.0-bm-6.17,37,100,0
2,step-002_20260623T185347Z_6.18.0-bm-6.18.done,6.18.0-bm-6.18,38,100,0
3,step-003_20260623T185524Z_6.18.19-bm-6.18.19.done,6.18.19-bm-6.18.19,38,100,0
4,step-004_20260623T185707Z_6.19.9-bm-6.19.9.done,6.19.9-bm-6.19.9,37,100,0
5,step-005_20260623T185844Z_6.16.0-bm-6.16.done,6.16.0-bm-6.16,25,100,0
6,step-006_20260623T190019Z_6.17.0-bm-6.17.done,6.17.0-bm-6.17,37,100,0
7,step-007_20260623T190156Z_6.18.0-bm-6.18.done,6.18.0-bm-6.18,38,100,0
8,step-008_20260623T190333Z_6.18.19-bm-6.18.19.done,6.18.19-bm-6.18.19,38,100,0
9,step-009_20260623T190516Z_6.19.9-bm-6.19.9.done,6.19.9-bm-6.19.9,36,100,0
10,step-010_20260623T190653Z_6.16.0-bm-6.16.done,6.16.0-bm-6.16,25,100,0
11,step-011_20260623T190828Z_6.17.0-bm-6.17.done,6.17.0-bm-6.17,37,100,0
12,step-012_20260623T191005Z_6.18.0-bm-6.18.done,6.18.0-bm-6.18,38,100,0
13,step-013_20260623T191142Z_6.18.19-bm-6.18.19.done,6.18.19-bm-6.18.19,38,100,0
14,step-014_20260623T191324Z_6.19.9-bm-6.19.9.done,6.19.9-bm-6.19.9,37,100,0
