series	point	case	invocation	phase	round	messages	elapsed_ns	semantic_pass
socketpair-prototype	a	unconfined	0	measured	0	65536	27284725	1
socketpair-prototype	a	unconfined	0	measured	1	65536	27264007	1
socketpair-prototype	a	unconfined	0	measured	2	65536	27250885	1
socketpair-prototype	a	unconfined	0	measured	3	65536	27256002	1
socketpair-prototype	a	unconfined	0	measured	4	65536	27243897	1
socketpair-prototype	a	unconfined	0	measured	5	65536	27249370	1
socketpair-prototype	a	unconfined	0	measured	6	65536	27236795	1
socketpair-prototype	a	unconfined	0	measured	7	65536	27248194	1
socketpair-prototype	a	unconfined	0	measured	8	65536	27233523	1
socketpair-prototype	a	unconfined	0	measured	9	65536	27236938	1
socketpair-prototype	a	unconfined	0	measured	10	65536	27272259	1
socketpair-prototype	a	unconfined	0	measured	11	65536	27235621	1
socketpair-prototype	a	unconfined	0	measured	12	65536	27230240	1
socketpair-prototype	a	unconfined	0	measured	13	65536	27256056	1
socketpair-prototype	a	unconfined	0	measured	14	65536	27251599	1
socketpair-prototype	a	unconfined	1	measured	0	65536	27294958	1
socketpair-prototype	a	unconfined	1	measured	1	65536	27288591	1
socketpair-prototype	a	unconfined	1	measured	2	65536	27282077	1
socketpair-prototype	a	unconfined	1	measured	3	65536	27282602	1
socketpair-prototype	a	unconfined	1	measured	4	65536	27294213	1
socketpair-prototype	a	unconfined	1	measured	5	65536	27304813	1
socketpair-prototype	a	unconfined	1	measured	6	65536	27305742	1
socketpair-prototype	a	unconfined	1	measured	7	65536	27309374	1
socketpair-prototype	a	unconfined	1	measured	8	65536	27290724	1
socketpair-prototype	a	unconfined	1	measured	9	65536	27300705	1
socketpair-prototype	a	unconfined	1	measured	10	65536	27305592	1
socketpair-prototype	a	unconfined	1	measured	11	65536	27288922	1
socketpair-prototype	a	unconfined	1	measured	12	65536	27295078	1
socketpair-prototype	a	unconfined	1	measured	13	65536	27295358	1
socketpair-prototype	a	unconfined	1	measured	14	65536	27276383	1
socketpair-prototype	a	unconfined	2	measured	0	65536	27267759	1
socketpair-prototype	a	unconfined	2	measured	1	65536	27261565	1
socketpair-prototype	a	unconfined	2	measured	2	65536	27261520	1
socketpair-prototype	a	unconfined	2	measured	3	65536	27308149	1
socketpair-prototype	a	unconfined	2	measured	4	65536	27262073	1
socketpair-prototype	a	unconfined	2	measured	5	65536	27277670	1
socketpair-prototype	a	unconfined	2	measured	6	65536	27241091	1
socketpair-prototype	a	unconfined	2	measured	7	65536	27249195	1
socketpair-prototype	a	unconfined	2	measured	8	65536	27255842	1
socketpair-prototype	a	unconfined	2	measured	9	65536	27259200	1
socketpair-prototype	a	unconfined	2	measured	10	65536	27271120	1
socketpair-prototype	a	unconfined	2	measured	11	65536	27250556	1
socketpair-prototype	a	unconfined	2	measured	12	65536	27245347	1
socketpair-prototype	a	unconfined	2	measured	13	65536	27237758	1
socketpair-prototype	a	unconfined	2	measured	14	65536	27235494	1
socketpair-prototype	b	unconfined	0	measured	0	65536	23608245	1
socketpair-prototype	b	unconfined	0	measured	1	65536	23589605	1
socketpair-prototype	b	unconfined	0	measured	2	65536	23585884	1
socketpair-prototype	b	unconfined	0	measured	3	65536	23578860	1
socketpair-prototype	b	unconfined	0	measured	4	65536	23582868	1
socketpair-prototype	b	unconfined	0	measured	5	65536	23595013	1
socketpair-prototype	b	unconfined	0	measured	6	65536	23569193	1
socketpair-prototype	b	unconfined	0	measured	7	65536	23570379	1
socketpair-prototype	b	unconfined	0	measured	8	65536	23587671	1
socketpair-prototype	b	unconfined	0	measured	9	65536	23571894	1
socketpair-prototype	b	unconfined	0	measured	10	65536	23660385	1
socketpair-prototype	b	unconfined	0	measured	11	65536	23564681	1
socketpair-prototype	b	unconfined	0	measured	12	65536	23570072	1
socketpair-prototype	b	unconfined	0	measured	13	65536	23568168	1
socketpair-prototype	b	unconfined	0	measured	14	65536	23564416	1
socketpair-prototype	b	unconfined	1	measured	0	65536	23498437	1
socketpair-prototype	b	unconfined	1	measured	1	65536	23500531	1
socketpair-prototype	b	unconfined	1	measured	2	65536	23501261	1
socketpair-prototype	b	unconfined	1	measured	3	65536	23496447	1
socketpair-prototype	b	unconfined	1	measured	4	65536	23487447	1
socketpair-prototype	b	unconfined	1	measured	5	65536	23506244	1
socketpair-prototype	b	unconfined	1	measured	6	65536	23520004	1
socketpair-prototype	b	unconfined	1	measured	7	65536	23521086	1
socketpair-prototype	b	unconfined	1	measured	8	65536	23519777	1
socketpair-prototype	b	unconfined	1	measured	9	65536	23512998	1
socketpair-prototype	b	unconfined	1	measured	10	65536	23519662	1
socketpair-prototype	b	unconfined	1	measured	11	65536	23516388	1
socketpair-prototype	b	unconfined	1	measured	12	65536	23498533	1
socketpair-prototype	b	unconfined	1	measured	13	65536	23499929	1
socketpair-prototype	b	unconfined	1	measured	14	65536	23579252	1
socketpair-prototype	b	unconfined	2	measured	0	65536	23577926	1
socketpair-prototype	b	unconfined	2	measured	1	65536	23578590	1
socketpair-prototype	b	unconfined	2	measured	2	65536	23561053	1
socketpair-prototype	b	unconfined	2	measured	3	65536	23572111	1
socketpair-prototype	b	unconfined	2	measured	4	65536	23574112	1
socketpair-prototype	b	unconfined	2	measured	5	65536	23573541	1
socketpair-prototype	b	unconfined	2	measured	6	65536	23579511	1
socketpair-prototype	b	unconfined	2	measured	7	65536	23584957	1
socketpair-prototype	b	unconfined	2	measured	8	65536	23580552	1
socketpair-prototype	b	unconfined	2	measured	9	65536	23568942	1
socketpair-prototype	b	unconfined	2	measured	10	65536	23573412	1
socketpair-prototype	b	unconfined	2	measured	11	65536	23569616	1
socketpair-prototype	b	unconfined	2	measured	12	65536	23580427	1
socketpair-prototype	b	unconfined	2	measured	13	65536	23572443	1
socketpair-prototype	b	unconfined	2	measured	14	65536	23561690	1
socketpair-prototype	a2	unconfined	0	measured	0	65536	26743457	1
socketpair-prototype	a2	unconfined	0	measured	1	65536	26739242	1
socketpair-prototype	a2	unconfined	0	measured	2	65536	26726688	1
socketpair-prototype	a2	unconfined	0	measured	3	65536	26731421	1
socketpair-prototype	a2	unconfined	0	measured	4	65536	26726810	1
socketpair-prototype	a2	unconfined	0	measured	5	65536	26706133	1
socketpair-prototype	a2	unconfined	0	measured	6	65536	26730468	1
socketpair-prototype	a2	unconfined	0	measured	7	65536	26725736	1
socketpair-prototype	a2	unconfined	0	measured	8	65536	26748536	1
socketpair-prototype	a2	unconfined	0	measured	9	65536	26726251	1
socketpair-prototype	a2	unconfined	0	measured	10	65536	26739229	1
socketpair-prototype	a2	unconfined	0	measured	11	65536	26712975	1
socketpair-prototype	a2	unconfined	0	measured	12	65536	26718528	1
socketpair-prototype	a2	unconfined	0	measured	13	65536	26742553	1
socketpair-prototype	a2	unconfined	0	measured	14	65536	26838517	1
socketpair-prototype	a2	unconfined	1	measured	0	65536	26838935	1
socketpair-prototype	a2	unconfined	1	measured	1	65536	26833459	1
socketpair-prototype	a2	unconfined	1	measured	2	65536	26849031	1
socketpair-prototype	a2	unconfined	1	measured	3	65536	26826201	1
socketpair-prototype	a2	unconfined	1	measured	4	65536	26830618	1
socketpair-prototype	a2	unconfined	1	measured	5	65536	26845086	1
socketpair-prototype	a2	unconfined	1	measured	6	65536	26837175	1
socketpair-prototype	a2	unconfined	1	measured	7	65536	26836768	1
socketpair-prototype	a2	unconfined	1	measured	8	65536	26835965	1
socketpair-prototype	a2	unconfined	1	measured	9	65536	26854144	1
socketpair-prototype	a2	unconfined	1	measured	10	65536	26853860	1
socketpair-prototype	a2	unconfined	1	measured	11	65536	26842184	1
socketpair-prototype	a2	unconfined	1	measured	12	65536	26835072	1
socketpair-prototype	a2	unconfined	1	measured	13	65536	26837949	1
socketpair-prototype	a2	unconfined	1	measured	14	65536	26844643	1
socketpair-prototype	a2	unconfined	2	measured	0	65536	26778744	1
socketpair-prototype	a2	unconfined	2	measured	1	65536	26777465	1
socketpair-prototype	a2	unconfined	2	measured	2	65536	26782639	1
socketpair-prototype	a2	unconfined	2	measured	3	65536	26775984	1
socketpair-prototype	a2	unconfined	2	measured	4	65536	26779554	1
socketpair-prototype	a2	unconfined	2	measured	5	65536	26804323	1
socketpair-prototype	a2	unconfined	2	measured	6	65536	26782583	1
socketpair-prototype	a2	unconfined	2	measured	7	65536	26783356	1
socketpair-prototype	a2	unconfined	2	measured	8	65536	26777611	1
socketpair-prototype	a2	unconfined	2	measured	9	65536	26766097	1
socketpair-prototype	a2	unconfined	2	measured	10	65536	26772782	1
socketpair-prototype	a2	unconfined	2	measured	11	65536	26777744	1
socketpair-prototype	a2	unconfined	2	measured	12	65536	26778491	1
socketpair-prototype	a2	unconfined	2	measured	13	65536	26801529	1
socketpair-prototype	a2	unconfined	2	measured	14	65536	26764080	1
two-process-prototype	a	unconfined	0	warmup	0	65536	31884249	1
two-process-prototype	a	unconfined	0	warmup	1	65536	31643737	1
two-process-prototype	a	unconfined	0	warmup	2	65536	29875787	1
two-process-prototype	a	unconfined	0	measured	3	65536	29862241	1
two-process-prototype	a	unconfined	0	measured	4	65536	29902757	1
two-process-prototype	a	unconfined	0	measured	5	65536	29996337	1
two-process-prototype	a	unconfined	0	measured	6	65536	29955484	1
two-process-prototype	a	unconfined	0	measured	7	65536	30012530	1
two-process-prototype	a	unconfined	0	measured	8	65536	30007857	1
two-process-prototype	a	unconfined	0	measured	9	65536	29979676	1
two-process-prototype	a	unconfined	0	measured	10	65536	29988756	1
two-process-prototype	a	unconfined	0	measured	11	65536	29991464	1
two-process-prototype	a	unconfined	0	measured	12	65536	29994452	1
two-process-prototype	a	unconfined	0	measured	13	65536	30021037	1
two-process-prototype	a	unconfined	0	measured	14	65536	29993446	1
two-process-prototype	a	unconfined	0	measured	15	65536	30001993	1
two-process-prototype	a	unconfined	0	measured	16	65536	30003876	1
two-process-prototype	a	unconfined	0	measured	17	65536	30001904	1
two-process-prototype	a	sender-confined	0	warmup	0	65536	37313835	1
two-process-prototype	a	sender-confined	0	warmup	1	65536	37307233	1
two-process-prototype	a	sender-confined	0	warmup	2	65536	37302694	1
two-process-prototype	a	sender-confined	0	measured	3	65536	37324284	1
two-process-prototype	a	sender-confined	0	measured	4	65536	37311532	1
two-process-prototype	a	sender-confined	0	measured	5	65536	37282305	1
two-process-prototype	a	sender-confined	0	measured	6	65536	37305142	1
two-process-prototype	a	sender-confined	0	measured	7	65536	37289888	1
two-process-prototype	a	sender-confined	0	measured	8	65536	37290848	1
two-process-prototype	a	sender-confined	0	measured	9	65536	37288835	1
two-process-prototype	a	sender-confined	0	measured	10	65536	37299816	1
two-process-prototype	a	sender-confined	0	measured	11	65536	37321395	1
two-process-prototype	a	sender-confined	0	measured	12	65536	37334670	1
two-process-prototype	a	sender-confined	0	measured	13	65536	37312039	1
two-process-prototype	a	sender-confined	0	measured	14	65536	37338925	1
two-process-prototype	a	sender-confined	0	measured	15	65536	37360539	1
two-process-prototype	a	sender-confined	0	measured	16	65536	37352110	1
two-process-prototype	a	sender-confined	0	measured	17	65536	37330913	1
two-process-prototype	a	receiver-confined	0	warmup	0	65536	37990130	1
two-process-prototype	a	receiver-confined	0	warmup	1	65536	37977485	1
two-process-prototype	a	receiver-confined	0	warmup	2	65536	37990580	1
two-process-prototype	a	receiver-confined	0	measured	3	65536	37968610	1
two-process-prototype	a	receiver-confined	0	measured	4	65536	37969009	1
two-process-prototype	a	receiver-confined	0	measured	5	65536	37969923	1
two-process-prototype	a	receiver-confined	0	measured	6	65536	37952196	1
two-process-prototype	a	receiver-confined	0	measured	7	65536	37957432	1
two-process-prototype	a	receiver-confined	0	measured	8	65536	37960274	1
two-process-prototype	a	receiver-confined	0	measured	9	65536	37979755	1
two-process-prototype	a	receiver-confined	0	measured	10	65536	37962521	1
two-process-prototype	a	receiver-confined	0	measured	11	65536	37974572	1
two-process-prototype	a	receiver-confined	0	measured	12	65536	37966368	1
two-process-prototype	a	receiver-confined	0	measured	13	65536	37982904	1
two-process-prototype	a	receiver-confined	0	measured	14	65536	37973529	1
two-process-prototype	a	receiver-confined	0	measured	15	65536	37985122	1
two-process-prototype	a	receiver-confined	0	measured	16	65536	37977347	1
two-process-prototype	a	receiver-confined	0	measured	17	65536	37981604	1
two-process-prototype	a	both-confined	0	warmup	0	65536	48572406	1
two-process-prototype	a	both-confined	0	warmup	1	65536	48559291	1
two-process-prototype	a	both-confined	0	warmup	2	65536	48537207	1
two-process-prototype	a	both-confined	0	measured	3	65536	48525539	1
two-process-prototype	a	both-confined	0	measured	4	65536	48524925	1
two-process-prototype	a	both-confined	0	measured	5	65536	48525850	1
two-process-prototype	a	both-confined	0	measured	6	65536	48533822	1
two-process-prototype	a	both-confined	0	measured	7	65536	48526852	1
two-process-prototype	a	both-confined	0	measured	8	65536	48533740	1
two-process-prototype	a	both-confined	0	measured	9	65536	48534032	1
two-process-prototype	a	both-confined	0	measured	10	65536	48525261	1
two-process-prototype	a	both-confined	0	measured	11	65536	48512394	1
two-process-prototype	a	both-confined	0	measured	12	65536	48541031	1
two-process-prototype	a	both-confined	0	measured	13	65536	48555913	1
two-process-prototype	a	both-confined	0	measured	14	65536	48542697	1
two-process-prototype	a	both-confined	0	measured	15	65536	48531948	1
two-process-prototype	a	both-confined	0	measured	16	65536	48513731	1
two-process-prototype	a	both-confined	0	measured	17	65536	48525632	1
two-process-prototype	a	unconfined	1	warmup	0	65536	29934969	1
two-process-prototype	a	unconfined	1	warmup	1	65536	29904220	1
two-process-prototype	a	unconfined	1	warmup	2	65536	29918123	1
two-process-prototype	a	unconfined	1	measured	3	65536	29933105	1
two-process-prototype	a	unconfined	1	measured	4	65536	29928643	1
two-process-prototype	a	unconfined	1	measured	5	65536	29928473	1
two-process-prototype	a	unconfined	1	measured	6	65536	29947742	1
two-process-prototype	a	unconfined	1	measured	7	65536	29937349	1
two-process-prototype	a	unconfined	1	measured	8	65536	29919856	1
two-process-prototype	a	unconfined	1	measured	9	65536	29906414	1
two-process-prototype	a	unconfined	1	measured	10	65536	29886014	1
two-process-prototype	a	unconfined	1	measured	11	65536	29901561	1
two-process-prototype	a	unconfined	1	measured	12	65536	29953803	1
two-process-prototype	a	unconfined	1	measured	13	65536	29878200	1
two-process-prototype	a	unconfined	1	measured	14	65536	29913742	1
two-process-prototype	a	unconfined	1	measured	15	65536	29935834	1
two-process-prototype	a	unconfined	1	measured	16	65536	29914026	1
two-process-prototype	a	unconfined	1	measured	17	65536	29920777	1
two-process-prototype	a	sender-confined	1	warmup	0	65536	37354762	1
two-process-prototype	a	sender-confined	1	warmup	1	65536	37365734	1
two-process-prototype	a	sender-confined	1	warmup	2	65536	37388516	1
two-process-prototype	a	sender-confined	1	measured	3	65536	37382999	1
two-process-prototype	a	sender-confined	1	measured	4	65536	37370728	1
two-process-prototype	a	sender-confined	1	measured	5	65536	37404069	1
two-process-prototype	a	sender-confined	1	measured	6	65536	37465257	1
two-process-prototype	a	sender-confined	1	measured	7	65536	37388820	1
two-process-prototype	a	sender-confined	1	measured	8	65536	37377421	1
two-process-prototype	a	sender-confined	1	measured	9	65536	37401219	1
two-process-prototype	a	sender-confined	1	measured	10	65536	37393937	1
two-process-prototype	a	sender-confined	1	measured	11	65536	37384312	1
two-process-prototype	a	sender-confined	1	measured	12	65536	37419835	1
two-process-prototype	a	sender-confined	1	measured	13	65536	37421211	1
two-process-prototype	a	sender-confined	1	measured	14	65536	37405512	1
two-process-prototype	a	sender-confined	1	measured	15	65536	37428085	1
two-process-prototype	a	sender-confined	1	measured	16	65536	37398138	1
two-process-prototype	a	sender-confined	1	measured	17	65536	37405369	1
two-process-prototype	a	receiver-confined	1	warmup	0	65536	37541614	1
two-process-prototype	a	receiver-confined	1	warmup	1	65536	37520321	1
two-process-prototype	a	receiver-confined	1	warmup	2	65536	37522524	1
two-process-prototype	a	receiver-confined	1	measured	3	65536	37538324	1
two-process-prototype	a	receiver-confined	1	measured	4	65536	37538777	1
two-process-prototype	a	receiver-confined	1	measured	5	65536	37553568	1
two-process-prototype	a	receiver-confined	1	measured	6	65536	37537149	1
two-process-prototype	a	receiver-confined	1	measured	7	65536	37539102	1
two-process-prototype	a	receiver-confined	1	measured	8	65536	37532965	1
two-process-prototype	a	receiver-confined	1	measured	9	65536	37535442	1
two-process-prototype	a	receiver-confined	1	measured	10	65536	37530652	1
two-process-prototype	a	receiver-confined	1	measured	11	65536	37528737	1
two-process-prototype	a	receiver-confined	1	measured	12	65536	37524641	1
two-process-prototype	a	receiver-confined	1	measured	13	65536	37527818	1
two-process-prototype	a	receiver-confined	1	measured	14	65536	37544181	1
two-process-prototype	a	receiver-confined	1	measured	15	65536	37527305	1
two-process-prototype	a	receiver-confined	1	measured	16	65536	37555343	1
two-process-prototype	a	receiver-confined	1	measured	17	65536	37526520	1
two-process-prototype	a	both-confined	1	warmup	0	65536	48630242	1
two-process-prototype	a	both-confined	1	warmup	1	65536	48597516	1
two-process-prototype	a	both-confined	1	warmup	2	65536	48613692	1
two-process-prototype	a	both-confined	1	measured	3	65536	48607901	1
two-process-prototype	a	both-confined	1	measured	4	65536	48654710	1
two-process-prototype	a	both-confined	1	measured	5	65536	48655985	1
two-process-prototype	a	both-confined	1	measured	6	65536	48611807	1
two-process-prototype	a	both-confined	1	measured	7	65536	48616239	1
two-process-prototype	a	both-confined	1	measured	8	65536	48624819	1
two-process-prototype	a	both-confined	1	measured	9	65536	48607594	1
two-process-prototype	a	both-confined	1	measured	10	65536	48615796	1
two-process-prototype	a	both-confined	1	measured	11	65536	48625820	1
two-process-prototype	a	both-confined	1	measured	12	65536	48605921	1
two-process-prototype	a	both-confined	1	measured	13	65536	48612346	1
two-process-prototype	a	both-confined	1	measured	14	65536	48624933	1
two-process-prototype	a	both-confined	1	measured	15	65536	48633524	1
two-process-prototype	a	both-confined	1	measured	16	65536	48633033	1
two-process-prototype	a	both-confined	1	measured	17	65536	48618369	1
two-process-prototype	a	unconfined	2	warmup	0	65536	29670133	1
two-process-prototype	a	unconfined	2	warmup	1	65536	29677823	1
two-process-prototype	a	unconfined	2	warmup	2	65536	29647500	1
two-process-prototype	a	unconfined	2	measured	3	65536	29648157	1
two-process-prototype	a	unconfined	2	measured	4	65536	29660364	1
two-process-prototype	a	unconfined	2	measured	5	65536	29674841	1
two-process-prototype	a	unconfined	2	measured	6	65536	29638421	1
two-process-prototype	a	unconfined	2	measured	7	65536	29653756	1
two-process-prototype	a	unconfined	2	measured	8	65536	29648619	1
two-process-prototype	a	unconfined	2	measured	9	65536	29643328	1
two-process-prototype	a	unconfined	2	measured	10	65536	29641020	1
two-process-prototype	a	unconfined	2	measured	11	65536	29678540	1
two-process-prototype	a	unconfined	2	measured	12	65536	29683749	1
two-process-prototype	a	unconfined	2	measured	13	65536	29662884	1
two-process-prototype	a	unconfined	2	measured	14	65536	29672944	1
two-process-prototype	a	unconfined	2	measured	15	65536	29663670	1
two-process-prototype	a	unconfined	2	measured	16	65536	29671315	1
two-process-prototype	a	unconfined	2	measured	17	65536	29671223	1
two-process-prototype	a	sender-confined	2	warmup	0	65536	37289501	1
two-process-prototype	a	sender-confined	2	warmup	1	65536	37288642	1
two-process-prototype	a	sender-confined	2	warmup	2	65536	37313273	1
two-process-prototype	a	sender-confined	2	measured	3	65536	37308947	1
two-process-prototype	a	sender-confined	2	measured	4	65536	37288274	1
two-process-prototype	a	sender-confined	2	measured	5	65536	37296264	1
two-process-prototype	a	sender-confined	2	measured	6	65536	37322938	1
two-process-prototype	a	sender-confined	2	measured	7	65536	37298490	1
two-process-prototype	a	sender-confined	2	measured	8	65536	37314337	1
two-process-prototype	a	sender-confined	2	measured	9	65536	37292357	1
two-process-prototype	a	sender-confined	2	measured	10	65536	37309667	1
two-process-prototype	a	sender-confined	2	measured	11	65536	37305504	1
two-process-prototype	a	sender-confined	2	measured	12	65536	37281721	1
two-process-prototype	a	sender-confined	2	measured	13	65536	37298495	1
two-process-prototype	a	sender-confined	2	measured	14	65536	37299140	1
two-process-prototype	a	sender-confined	2	measured	15	65536	37261979	1
two-process-prototype	a	sender-confined	2	measured	16	65536	37297120	1
two-process-prototype	a	sender-confined	2	measured	17	65536	37293759	1
two-process-prototype	a	receiver-confined	2	warmup	0	65536	37824162	1
two-process-prototype	a	receiver-confined	2	warmup	1	65536	37849655	1
two-process-prototype	a	receiver-confined	2	warmup	2	65536	37838891	1
two-process-prototype	a	receiver-confined	2	measured	3	65536	37836737	1
two-process-prototype	a	receiver-confined	2	measured	4	65536	37833989	1
two-process-prototype	a	receiver-confined	2	measured	5	65536	37845552	1
two-process-prototype	a	receiver-confined	2	measured	6	65536	37826507	1
two-process-prototype	a	receiver-confined	2	measured	7	65536	37820488	1
two-process-prototype	a	receiver-confined	2	measured	8	65536	37842719	1
two-process-prototype	a	receiver-confined	2	measured	9	65536	37867518	1
two-process-prototype	a	receiver-confined	2	measured	10	65536	37856852	1
two-process-prototype	a	receiver-confined	2	measured	11	65536	37843688	1
two-process-prototype	a	receiver-confined	2	measured	12	65536	37835037	1
two-process-prototype	a	receiver-confined	2	measured	13	65536	37847097	1
two-process-prototype	a	receiver-confined	2	measured	14	65536	37828083	1
two-process-prototype	a	receiver-confined	2	measured	15	65536	37851787	1
two-process-prototype	a	receiver-confined	2	measured	16	65536	37834297	1
two-process-prototype	a	receiver-confined	2	measured	17	65536	37835636	1
two-process-prototype	a	both-confined	2	warmup	0	65536	48502291	1
two-process-prototype	a	both-confined	2	warmup	1	65536	48467946	1
two-process-prototype	a	both-confined	2	warmup	2	65536	48484956	1
two-process-prototype	a	both-confined	2	measured	3	65536	48471288	1
two-process-prototype	a	both-confined	2	measured	4	65536	48481361	1
two-process-prototype	a	both-confined	2	measured	5	65536	48481018	1
two-process-prototype	a	both-confined	2	measured	6	65536	48485434	1
two-process-prototype	a	both-confined	2	measured	7	65536	48483451	1
two-process-prototype	a	both-confined	2	measured	8	65536	48502478	1
two-process-prototype	a	both-confined	2	measured	9	65536	48497509	1
two-process-prototype	a	both-confined	2	measured	10	65536	48511283	1
two-process-prototype	a	both-confined	2	measured	11	65536	48505677	1
two-process-prototype	a	both-confined	2	measured	12	65536	48509954	1
two-process-prototype	a	both-confined	2	measured	13	65536	48488733	1
two-process-prototype	a	both-confined	2	measured	14	65536	48508688	1
two-process-prototype	a	both-confined	2	measured	15	65536	48510221	1
two-process-prototype	a	both-confined	2	measured	16	65536	48508288	1
two-process-prototype	a	both-confined	2	measured	17	65536	48489374	1
two-process-prototype	b	unconfined	0	warmup	0	65536	28949800	1
two-process-prototype	b	unconfined	0	warmup	1	65536	28975683	1
two-process-prototype	b	unconfined	0	warmup	2	65536	28972998	1
two-process-prototype	b	unconfined	0	measured	3	65536	28711564	1
two-process-prototype	b	unconfined	0	measured	4	65536	26858487	1
two-process-prototype	b	unconfined	0	measured	5	65536	26835217	1
two-process-prototype	b	unconfined	0	measured	6	65536	26821840	1
two-process-prototype	b	unconfined	0	measured	7	65536	26833315	1
two-process-prototype	b	unconfined	0	measured	8	65536	26826610	1
two-process-prototype	b	unconfined	0	measured	9	65536	26843079	1
two-process-prototype	b	unconfined	0	measured	10	65536	26831318	1
two-process-prototype	b	unconfined	0	measured	11	65536	26824588	1
two-process-prototype	b	unconfined	0	measured	12	65536	26826876	1
two-process-prototype	b	unconfined	0	measured	13	65536	26826856	1
two-process-prototype	b	unconfined	0	measured	14	65536	26834586	1
two-process-prototype	b	unconfined	0	measured	15	65536	26810235	1
two-process-prototype	b	unconfined	0	measured	16	65536	26837543	1
two-process-prototype	b	unconfined	0	measured	17	65536	26833723	1
two-process-prototype	b	sender-confined	0	warmup	0	65536	36917615	1
two-process-prototype	b	sender-confined	0	warmup	1	65536	36954711	1
two-process-prototype	b	sender-confined	0	warmup	2	65536	36909955	1
two-process-prototype	b	sender-confined	0	measured	3	65536	36947044	1
two-process-prototype	b	sender-confined	0	measured	4	65536	36945906	1
two-process-prototype	b	sender-confined	0	measured	5	65536	36936834	1
two-process-prototype	b	sender-confined	0	measured	6	65536	37040501	1
two-process-prototype	b	sender-confined	0	measured	7	65536	36932593	1
two-process-prototype	b	sender-confined	0	measured	8	65536	36922925	1
two-process-prototype	b	sender-confined	0	measured	9	65536	37014309	1
two-process-prototype	b	sender-confined	0	measured	10	65536	36982146	1
two-process-prototype	b	sender-confined	0	measured	11	65536	36938402	1
two-process-prototype	b	sender-confined	0	measured	12	65536	36993993	1
two-process-prototype	b	sender-confined	0	measured	13	65536	37007546	1
two-process-prototype	b	sender-confined	0	measured	14	65536	36907489	1
two-process-prototype	b	sender-confined	0	measured	15	65536	36956667	1
two-process-prototype	b	sender-confined	0	measured	16	65536	36944465	1
two-process-prototype	b	sender-confined	0	measured	17	65536	36943806	1
two-process-prototype	b	receiver-confined	0	warmup	0	65536	36816372	1
two-process-prototype	b	receiver-confined	0	warmup	1	65536	36810889	1
two-process-prototype	b	receiver-confined	0	warmup	2	65536	36832449	1
two-process-prototype	b	receiver-confined	0	measured	3	65536	36810470	1
two-process-prototype	b	receiver-confined	0	measured	4	65536	36812421	1
two-process-prototype	b	receiver-confined	0	measured	5	65536	36831638	1
two-process-prototype	b	receiver-confined	0	measured	6	65536	36846818	1
two-process-prototype	b	receiver-confined	0	measured	7	65536	36859694	1
two-process-prototype	b	receiver-confined	0	measured	8	65536	36855446	1
two-process-prototype	b	receiver-confined	0	measured	9	65536	36853937	1
two-process-prototype	b	receiver-confined	0	measured	10	65536	36834307	1
two-process-prototype	b	receiver-confined	0	measured	11	65536	36815466	1
two-process-prototype	b	receiver-confined	0	measured	12	65536	36848657	1
two-process-prototype	b	receiver-confined	0	measured	13	65536	36814781	1
two-process-prototype	b	receiver-confined	0	measured	14	65536	36808216	1
two-process-prototype	b	receiver-confined	0	measured	15	65536	36789847	1
two-process-prototype	b	receiver-confined	0	measured	16	65536	36799025	1
two-process-prototype	b	receiver-confined	0	measured	17	65536	36817441	1
two-process-prototype	b	both-confined	0	warmup	0	65536	48881146	1
two-process-prototype	b	both-confined	0	warmup	1	65536	48891506	1
two-process-prototype	b	both-confined	0	warmup	2	65536	48877458	1
two-process-prototype	b	both-confined	0	measured	3	65536	48884944	1
two-process-prototype	b	both-confined	0	measured	4	65536	48838977	1
two-process-prototype	b	both-confined	0	measured	5	65536	48929964	1
two-process-prototype	b	both-confined	0	measured	6	65536	48942459	1
two-process-prototype	b	both-confined	0	measured	7	65536	48918567	1
two-process-prototype	b	both-confined	0	measured	8	65536	49102895	1
two-process-prototype	b	both-confined	0	measured	9	65536	49116940	1
two-process-prototype	b	both-confined	0	measured	10	65536	49372842	1
two-process-prototype	b	both-confined	0	measured	11	65536	48920394	1
two-process-prototype	b	both-confined	0	measured	12	65536	48819007	1
two-process-prototype	b	both-confined	0	measured	13	65536	49768339	1
two-process-prototype	b	both-confined	0	measured	14	65536	49049460	1
two-process-prototype	b	both-confined	0	measured	15	65536	49283069	1
two-process-prototype	b	both-confined	0	measured	16	65536	49166278	1
two-process-prototype	b	both-confined	0	measured	17	65536	48916832	1
two-process-prototype	b	unconfined	1	warmup	0	65536	26989414	1
two-process-prototype	b	unconfined	1	warmup	1	65536	26959568	1
two-process-prototype	b	unconfined	1	warmup	2	65536	26975890	1
two-process-prototype	b	unconfined	1	measured	3	65536	26962381	1
two-process-prototype	b	unconfined	1	measured	4	65536	26960657	1
two-process-prototype	b	unconfined	1	measured	5	65536	26978065	1
two-process-prototype	b	unconfined	1	measured	6	65536	26942436	1
two-process-prototype	b	unconfined	1	measured	7	65536	26948858	1
two-process-prototype	b	unconfined	1	measured	8	65536	26965842	1
two-process-prototype	b	unconfined	1	measured	9	65536	26963577	1
two-process-prototype	b	unconfined	1	measured	10	65536	26968168	1
two-process-prototype	b	unconfined	1	measured	11	65536	26979119	1
two-process-prototype	b	unconfined	1	measured	12	65536	26950500	1
two-process-prototype	b	unconfined	1	measured	13	65536	26962092	1
two-process-prototype	b	unconfined	1	measured	14	65536	26965563	1
two-process-prototype	b	unconfined	1	measured	15	65536	26967312	1
two-process-prototype	b	unconfined	1	measured	16	65536	26960261	1
two-process-prototype	b	unconfined	1	measured	17	65536	26964190	1
two-process-prototype	b	sender-confined	1	warmup	0	65536	36843426	1
two-process-prototype	b	sender-confined	1	warmup	1	65536	36794012	1
two-process-prototype	b	sender-confined	1	warmup	2	65536	36792250	1
two-process-prototype	b	sender-confined	1	measured	3	65536	36768954	1
two-process-prototype	b	sender-confined	1	measured	4	65536	36795491	1
two-process-prototype	b	sender-confined	1	measured	5	65536	36767227	1
two-process-prototype	b	sender-confined	1	measured	6	65536	36800259	1
two-process-prototype	b	sender-confined	1	measured	7	65536	36809226	1
two-process-prototype	b	sender-confined	1	measured	8	65536	36804154	1
two-process-prototype	b	sender-confined	1	measured	9	65536	36779422	1
two-process-prototype	b	sender-confined	1	measured	10	65536	36781783	1
two-process-prototype	b	sender-confined	1	measured	11	65536	36790758	1
two-process-prototype	b	sender-confined	1	measured	12	65536	36789153	1
two-process-prototype	b	sender-confined	1	measured	13	65536	36810411	1
two-process-prototype	b	sender-confined	1	measured	14	65536	36816243	1
two-process-prototype	b	sender-confined	1	measured	15	65536	36798318	1
two-process-prototype	b	sender-confined	1	measured	16	65536	36810569	1
two-process-prototype	b	sender-confined	1	measured	17	65536	36820262	1
two-process-prototype	b	receiver-confined	1	warmup	0	65536	37100348	1
two-process-prototype	b	receiver-confined	1	warmup	1	65536	37103718	1
two-process-prototype	b	receiver-confined	1	warmup	2	65536	37093467	1
two-process-prototype	b	receiver-confined	1	measured	3	65536	37082306	1
two-process-prototype	b	receiver-confined	1	measured	4	65536	37081036	1
two-process-prototype	b	receiver-confined	1	measured	5	65536	37057135	1
two-process-prototype	b	receiver-confined	1	measured	6	65536	37100447	1
two-process-prototype	b	receiver-confined	1	measured	7	65536	37100466	1
two-process-prototype	b	receiver-confined	1	measured	8	65536	37079411	1
two-process-prototype	b	receiver-confined	1	measured	9	65536	37055536	1
two-process-prototype	b	receiver-confined	1	measured	10	65536	37058616	1
two-process-prototype	b	receiver-confined	1	measured	11	65536	37058355	1
two-process-prototype	b	receiver-confined	1	measured	12	65536	37073424	1
two-process-prototype	b	receiver-confined	1	measured	13	65536	37057590	1
two-process-prototype	b	receiver-confined	1	measured	14	65536	37065088	1
two-process-prototype	b	receiver-confined	1	measured	15	65536	37054095	1
two-process-prototype	b	receiver-confined	1	measured	16	65536	37083298	1
two-process-prototype	b	receiver-confined	1	measured	17	65536	37074997	1
two-process-prototype	b	both-confined	1	warmup	0	65536	49186865	1
two-process-prototype	b	both-confined	1	warmup	1	65536	49176031	1
two-process-prototype	b	both-confined	1	warmup	2	65536	49164407	1
two-process-prototype	b	both-confined	1	measured	3	65536	49148410	1
two-process-prototype	b	both-confined	1	measured	4	65536	49207074	1
two-process-prototype	b	both-confined	1	measured	5	65536	49156013	1
two-process-prototype	b	both-confined	1	measured	6	65536	49170566	1
two-process-prototype	b	both-confined	1	measured	7	65536	49181688	1
two-process-prototype	b	both-confined	1	measured	8	65536	49154191	1
two-process-prototype	b	both-confined	1	measured	9	65536	49159345	1
two-process-prototype	b	both-confined	1	measured	10	65536	49185642	1
two-process-prototype	b	both-confined	1	measured	11	65536	49188087	1
two-process-prototype	b	both-confined	1	measured	12	65536	49160466	1
two-process-prototype	b	both-confined	1	measured	13	65536	49169856	1
two-process-prototype	b	both-confined	1	measured	14	65536	49200774	1
two-process-prototype	b	both-confined	1	measured	15	65536	49219963	1
two-process-prototype	b	both-confined	1	measured	16	65536	49221409	1
two-process-prototype	b	both-confined	1	measured	17	65536	49152042	1
two-process-prototype	b	unconfined	2	warmup	0	65536	27109199	1
two-process-prototype	b	unconfined	2	warmup	1	65536	27091931	1
two-process-prototype	b	unconfined	2	warmup	2	65536	27080393	1
two-process-prototype	b	unconfined	2	measured	3	65536	27086290	1
two-process-prototype	b	unconfined	2	measured	4	65536	27089377	1
two-process-prototype	b	unconfined	2	measured	5	65536	27096727	1
two-process-prototype	b	unconfined	2	measured	6	65536	27084444	1
two-process-prototype	b	unconfined	2	measured	7	65536	27095833	1
two-process-prototype	b	unconfined	2	measured	8	65536	27099531	1
two-process-prototype	b	unconfined	2	measured	9	65536	27089081	1
two-process-prototype	b	unconfined	2	measured	10	65536	27088710	1
two-process-prototype	b	unconfined	2	measured	11	65536	27095088	1
two-process-prototype	b	unconfined	2	measured	12	65536	27107258	1
two-process-prototype	b	unconfined	2	measured	13	65536	27097432	1
two-process-prototype	b	unconfined	2	measured	14	65536	27092845	1
two-process-prototype	b	unconfined	2	measured	15	65536	27101863	1
two-process-prototype	b	unconfined	2	measured	16	65536	27086819	1
two-process-prototype	b	unconfined	2	measured	17	65536	27085392	1
two-process-prototype	b	sender-confined	2	warmup	0	65536	36727178	1
two-process-prototype	b	sender-confined	2	warmup	1	65536	36695623	1
two-process-prototype	b	sender-confined	2	warmup	2	65536	36692891	1
two-process-prototype	b	sender-confined	2	measured	3	65536	36720323	1
two-process-prototype	b	sender-confined	2	measured	4	65536	36710415	1
two-process-prototype	b	sender-confined	2	measured	5	65536	36664546	1
two-process-prototype	b	sender-confined	2	measured	6	65536	36674034	1
two-process-prototype	b	sender-confined	2	measured	7	65536	36717781	1
two-process-prototype	b	sender-confined	2	measured	8	65536	36772588	1
two-process-prototype	b	sender-confined	2	measured	9	65536	36737752	1
two-process-prototype	b	sender-confined	2	measured	10	65536	36685454	1
two-process-prototype	b	sender-confined	2	measured	11	65536	36697918	1
two-process-prototype	b	sender-confined	2	measured	12	65536	36679573	1
two-process-prototype	b	sender-confined	2	measured	13	65536	36677790	1
two-process-prototype	b	sender-confined	2	measured	14	65536	36670241	1
two-process-prototype	b	sender-confined	2	measured	15	65536	36667755	1
two-process-prototype	b	sender-confined	2	measured	16	65536	36686776	1
two-process-prototype	b	sender-confined	2	measured	17	65536	36654425	1
two-process-prototype	b	receiver-confined	2	warmup	0	65536	36763077	1
two-process-prototype	b	receiver-confined	2	warmup	1	65536	36744247	1
two-process-prototype	b	receiver-confined	2	warmup	2	65536	36853462	1
two-process-prototype	b	receiver-confined	2	measured	3	65536	36751721	1
two-process-prototype	b	receiver-confined	2	measured	4	65536	36759567	1
two-process-prototype	b	receiver-confined	2	measured	5	65536	36746161	1
two-process-prototype	b	receiver-confined	2	measured	6	65536	36746189	1
two-process-prototype	b	receiver-confined	2	measured	7	65536	36750738	1
two-process-prototype	b	receiver-confined	2	measured	8	65536	36742979	1
two-process-prototype	b	receiver-confined	2	measured	9	65536	36744005	1
two-process-prototype	b	receiver-confined	2	measured	10	65536	36748008	1
two-process-prototype	b	receiver-confined	2	measured	11	65536	36753940	1
two-process-prototype	b	receiver-confined	2	measured	12	65536	36738560	1
two-process-prototype	b	receiver-confined	2	measured	13	65536	36758481	1
two-process-prototype	b	receiver-confined	2	measured	14	65536	36754962	1
two-process-prototype	b	receiver-confined	2	measured	15	65536	36766813	1
two-process-prototype	b	receiver-confined	2	measured	16	65536	36770024	1
two-process-prototype	b	receiver-confined	2	measured	17	65536	36774605	1
two-process-prototype	b	both-confined	2	warmup	0	65536	49324423	1
two-process-prototype	b	both-confined	2	warmup	1	65536	49313193	1
two-process-prototype	b	both-confined	2	warmup	2	65536	49320335	1
two-process-prototype	b	both-confined	2	measured	3	65536	49342639	1
two-process-prototype	b	both-confined	2	measured	4	65536	49338609	1
two-process-prototype	b	both-confined	2	measured	5	65536	49325555	1
two-process-prototype	b	both-confined	2	measured	6	65536	49341666	1
two-process-prototype	b	both-confined	2	measured	7	65536	49336505	1
two-process-prototype	b	both-confined	2	measured	8	65536	49360051	1
two-process-prototype	b	both-confined	2	measured	9	65536	49335188	1
two-process-prototype	b	both-confined	2	measured	10	65536	49347040	1
two-process-prototype	b	both-confined	2	measured	11	65536	49325432	1
two-process-prototype	b	both-confined	2	measured	12	65536	49333354	1
two-process-prototype	b	both-confined	2	measured	13	65536	49324185	1
two-process-prototype	b	both-confined	2	measured	14	65536	49316194	1
two-process-prototype	b	both-confined	2	measured	15	65536	49317997	1
two-process-prototype	b	both-confined	2	measured	16	65536	49311324	1
two-process-prototype	b	both-confined	2	measured	17	65536	49307378	1
two-process-prototype	a2	unconfined	0	warmup	0	65536	31573130	1
two-process-prototype	a2	unconfined	0	warmup	1	65536	31556820	1
two-process-prototype	a2	unconfined	0	warmup	2	65536	31510550	1
two-process-prototype	a2	unconfined	0	measured	3	65536	31491666	1
two-process-prototype	a2	unconfined	0	measured	4	65536	30091566	1
two-process-prototype	a2	unconfined	0	measured	5	65536	29943564	1
two-process-prototype	a2	unconfined	0	measured	6	65536	29964173	1
two-process-prototype	a2	unconfined	0	measured	7	65536	29965564	1
two-process-prototype	a2	unconfined	0	measured	8	65536	29957117	1
two-process-prototype	a2	unconfined	0	measured	9	65536	29955775	1
two-process-prototype	a2	unconfined	0	measured	10	65536	29934004	1
two-process-prototype	a2	unconfined	0	measured	11	65536	29944728	1
two-process-prototype	a2	unconfined	0	measured	12	65536	29944007	1
two-process-prototype	a2	unconfined	0	measured	13	65536	29955826	1
two-process-prototype	a2	unconfined	0	measured	14	65536	29937560	1
two-process-prototype	a2	unconfined	0	measured	15	65536	29954938	1
two-process-prototype	a2	unconfined	0	measured	16	65536	29942231	1
two-process-prototype	a2	unconfined	0	measured	17	65536	29929191	1
two-process-prototype	a2	sender-confined	0	warmup	0	65536	37415650	1
two-process-prototype	a2	sender-confined	0	warmup	1	65536	37422729	1
two-process-prototype	a2	sender-confined	0	warmup	2	65536	37389320	1
two-process-prototype	a2	sender-confined	0	measured	3	65536	37376521	1
two-process-prototype	a2	sender-confined	0	measured	4	65536	37356973	1
two-process-prototype	a2	sender-confined	0	measured	5	65536	37374171	1
two-process-prototype	a2	sender-confined	0	measured	6	65536	37370750	1
two-process-prototype	a2	sender-confined	0	measured	7	65536	37393165	1
two-process-prototype	a2	sender-confined	0	measured	8	65536	37439772	1
two-process-prototype	a2	sender-confined	0	measured	9	65536	37369688	1
two-process-prototype	a2	sender-confined	0	measured	10	65536	37386393	1
two-process-prototype	a2	sender-confined	0	measured	11	65536	37390971	1
two-process-prototype	a2	sender-confined	0	measured	12	65536	37367970	1
two-process-prototype	a2	sender-confined	0	measured	13	65536	37390991	1
two-process-prototype	a2	sender-confined	0	measured	14	65536	37417235	1
two-process-prototype	a2	sender-confined	0	measured	15	65536	37395963	1
two-process-prototype	a2	sender-confined	0	measured	16	65536	37420347	1
two-process-prototype	a2	sender-confined	0	measured	17	65536	37415370	1
two-process-prototype	a2	receiver-confined	0	warmup	0	65536	38023333	1
two-process-prototype	a2	receiver-confined	0	warmup	1	65536	38116075	1
two-process-prototype	a2	receiver-confined	0	warmup	2	65536	38049035	1
two-process-prototype	a2	receiver-confined	0	measured	3	65536	38048886	1
two-process-prototype	a2	receiver-confined	0	measured	4	65536	38041774	1
two-process-prototype	a2	receiver-confined	0	measured	5	65536	38029535	1
two-process-prototype	a2	receiver-confined	0	measured	6	65536	38025133	1
two-process-prototype	a2	receiver-confined	0	measured	7	65536	38043379	1
two-process-prototype	a2	receiver-confined	0	measured	8	65536	38042374	1
two-process-prototype	a2	receiver-confined	0	measured	9	65536	38008406	1
two-process-prototype	a2	receiver-confined	0	measured	10	65536	38044070	1
two-process-prototype	a2	receiver-confined	0	measured	11	65536	38022757	1
two-process-prototype	a2	receiver-confined	0	measured	12	65536	38006081	1
two-process-prototype	a2	receiver-confined	0	measured	13	65536	38018941	1
two-process-prototype	a2	receiver-confined	0	measured	14	65536	38007729	1
two-process-prototype	a2	receiver-confined	0	measured	15	65536	38045497	1
two-process-prototype	a2	receiver-confined	0	measured	16	65536	38016021	1
two-process-prototype	a2	receiver-confined	0	measured	17	65536	38013938	1
two-process-prototype	a2	both-confined	0	warmup	0	65536	48692832	1
two-process-prototype	a2	both-confined	0	warmup	1	65536	48652939	1
two-process-prototype	a2	both-confined	0	warmup	2	65536	48654563	1
two-process-prototype	a2	both-confined	0	measured	3	65536	48650531	1
two-process-prototype	a2	both-confined	0	measured	4	65536	48661463	1
two-process-prototype	a2	both-confined	0	measured	5	65536	48664352	1
two-process-prototype	a2	both-confined	0	measured	6	65536	48653575	1
two-process-prototype	a2	both-confined	0	measured	7	65536	48664626	1
two-process-prototype	a2	both-confined	0	measured	8	65536	48663181	1
two-process-prototype	a2	both-confined	0	measured	9	65536	48674585	1
two-process-prototype	a2	both-confined	0	measured	10	65536	48675835	1
two-process-prototype	a2	both-confined	0	measured	11	65536	48655506	1
two-process-prototype	a2	both-confined	0	measured	12	65536	48668657	1
two-process-prototype	a2	both-confined	0	measured	13	65536	48657733	1
two-process-prototype	a2	both-confined	0	measured	14	65536	48655899	1
two-process-prototype	a2	both-confined	0	measured	15	65536	48658933	1
two-process-prototype	a2	both-confined	0	measured	16	65536	48676048	1
two-process-prototype	a2	both-confined	0	measured	17	65536	48644907	1
two-process-prototype	a2	unconfined	1	warmup	0	65536	29923211	1
two-process-prototype	a2	unconfined	1	warmup	1	65536	29985679	1
two-process-prototype	a2	unconfined	1	warmup	2	65536	29902942	1
two-process-prototype	a2	unconfined	1	measured	3	65536	29890701	1
two-process-prototype	a2	unconfined	1	measured	4	65536	29907870	1
two-process-prototype	a2	unconfined	1	measured	5	65536	29893139	1
two-process-prototype	a2	unconfined	1	measured	6	65536	29906428	1
two-process-prototype	a2	unconfined	1	measured	7	65536	29899925	1
two-process-prototype	a2	unconfined	1	measured	8	65536	29918585	1
two-process-prototype	a2	unconfined	1	measured	9	65536	29927025	1
two-process-prototype	a2	unconfined	1	measured	10	65536	29914069	1
two-process-prototype	a2	unconfined	1	measured	11	65536	29912096	1
two-process-prototype	a2	unconfined	1	measured	12	65536	29929441	1
two-process-prototype	a2	unconfined	1	measured	13	65536	29910361	1
two-process-prototype	a2	unconfined	1	measured	14	65536	29917758	1
two-process-prototype	a2	unconfined	1	measured	15	65536	29923102	1
two-process-prototype	a2	unconfined	1	measured	16	65536	29899030	1
two-process-prototype	a2	unconfined	1	measured	17	65536	29922959	1
two-process-prototype	a2	sender-confined	1	warmup	0	65536	37345005	1
two-process-prototype	a2	sender-confined	1	warmup	1	65536	37301790	1
two-process-prototype	a2	sender-confined	1	warmup	2	65536	37302787	1
two-process-prototype	a2	sender-confined	1	measured	3	65536	37311664	1
two-process-prototype	a2	sender-confined	1	measured	4	65536	37330272	1
two-process-prototype	a2	sender-confined	1	measured	5	65536	37313343	1
two-process-prototype	a2	sender-confined	1	measured	6	65536	37336402	1
two-process-prototype	a2	sender-confined	1	measured	7	65536	37328273	1
two-process-prototype	a2	sender-confined	1	measured	8	65536	37315897	1
two-process-prototype	a2	sender-confined	1	measured	9	65536	37322301	1
two-process-prototype	a2	sender-confined	1	measured	10	65536	37368138	1
two-process-prototype	a2	sender-confined	1	measured	11	65536	37319057	1
two-process-prototype	a2	sender-confined	1	measured	12	65536	37314052	1
two-process-prototype	a2	sender-confined	1	measured	13	65536	37291463	1
two-process-prototype	a2	sender-confined	1	measured	14	65536	37283945	1
two-process-prototype	a2	sender-confined	1	measured	15	65536	37326330	1
two-process-prototype	a2	sender-confined	1	measured	16	65536	37314898	1
two-process-prototype	a2	sender-confined	1	measured	17	65536	37312826	1
two-process-prototype	a2	receiver-confined	1	warmup	0	65536	38002100	1
two-process-prototype	a2	receiver-confined	1	warmup	1	65536	37986347	1
two-process-prototype	a2	receiver-confined	1	warmup	2	65536	38022743	1
two-process-prototype	a2	receiver-confined	1	measured	3	65536	38006658	1
two-process-prototype	a2	receiver-confined	1	measured	4	65536	37988025	1
two-process-prototype	a2	receiver-confined	1	measured	5	65536	38077029	1
two-process-prototype	a2	receiver-confined	1	measured	6	65536	37992543	1
two-process-prototype	a2	receiver-confined	1	measured	7	65536	37977246	1
two-process-prototype	a2	receiver-confined	1	measured	8	65536	37966962	1
two-process-prototype	a2	receiver-confined	1	measured	9	65536	37977425	1
two-process-prototype	a2	receiver-confined	1	measured	10	65536	37970566	1
two-process-prototype	a2	receiver-confined	1	measured	11	65536	37980419	1
two-process-prototype	a2	receiver-confined	1	measured	12	65536	38016207	1
two-process-prototype	a2	receiver-confined	1	measured	13	65536	38022439	1
two-process-prototype	a2	receiver-confined	1	measured	14	65536	38012090	1
two-process-prototype	a2	receiver-confined	1	measured	15	65536	38026024	1
two-process-prototype	a2	receiver-confined	1	measured	16	65536	38009758	1
two-process-prototype	a2	receiver-confined	1	measured	17	65536	38017426	1
two-process-prototype	a2	both-confined	1	warmup	0	65536	48737984	1
two-process-prototype	a2	both-confined	1	warmup	1	65536	48744029	1
two-process-prototype	a2	both-confined	1	warmup	2	65536	48715446	1
two-process-prototype	a2	both-confined	1	measured	3	65536	48728206	1
two-process-prototype	a2	both-confined	1	measured	4	65536	48731956	1
two-process-prototype	a2	both-confined	1	measured	5	65536	48742902	1
two-process-prototype	a2	both-confined	1	measured	6	65536	48742158	1
two-process-prototype	a2	both-confined	1	measured	7	65536	48746017	1
two-process-prototype	a2	both-confined	1	measured	8	65536	48726316	1
two-process-prototype	a2	both-confined	1	measured	9	65536	48721159	1
two-process-prototype	a2	both-confined	1	measured	10	65536	48710296	1
two-process-prototype	a2	both-confined	1	measured	11	65536	48713106	1
two-process-prototype	a2	both-confined	1	measured	12	65536	48737920	1
two-process-prototype	a2	both-confined	1	measured	13	65536	48713199	1
two-process-prototype	a2	both-confined	1	measured	14	65536	48722218	1
two-process-prototype	a2	both-confined	1	measured	15	65536	48714092	1
two-process-prototype	a2	both-confined	1	measured	16	65536	48737661	1
two-process-prototype	a2	both-confined	1	measured	17	65536	48727776	1
two-process-prototype	a2	unconfined	2	warmup	0	65536	29600145	1
two-process-prototype	a2	unconfined	2	warmup	1	65536	29616936	1
two-process-prototype	a2	unconfined	2	warmup	2	65536	29614715	1
two-process-prototype	a2	unconfined	2	measured	3	65536	29621527	1
two-process-prototype	a2	unconfined	2	measured	4	65536	29616173	1
two-process-prototype	a2	unconfined	2	measured	5	65536	29601722	1
two-process-prototype	a2	unconfined	2	measured	6	65536	29589996	1
two-process-prototype	a2	unconfined	2	measured	7	65536	29604367	1
two-process-prototype	a2	unconfined	2	measured	8	65536	29607162	1
two-process-prototype	a2	unconfined	2	measured	9	65536	29588919	1
two-process-prototype	a2	unconfined	2	measured	10	65536	29571327	1
two-process-prototype	a2	unconfined	2	measured	11	65536	29584445	1
two-process-prototype	a2	unconfined	2	measured	12	65536	29598461	1
two-process-prototype	a2	unconfined	2	measured	13	65536	29598236	1
two-process-prototype	a2	unconfined	2	measured	14	65536	29605736	1
two-process-prototype	a2	unconfined	2	measured	15	65536	29584725	1
two-process-prototype	a2	unconfined	2	measured	16	65536	29633040	1
two-process-prototype	a2	unconfined	2	measured	17	65536	29605216	1
two-process-prototype	a2	sender-confined	2	warmup	0	65536	37369368	1
two-process-prototype	a2	sender-confined	2	warmup	1	65536	37337866	1
two-process-prototype	a2	sender-confined	2	warmup	2	65536	37394173	1
two-process-prototype	a2	sender-confined	2	measured	3	65536	37402428	1
two-process-prototype	a2	sender-confined	2	measured	4	65536	37381953	1
two-process-prototype	a2	sender-confined	2	measured	5	65536	37390482	1
two-process-prototype	a2	sender-confined	2	measured	6	65536	37407765	1
two-process-prototype	a2	sender-confined	2	measured	7	65536	37366138	1
two-process-prototype	a2	sender-confined	2	measured	8	65536	37357698	1
two-process-prototype	a2	sender-confined	2	measured	9	65536	37368699	1
two-process-prototype	a2	sender-confined	2	measured	10	65536	37398894	1
two-process-prototype	a2	sender-confined	2	measured	11	65536	37364018	1
two-process-prototype	a2	sender-confined	2	measured	12	65536	37313784	1
two-process-prototype	a2	sender-confined	2	measured	13	65536	37347435	1
two-process-prototype	a2	sender-confined	2	measured	14	65536	37342012	1
two-process-prototype	a2	sender-confined	2	measured	15	65536	37349081	1
two-process-prototype	a2	sender-confined	2	measured	16	65536	37334984	1
two-process-prototype	a2	sender-confined	2	measured	17	65536	37376946	1
two-process-prototype	a2	receiver-confined	2	warmup	0	65536	37997492	1
two-process-prototype	a2	receiver-confined	2	warmup	1	65536	38018684	1
two-process-prototype	a2	receiver-confined	2	warmup	2	65536	37971864	1
two-process-prototype	a2	receiver-confined	2	measured	3	65536	37983363	1
two-process-prototype	a2	receiver-confined	2	measured	4	65536	38002205	1
two-process-prototype	a2	receiver-confined	2	measured	5	65536	37984339	1
two-process-prototype	a2	receiver-confined	2	measured	6	65536	37985769	1
two-process-prototype	a2	receiver-confined	2	measured	7	65536	37981090	1
two-process-prototype	a2	receiver-confined	2	measured	8	65536	37974688	1
two-process-prototype	a2	receiver-confined	2	measured	9	65536	37989127	1
two-process-prototype	a2	receiver-confined	2	measured	10	65536	37986922	1
two-process-prototype	a2	receiver-confined	2	measured	11	65536	38003494	1
two-process-prototype	a2	receiver-confined	2	measured	12	65536	37996954	1
two-process-prototype	a2	receiver-confined	2	measured	13	65536	38016494	1
two-process-prototype	a2	receiver-confined	2	measured	14	65536	37991126	1
two-process-prototype	a2	receiver-confined	2	measured	15	65536	38012338	1
two-process-prototype	a2	receiver-confined	2	measured	16	65536	38011725	1
two-process-prototype	a2	receiver-confined	2	measured	17	65536	38038019	1
two-process-prototype	a2	both-confined	2	warmup	0	65536	48474752	1
two-process-prototype	a2	both-confined	2	warmup	1	65536	48498074	1
two-process-prototype	a2	both-confined	2	warmup	2	65536	48498420	1
two-process-prototype	a2	both-confined	2	measured	3	65536	48534668	1
two-process-prototype	a2	both-confined	2	measured	4	65536	48483593	1
two-process-prototype	a2	both-confined	2	measured	5	65536	48491574	1
two-process-prototype	a2	both-confined	2	measured	6	65536	48478767	1
two-process-prototype	a2	both-confined	2	measured	7	65536	48483106	1
two-process-prototype	a2	both-confined	2	measured	8	65536	48483050	1
two-process-prototype	a2	both-confined	2	measured	9	65536	48462496	1
two-process-prototype	a2	both-confined	2	measured	10	65536	48462471	1
two-process-prototype	a2	both-confined	2	measured	11	65536	48481340	1
two-process-prototype	a2	both-confined	2	measured	12	65536	48468866	1
two-process-prototype	a2	both-confined	2	measured	13	65536	48482152	1
two-process-prototype	a2	both-confined	2	measured	14	65536	48511313	1
two-process-prototype	a2	both-confined	2	measured	15	65536	48494043	1
two-process-prototype	a2	both-confined	2	measured	16	65536	48480659	1
two-process-prototype	a2	both-confined	2	measured	17	65536	48488589	1
regression-retest	aa-parent-a	unconfined	0	measured	0	65536	22396114	1
regression-retest	aa-parent-a	unconfined	0	measured	1	65536	22477836	1
regression-retest	aa-parent-a	unconfined	0	measured	2	65536	22378070	1
regression-retest	aa-parent-a	unconfined	0	measured	3	65536	22364902	1
regression-retest	aa-parent-a	unconfined	0	measured	4	65536	22369214	1
regression-retest	aa-parent-a	unconfined	0	measured	5	65536	22362044	1
regression-retest	aa-parent-a	unconfined	0	measured	6	65536	22364759	1
regression-retest	aa-parent-a	unconfined	0	measured	7	65536	22399112	1
regression-retest	aa-parent-a	unconfined	0	measured	8	65536	22398016	1
regression-retest	aa-parent-a	unconfined	0	measured	9	65536	22366636	1
regression-retest	aa-parent-a	unconfined	0	measured	10	65536	22387043	1
regression-retest	aa-parent-a	unconfined	0	measured	11	65536	22356880	1
regression-retest	aa-parent-a	unconfined	0	measured	12	65536	22358031	1
regression-retest	aa-parent-a	unconfined	0	measured	13	65536	22351587	1
regression-retest	aa-parent-a	unconfined	0	measured	14	65536	22354628	1
regression-retest	aa-parent-a	unconfined	1	measured	0	65536	22428593	1
regression-retest	aa-parent-a	unconfined	1	measured	1	65536	22436407	1
regression-retest	aa-parent-a	unconfined	1	measured	2	65536	22416616	1
regression-retest	aa-parent-a	unconfined	1	measured	3	65536	22428865	1
regression-retest	aa-parent-a	unconfined	1	measured	4	65536	22428623	1
regression-retest	aa-parent-a	unconfined	1	measured	5	65536	22445080	1
regression-retest	aa-parent-a	unconfined	1	measured	6	65536	22443790	1
regression-retest	aa-parent-a	unconfined	1	measured	7	65536	22438241	1
regression-retest	aa-parent-a	unconfined	1	measured	8	65536	22425359	1
regression-retest	aa-parent-a	unconfined	1	measured	9	65536	22422904	1
regression-retest	aa-parent-a	unconfined	1	measured	10	65536	22424448	1
regression-retest	aa-parent-a	unconfined	1	measured	11	65536	22423568	1
regression-retest	aa-parent-a	unconfined	1	measured	12	65536	22448140	1
regression-retest	aa-parent-a	unconfined	1	measured	13	65536	22443052	1
regression-retest	aa-parent-a	unconfined	1	measured	14	65536	22439613	1
regression-retest	aa-parent-a	unconfined	2	measured	0	65536	22507732	1
regression-retest	aa-parent-a	unconfined	2	measured	1	65536	22500939	1
regression-retest	aa-parent-a	unconfined	2	measured	2	65536	22524849	1
regression-retest	aa-parent-a	unconfined	2	measured	3	65536	22528077	1
regression-retest	aa-parent-a	unconfined	2	measured	4	65536	22491440	1
regression-retest	aa-parent-a	unconfined	2	measured	5	65536	22505849	1
regression-retest	aa-parent-a	unconfined	2	measured	6	65536	22512357	1
regression-retest	aa-parent-a	unconfined	2	measured	7	65536	22504005	1
regression-retest	aa-parent-a	unconfined	2	measured	8	65536	22482235	1
regression-retest	aa-parent-a	unconfined	2	measured	9	65536	22494697	1
regression-retest	aa-parent-a	unconfined	2	measured	10	65536	22575365	1
regression-retest	aa-parent-a	unconfined	2	measured	11	65536	22500479	1
regression-retest	aa-parent-a	unconfined	2	measured	12	65536	22510102	1
regression-retest	aa-parent-a	unconfined	2	measured	13	65536	22524934	1
regression-retest	aa-parent-a	unconfined	2	measured	14	65536	22503005	1
regression-retest	aa-child	unconfined	0	measured	0	65536	25621755	1
regression-retest	aa-child	unconfined	0	measured	1	65536	25622647	1
regression-retest	aa-child	unconfined	0	measured	2	65536	25618281	1
regression-retest	aa-child	unconfined	0	measured	3	65536	25632920	1
regression-retest	aa-child	unconfined	0	measured	4	65536	25623104	1
regression-retest	aa-child	unconfined	0	measured	5	65536	25618725	1
regression-retest	aa-child	unconfined	0	measured	6	65536	25625946	1
regression-retest	aa-child	unconfined	0	measured	7	65536	25614192	1
regression-retest	aa-child	unconfined	0	measured	8	65536	25704839	1
regression-retest	aa-child	unconfined	0	measured	9	65536	25593554	1
regression-retest	aa-child	unconfined	0	measured	10	65536	25615425	1
regression-retest	aa-child	unconfined	0	measured	11	65536	25630992	1
regression-retest	aa-child	unconfined	0	measured	12	65536	25599737	1
regression-retest	aa-child	unconfined	0	measured	13	65536	25605572	1
regression-retest	aa-child	unconfined	0	measured	14	65536	25595871	1
regression-retest	aa-child	unconfined	1	measured	0	65536	25598381	1
regression-retest	aa-child	unconfined	1	measured	1	65536	25587967	1
regression-retest	aa-child	unconfined	1	measured	2	65536	25597806	1
regression-retest	aa-child	unconfined	1	measured	3	65536	25608963	1
regression-retest	aa-child	unconfined	1	measured	4	65536	25611575	1
regression-retest	aa-child	unconfined	1	measured	5	65536	25606187	1
regression-retest	aa-child	unconfined	1	measured	6	65536	25608466	1
regression-retest	aa-child	unconfined	1	measured	7	65536	25608790	1
regression-retest	aa-child	unconfined	1	measured	8	65536	25610292	1
regression-retest	aa-child	unconfined	1	measured	9	65536	25603591	1
regression-retest	aa-child	unconfined	1	measured	10	65536	25608443	1
regression-retest	aa-child	unconfined	1	measured	11	65536	25601878	1
regression-retest	aa-child	unconfined	1	measured	12	65536	25680594	1
regression-retest	aa-child	unconfined	1	measured	13	65536	25603211	1
regression-retest	aa-child	unconfined	1	measured	14	65536	25595828	1
regression-retest	aa-child	unconfined	2	measured	0	65536	25562111	1
regression-retest	aa-child	unconfined	2	measured	1	65536	25605470	1
regression-retest	aa-child	unconfined	2	measured	2	65536	25554126	1
regression-retest	aa-child	unconfined	2	measured	3	65536	25547035	1
regression-retest	aa-child	unconfined	2	measured	4	65536	25527969	1
regression-retest	aa-child	unconfined	2	measured	5	65536	25534815	1
regression-retest	aa-child	unconfined	2	measured	6	65536	25527075	1
regression-retest	aa-child	unconfined	2	measured	7	65536	25551891	1
regression-retest	aa-child	unconfined	2	measured	8	65536	25547301	1
regression-retest	aa-child	unconfined	2	measured	9	65536	25545131	1
regression-retest	aa-child	unconfined	2	measured	10	65536	25562202	1
regression-retest	aa-child	unconfined	2	measured	11	65536	25556532	1
regression-retest	aa-child	unconfined	2	measured	12	65536	25558734	1
regression-retest	aa-child	unconfined	2	measured	13	65536	25553326	1
regression-retest	aa-child	unconfined	2	measured	14	65536	25529612	1
regression-retest	aa-latest	unconfined	0	measured	0	65536	27091239	1
regression-retest	aa-latest	unconfined	0	measured	1	65536	27088665	1
regression-retest	aa-latest	unconfined	0	measured	2	65536	27107246	1
regression-retest	aa-latest	unconfined	0	measured	3	65536	27094675	1
regression-retest	aa-latest	unconfined	0	measured	4	65536	27079504	1
regression-retest	aa-latest	unconfined	0	measured	5	65536	27074099	1
regression-retest	aa-latest	unconfined	0	measured	6	65536	27063620	1
regression-retest	aa-latest	unconfined	0	measured	7	65536	27072499	1
regression-retest	aa-latest	unconfined	0	measured	8	65536	27077782	1
regression-retest	aa-latest	unconfined	0	measured	9	65536	27072631	1
regression-retest	aa-latest	unconfined	0	measured	10	65536	27071406	1
regression-retest	aa-latest	unconfined	0	measured	11	65536	27063808	1
regression-retest	aa-latest	unconfined	0	measured	12	65536	27065515	1
regression-retest	aa-latest	unconfined	0	measured	13	65536	27064812	1
regression-retest	aa-latest	unconfined	0	measured	14	65536	27079353	1
regression-retest	aa-latest	unconfined	1	measured	0	65536	27120507	1
regression-retest	aa-latest	unconfined	1	measured	1	65536	27115609	1
regression-retest	aa-latest	unconfined	1	measured	2	65536	27100402	1
regression-retest	aa-latest	unconfined	1	measured	3	65536	27113868	1
regression-retest	aa-latest	unconfined	1	measured	4	65536	27102454	1
regression-retest	aa-latest	unconfined	1	measured	5	65536	27090828	1
regression-retest	aa-latest	unconfined	1	measured	6	65536	27115408	1
regression-retest	aa-latest	unconfined	1	measured	7	65536	27106675	1
regression-retest	aa-latest	unconfined	1	measured	8	65536	27128097	1
regression-retest	aa-latest	unconfined	1	measured	9	65536	27126956	1
regression-retest	aa-latest	unconfined	1	measured	10	65536	27116509	1
regression-retest	aa-latest	unconfined	1	measured	11	65536	27113332	1
regression-retest	aa-latest	unconfined	1	measured	12	65536	27115251	1
regression-retest	aa-latest	unconfined	1	measured	13	65536	27113270	1
regression-retest	aa-latest	unconfined	1	measured	14	65536	27097646	1
regression-retest	aa-latest	unconfined	2	measured	0	65536	27143019	1
regression-retest	aa-latest	unconfined	2	measured	1	65536	27130099	1
regression-retest	aa-latest	unconfined	2	measured	2	65536	27130279	1
regression-retest	aa-latest	unconfined	2	measured	3	65536	27164984	1
regression-retest	aa-latest	unconfined	2	measured	4	65536	27150752	1
regression-retest	aa-latest	unconfined	2	measured	5	65536	27142300	1
regression-retest	aa-latest	unconfined	2	measured	6	65536	27150604	1
regression-retest	aa-latest	unconfined	2	measured	7	65536	27151558	1
regression-retest	aa-latest	unconfined	2	measured	8	65536	27143974	1
regression-retest	aa-latest	unconfined	2	measured	9	65536	27126605	1
regression-retest	aa-latest	unconfined	2	measured	10	65536	27134546	1
regression-retest	aa-latest	unconfined	2	measured	11	65536	27137094	1
regression-retest	aa-latest	unconfined	2	measured	12	65536	27139123	1
regression-retest	aa-latest	unconfined	2	measured	13	65536	27141272	1
regression-retest	aa-latest	unconfined	2	measured	14	65536	27154124	1
regression-retest	aa-parent-b	unconfined	0	measured	0	65536	22651517	1
regression-retest	aa-parent-b	unconfined	0	measured	1	65536	22619792	1
regression-retest	aa-parent-b	unconfined	0	measured	2	65536	22578242	1
regression-retest	aa-parent-b	unconfined	0	measured	3	65536	22595777	1
regression-retest	aa-parent-b	unconfined	0	measured	4	65536	22572197	1
regression-retest	aa-parent-b	unconfined	0	measured	5	65536	22568784	1
regression-retest	aa-parent-b	unconfined	0	measured	6	65536	22578227	1
regression-retest	aa-parent-b	unconfined	0	measured	7	65536	22568021	1
regression-retest	aa-parent-b	unconfined	0	measured	8	65536	22580169	1
regression-retest	aa-parent-b	unconfined	0	measured	9	65536	22595747	1
regression-retest	aa-parent-b	unconfined	0	measured	10	65536	22570025	1
regression-retest	aa-parent-b	unconfined	0	measured	11	65536	22581083	1
regression-retest	aa-parent-b	unconfined	0	measured	12	65536	22592420	1
regression-retest	aa-parent-b	unconfined	0	measured	13	65536	22567561	1
regression-retest	aa-parent-b	unconfined	0	measured	14	65536	22576546	1
regression-retest	aa-parent-b	unconfined	1	measured	0	65536	22604073	1
regression-retest	aa-parent-b	unconfined	1	measured	1	65536	22585477	1
regression-retest	aa-parent-b	unconfined	1	measured	2	65536	22567485	1
regression-retest	aa-parent-b	unconfined	1	measured	3	65536	22570479	1
regression-retest	aa-parent-b	unconfined	1	measured	4	65536	22571610	1
regression-retest	aa-parent-b	unconfined	1	measured	5	65536	22576245	1
regression-retest	aa-parent-b	unconfined	1	measured	6	65536	22577550	1
regression-retest	aa-parent-b	unconfined	1	measured	7	65536	22585040	1
regression-retest	aa-parent-b	unconfined	1	measured	8	65536	22579810	1
regression-retest	aa-parent-b	unconfined	1	measured	9	65536	22571256	1
regression-retest	aa-parent-b	unconfined	1	measured	10	65536	22587359	1
regression-retest	aa-parent-b	unconfined	1	measured	11	65536	22567616	1
regression-retest	aa-parent-b	unconfined	1	measured	12	65536	22589783	1
regression-retest	aa-parent-b	unconfined	1	measured	13	65536	22596267	1
regression-retest	aa-parent-b	unconfined	1	measured	14	65536	22589828	1
regression-retest	aa-parent-b	unconfined	2	measured	0	65536	22688039	1
regression-retest	aa-parent-b	unconfined	2	measured	1	65536	22645150	1
regression-retest	aa-parent-b	unconfined	2	measured	2	65536	22669523	1
regression-retest	aa-parent-b	unconfined	2	measured	3	65536	22680987	1
regression-retest	aa-parent-b	unconfined	2	measured	4	65536	22669042	1
regression-retest	aa-parent-b	unconfined	2	measured	5	65536	22653548	1
regression-retest	aa-parent-b	unconfined	2	measured	6	65536	22624604	1
regression-retest	aa-parent-b	unconfined	2	measured	7	65536	22736137	1
regression-retest	aa-parent-b	unconfined	2	measured	8	65536	22651855	1
regression-retest	aa-parent-b	unconfined	2	measured	9	65536	22663738	1
regression-retest	aa-parent-b	unconfined	2	measured	10	65536	22699407	1
regression-retest	aa-parent-b	unconfined	2	measured	11	65536	22662723	1
regression-retest	aa-parent-b	unconfined	2	measured	12	65536	22658900	1
regression-retest	aa-parent-b	unconfined	2	measured	13	65536	22673603	1
regression-retest	aa-parent-b	unconfined	2	measured	14	65536	22681257	1
