experiment	case	metric	point	sample	operations	warmups	mean_ns
original	continuous	create_ns	A1	1	128	16	22349.0546875
original	continuous	create_ns	A1	2	128	16	19425.9375
original	continuous	create_ns	A1	3	128	16	20231.5234375
original	continuous	create_ns	A1	4	128	16	19898.703125
original	continuous	create_ns	A1	5	128	16	19782.703125
original	continuous	create_ns	A1	6	128	16	19756.546875
original	continuous	create_ns	A1	7	128	16	20012.0234375
original	continuous	create_ns	A1	8	128	16	19826.2265625
original	continuous	create_ns	A1	9	128	16	19935.3203125
original	continuous	create_ns	B1	1	128	16	22091.046875
original	continuous	create_ns	B1	2	128	16	20957.2265625
original	continuous	create_ns	B1	3	128	16	18722.671875
original	continuous	create_ns	B1	4	128	16	19042.53125
original	continuous	create_ns	B1	5	128	16	18921.4453125
original	continuous	create_ns	B1	6	128	16	18979.59375
original	continuous	create_ns	B1	7	128	16	18278.9375
original	continuous	create_ns	B1	8	128	16	18292.6640625
original	continuous	create_ns	B1	9	128	16	18211.8046875
original	continuous	create_ns	B2	1	128	16	23026.140625
original	continuous	create_ns	B2	2	128	16	20739.2109375
original	continuous	create_ns	B2	3	128	16	18319.9453125
original	continuous	create_ns	B2	4	128	16	18864.71875
original	continuous	create_ns	B2	5	128	16	18819.3828125
original	continuous	create_ns	B2	6	128	16	18207.171875
original	continuous	create_ns	B2	7	128	16	18439.65625
original	continuous	create_ns	B2	8	128	16	18310.203125
original	continuous	create_ns	B2	9	128	16	18322.1875
original	continuous	create_ns	A2	1	128	16	23285.5234375
original	continuous	create_ns	A2	2	128	16	21672.0859375
original	continuous	create_ns	A2	3	128	16	18832.5859375
original	continuous	create_ns	A2	4	128	16	18974.1953125
original	continuous	create_ns	A2	5	128	16	18532.8203125
original	continuous	create_ns	A2	6	128	16	19038.15625
original	continuous	create_ns	A2	7	128	16	18983.2109375
original	continuous	create_ns	A2	8	128	16	18355.1640625
original	continuous	create_ns	A2	9	128	16	18349.5859375
original	continuous	remove_ns	A1	1	128	16	9677.8203125
original	continuous	remove_ns	A1	2	128	16	9726.9765625
original	continuous	remove_ns	A1	3	128	16	9734.71875
original	continuous	remove_ns	A1	4	128	16	9764.453125
original	continuous	remove_ns	A1	5	128	16	9754.5
original	continuous	remove_ns	A1	6	128	16	9670.4609375
original	continuous	remove_ns	A1	7	128	16	9809.4453125
original	continuous	remove_ns	A1	8	128	16	9721.328125
original	continuous	remove_ns	A1	9	128	16	9707.7421875
original	continuous	remove_ns	B1	1	128	16	7681.890625
original	continuous	remove_ns	B1	2	128	16	7618.390625
original	continuous	remove_ns	B1	3	128	16	7607.9765625
original	continuous	remove_ns	B1	4	128	16	7551.5546875
original	continuous	remove_ns	B1	5	128	16	7577.8984375
original	continuous	remove_ns	B1	6	128	16	7561.0390625
original	continuous	remove_ns	B1	7	128	16	7599.6796875
original	continuous	remove_ns	B1	8	128	16	7585.2890625
original	continuous	remove_ns	B1	9	128	16	7611.5234375
original	continuous	remove_ns	B2	1	128	16	7883.2421875
original	continuous	remove_ns	B2	2	128	16	7944.2734375
original	continuous	remove_ns	B2	3	128	16	7538.84375
original	continuous	remove_ns	B2	4	128	16	7538.484375
original	continuous	remove_ns	B2	5	128	16	7513.21875
original	continuous	remove_ns	B2	6	128	16	7526.4140625
original	continuous	remove_ns	B2	7	128	16	7547.96875
original	continuous	remove_ns	B2	8	128	16	7728.046875
original	continuous	remove_ns	B2	9	128	16	7673.4921875
original	continuous	remove_ns	A2	1	128	16	9763.34375
original	continuous	remove_ns	A2	2	128	16	9806.9140625
original	continuous	remove_ns	A2	3	128	16	9778.0625
original	continuous	remove_ns	A2	4	128	16	9767.6015625
original	continuous	remove_ns	A2	5	128	16	9784.9140625
original	continuous	remove_ns	A2	6	128	16	9927.3984375
original	continuous	remove_ns	A2	7	128	16	9759.046875
original	continuous	remove_ns	A2	8	128	16	9810.625
original	continuous	remove_ns	A2	9	128	16	9784.171875
stage-followup	continuous	mkdir_ns	A1	1	128	16	22088.9140625
stage-followup	continuous	mkdir_ns	A1	2	128	16	21507.25
stage-followup	continuous	mkdir_ns	A1	3	128	16	18267.1171875
stage-followup	continuous	mkdir_ns	A1	4	128	16	19005.8359375
stage-followup	continuous	mkdir_ns	A1	5	128	16	18933.5078125
stage-followup	continuous	mkdir_ns	A1	6	128	16	18207.1796875
stage-followup	continuous	mkdir_ns	A1	7	128	16	18282.828125
stage-followup	continuous	mkdir_ns	A1	8	128	16	18366.875
stage-followup	continuous	mkdir_ns	A1	9	128	16	18858.125
stage-followup	continuous	mkdir_ns	B1	1	128	16	23978.171875
stage-followup	continuous	mkdir_ns	B1	2	128	16	20925.125
stage-followup	continuous	mkdir_ns	B1	3	128	16	18950.1796875
stage-followup	continuous	mkdir_ns	B1	4	128	16	18338.4609375
stage-followup	continuous	mkdir_ns	B1	5	128	16	19150.109375
stage-followup	continuous	mkdir_ns	B1	6	128	16	19185.359375
stage-followup	continuous	mkdir_ns	B1	7	128	16	18511.9453125
stage-followup	continuous	mkdir_ns	B1	8	128	16	19123.046875
stage-followup	continuous	mkdir_ns	B1	9	128	16	18354.890625
stage-followup	continuous	mkdir_ns	B2	1	128	16	23557.0546875
stage-followup	continuous	mkdir_ns	B2	2	128	16	21144.0078125
stage-followup	continuous	mkdir_ns	B2	3	128	16	18477.390625
stage-followup	continuous	mkdir_ns	B2	4	128	16	18354.1328125
stage-followup	continuous	mkdir_ns	B2	5	128	16	18336.4453125
stage-followup	continuous	mkdir_ns	B2	6	128	16	18450.0078125
stage-followup	continuous	mkdir_ns	B2	7	128	16	19072.390625
stage-followup	continuous	mkdir_ns	B2	8	128	16	19139.59375
stage-followup	continuous	mkdir_ns	B2	9	128	16	19170.296875
stage-followup	continuous	mkdir_ns	A2	1	128	16	22485.9765625
stage-followup	continuous	mkdir_ns	A2	2	128	16	21410.15625
stage-followup	continuous	mkdir_ns	A2	3	128	16	19022.2265625
stage-followup	continuous	mkdir_ns	A2	4	128	16	19001.53125
stage-followup	continuous	mkdir_ns	A2	5	128	16	18312.65625
stage-followup	continuous	mkdir_ns	A2	6	128	16	18284.796875
stage-followup	continuous	mkdir_ns	A2	7	128	16	18260.59375
stage-followup	continuous	mkdir_ns	A2	8	128	16	18438.8671875
stage-followup	continuous	mkdir_ns	A2	9	128	16	18277.2890625
stage-followup	continuous	stat_ns	A1	1	128	16	1787.1171875
stage-followup	continuous	stat_ns	A1	2	128	16	1817.25
stage-followup	continuous	stat_ns	A1	3	128	16	1724.0859375
stage-followup	continuous	stat_ns	A1	4	128	16	1787.0234375
stage-followup	continuous	stat_ns	A1	5	128	16	1754.8359375
stage-followup	continuous	stat_ns	A1	6	128	16	1775.1640625
stage-followup	continuous	stat_ns	A1	7	128	16	1801.1328125
stage-followup	continuous	stat_ns	A1	8	128	16	1815.84375
stage-followup	continuous	stat_ns	A1	9	128	16	1811.5078125
stage-followup	continuous	stat_ns	B1	1	128	16	2003.203125
stage-followup	continuous	stat_ns	B1	2	128	16	1802.921875
stage-followup	continuous	stat_ns	B1	3	128	16	1787.4453125
stage-followup	continuous	stat_ns	B1	4	128	16	1756.4765625
stage-followup	continuous	stat_ns	B1	5	128	16	1829.609375
stage-followup	continuous	stat_ns	B1	6	128	16	1859.3515625
stage-followup	continuous	stat_ns	B1	7	128	16	1790.375
stage-followup	continuous	stat_ns	B1	8	128	16	1811.9453125
stage-followup	continuous	stat_ns	B1	9	128	16	1787.96875
stage-followup	continuous	stat_ns	B2	1	128	16	1877.8984375
stage-followup	continuous	stat_ns	B2	2	128	16	1779.671875
stage-followup	continuous	stat_ns	B2	3	128	16	1799.5546875
stage-followup	continuous	stat_ns	B2	4	128	16	1767.140625
stage-followup	continuous	stat_ns	B2	5	128	16	1743.578125
stage-followup	continuous	stat_ns	B2	6	128	16	1776.4140625
stage-followup	continuous	stat_ns	B2	7	128	16	1790.203125
stage-followup	continuous	stat_ns	B2	8	128	16	1823.203125
stage-followup	continuous	stat_ns	B2	9	128	16	1799.109375
stage-followup	continuous	stat_ns	A2	1	128	16	1922.7421875
stage-followup	continuous	stat_ns	A2	2	128	16	1795.765625
stage-followup	continuous	stat_ns	A2	3	128	16	1785.4609375
stage-followup	continuous	stat_ns	A2	4	128	16	1778.0078125
stage-followup	continuous	stat_ns	A2	5	128	16	1795.875
stage-followup	continuous	stat_ns	A2	6	128	16	1821.4296875
stage-followup	continuous	stat_ns	A2	7	128	16	1786.65625
stage-followup	continuous	stat_ns	A2	8	128	16	1753.5859375
stage-followup	continuous	stat_ns	A2	9	128	16	1797.9765625
stage-followup	continuous	rmdir_ns	A1	1	128	16	9726.203125
stage-followup	continuous	rmdir_ns	A1	2	128	16	9713.8515625
stage-followup	continuous	rmdir_ns	A1	3	128	16	9748.96875
stage-followup	continuous	rmdir_ns	A1	4	128	16	9716.7109375
stage-followup	continuous	rmdir_ns	A1	5	128	16	9711.8828125
stage-followup	continuous	rmdir_ns	A1	6	128	16	9700.6796875
stage-followup	continuous	rmdir_ns	A1	7	128	16	9704.7265625
stage-followup	continuous	rmdir_ns	A1	8	128	16	9707.2578125
stage-followup	continuous	rmdir_ns	A1	9	128	16	9760.7109375
stage-followup	continuous	rmdir_ns	B1	1	128	16	7956.5
stage-followup	continuous	rmdir_ns	B1	2	128	16	7527.34375
stage-followup	continuous	rmdir_ns	B1	3	128	16	7531.6953125
stage-followup	continuous	rmdir_ns	B1	4	128	16	7571.921875
stage-followup	continuous	rmdir_ns	B1	5	128	16	7521.3359375
stage-followup	continuous	rmdir_ns	B1	6	128	16	7610.5078125
stage-followup	continuous	rmdir_ns	B1	7	128	16	7541.171875
stage-followup	continuous	rmdir_ns	B1	8	128	16	7525.9453125
stage-followup	continuous	rmdir_ns	B1	9	128	16	7643.109375
stage-followup	continuous	rmdir_ns	B2	1	128	16	7544.7734375
stage-followup	continuous	rmdir_ns	B2	2	128	16	7556.28125
stage-followup	continuous	rmdir_ns	B2	3	128	16	7579.1796875
stage-followup	continuous	rmdir_ns	B2	4	128	16	7538.7265625
stage-followup	continuous	rmdir_ns	B2	5	128	16	7601.0078125
stage-followup	continuous	rmdir_ns	B2	6	128	16	7525.6171875
stage-followup	continuous	rmdir_ns	B2	7	128	16	7558.015625
stage-followup	continuous	rmdir_ns	B2	8	128	16	7543.6796875
stage-followup	continuous	rmdir_ns	B2	9	128	16	7572.0625
stage-followup	continuous	rmdir_ns	A2	1	128	16	9685.640625
stage-followup	continuous	rmdir_ns	A2	2	128	16	9745.140625
stage-followup	continuous	rmdir_ns	A2	3	128	16	9741.2890625
stage-followup	continuous	rmdir_ns	A2	4	128	16	9701.8515625
stage-followup	continuous	rmdir_ns	A2	5	128	16	9686.546875
stage-followup	continuous	rmdir_ns	A2	6	128	16	9708.5078125
stage-followup	continuous	rmdir_ns	A2	7	128	16	9693.9921875
stage-followup	continuous	rmdir_ns	A2	8	128	16	9816.578125
stage-followup	continuous	rmdir_ns	A2	9	128	16	9719.1875
stage-followup	continuous	cycle_ns	A1	1	128	16	33637.3046875
stage-followup	continuous	cycle_ns	A1	2	128	16	33071.640625
stage-followup	continuous	cycle_ns	A1	3	128	16	29772.9921875
stage-followup	continuous	cycle_ns	A1	4	128	16	30546.7578125
stage-followup	continuous	cycle_ns	A1	5	128	16	30438.3046875
stage-followup	continuous	cycle_ns	A1	6	128	16	29716.421875
stage-followup	continuous	cycle_ns	A1	7	128	16	29822.1796875
stage-followup	continuous	cycle_ns	A1	8	128	16	29922.765625
stage-followup	continuous	cycle_ns	A1	9	128	16	30463.4765625
stage-followup	continuous	cycle_ns	B1	1	128	16	33971.2578125
stage-followup	continuous	cycle_ns	B1	2	128	16	30288.734375
stage-followup	continuous	cycle_ns	B1	3	128	16	28303
stage-followup	continuous	cycle_ns	B1	4	128	16	27699.5546875
stage-followup	continuous	cycle_ns	B1	5	128	16	28537.859375
stage-followup	continuous	cycle_ns	B1	6	128	16	28689.1640625
stage-followup	continuous	cycle_ns	B1	7	128	16	27876.90625
stage-followup	continuous	cycle_ns	B1	8	128	16	28495.3828125
stage-followup	continuous	cycle_ns	B1	9	128	16	27818.75
stage-followup	continuous	cycle_ns	B2	1	128	16	33014.3046875
stage-followup	continuous	cycle_ns	B2	2	128	16	30514.8359375
stage-followup	continuous	cycle_ns	B2	3	128	16	27888.8125
stage-followup	continuous	cycle_ns	B2	4	128	16	27692.984375
stage-followup	continuous	cycle_ns	B2	5	128	16	27713.828125
stage-followup	continuous	cycle_ns	B2	6	128	16	27786.453125
stage-followup	continuous	cycle_ns	B2	7	128	16	28453.4921875
stage-followup	continuous	cycle_ns	B2	8	128	16	28539.9296875
stage-followup	continuous	cycle_ns	B2	9	128	16	28574.15625
stage-followup	continuous	cycle_ns	A2	1	128	16	34131.2734375
stage-followup	continuous	cycle_ns	A2	2	128	16	32984.4296875
stage-followup	continuous	cycle_ns	A2	3	128	16	30582.015625
stage-followup	continuous	cycle_ns	A2	4	128	16	30515.9140625
stage-followup	continuous	cycle_ns	A2	5	128	16	29828.125
stage-followup	continuous	cycle_ns	A2	6	128	16	29853.640625
stage-followup	continuous	cycle_ns	A2	7	128	16	29774.265625
stage-followup	continuous	cycle_ns	A2	8	128	16	30041.859375
stage-followup	continuous	cycle_ns	A2	9	128	16	29826.9921875
stage-followup	continuous	workload_wall_per_cycle_ns	A1	1	128	16	38277.6015625
stage-followup	continuous	workload_wall_per_cycle_ns	A1	2	128	16	37285.6484375
stage-followup	continuous	workload_wall_per_cycle_ns	A1	3	128	16	33978.3125
stage-followup	continuous	workload_wall_per_cycle_ns	A1	4	128	16	34747.640625
stage-followup	continuous	workload_wall_per_cycle_ns	A1	5	128	16	34674.6484375
stage-followup	continuous	workload_wall_per_cycle_ns	A1	6	128	16	33998.6796875
stage-followup	continuous	workload_wall_per_cycle_ns	A1	7	128	16	34057.078125
stage-followup	continuous	workload_wall_per_cycle_ns	A1	8	128	16	34156.2890625
stage-followup	continuous	workload_wall_per_cycle_ns	A1	9	128	16	34718.2109375
stage-followup	continuous	workload_wall_per_cycle_ns	B1	1	128	16	38310.2890625
stage-followup	continuous	workload_wall_per_cycle_ns	B1	2	128	16	35116.09375
stage-followup	continuous	workload_wall_per_cycle_ns	B1	3	128	16	32584.125
stage-followup	continuous	workload_wall_per_cycle_ns	B1	4	128	16	32013.328125
stage-followup	continuous	workload_wall_per_cycle_ns	B1	5	128	16	32815.0625
stage-followup	continuous	workload_wall_per_cycle_ns	B1	6	128	16	33048.828125
stage-followup	continuous	workload_wall_per_cycle_ns	B1	7	128	16	32157.3828125
stage-followup	continuous	workload_wall_per_cycle_ns	B1	8	128	16	32807.5
stage-followup	continuous	workload_wall_per_cycle_ns	B1	9	128	16	32083.25
stage-followup	continuous	workload_wall_per_cycle_ns	B2	1	128	16	37381.21875
stage-followup	continuous	workload_wall_per_cycle_ns	B2	2	128	16	34807.4296875
stage-followup	continuous	workload_wall_per_cycle_ns	B2	3	128	16	32128.125
stage-followup	continuous	workload_wall_per_cycle_ns	B2	4	128	16	31913.7265625
stage-followup	continuous	workload_wall_per_cycle_ns	B2	5	128	16	31991.5
stage-followup	continuous	workload_wall_per_cycle_ns	B2	6	128	16	32047.90625
stage-followup	continuous	workload_wall_per_cycle_ns	B2	7	128	16	32745.8046875
stage-followup	continuous	workload_wall_per_cycle_ns	B2	8	128	16	32833.2734375
stage-followup	continuous	workload_wall_per_cycle_ns	B2	9	128	16	32878.3046875
stage-followup	continuous	workload_wall_per_cycle_ns	A2	1	128	16	38411.546875
stage-followup	continuous	workload_wall_per_cycle_ns	A2	2	128	16	37273.0859375
stage-followup	continuous	workload_wall_per_cycle_ns	A2	3	128	16	34779.3125
stage-followup	continuous	workload_wall_per_cycle_ns	A2	4	128	16	34748.6171875
stage-followup	continuous	workload_wall_per_cycle_ns	A2	5	128	16	34079.171875
stage-followup	continuous	workload_wall_per_cycle_ns	A2	6	128	16	34085.6953125
stage-followup	continuous	workload_wall_per_cycle_ns	A2	7	128	16	34013.5
stage-followup	continuous	workload_wall_per_cycle_ns	A2	8	128	16	34243.1171875
stage-followup	continuous	workload_wall_per_cycle_ns	A2	9	128	16	34034.7265625
stage-followup	continuous	between_stage_ns	A1	1	128	16	35.0703125
stage-followup	continuous	between_stage_ns	A1	2	128	16	33.2890625
stage-followup	continuous	between_stage_ns	A1	3	128	16	32.8203125
stage-followup	continuous	between_stage_ns	A1	4	128	16	37.1875
stage-followup	continuous	between_stage_ns	A1	5	128	16	38.078125
stage-followup	continuous	between_stage_ns	A1	6	128	16	33.3984375
stage-followup	continuous	between_stage_ns	A1	7	128	16	33.4921875
stage-followup	continuous	between_stage_ns	A1	8	128	16	32.7890625
stage-followup	continuous	between_stage_ns	A1	9	128	16	33.1328125
stage-followup	continuous	between_stage_ns	B1	1	128	16	33.3828125
stage-followup	continuous	between_stage_ns	B1	2	128	16	33.34375
stage-followup	continuous	between_stage_ns	B1	3	128	16	33.6796875
stage-followup	continuous	between_stage_ns	B1	4	128	16	32.6953125
stage-followup	continuous	between_stage_ns	B1	5	128	16	36.8046875
stage-followup	continuous	between_stage_ns	B1	6	128	16	33.9453125
stage-followup	continuous	between_stage_ns	B1	7	128	16	33.4140625
stage-followup	continuous	between_stage_ns	B1	8	128	16	34.4453125
stage-followup	continuous	between_stage_ns	B1	9	128	16	32.78125
stage-followup	continuous	between_stage_ns	B2	1	128	16	34.578125
stage-followup	continuous	between_stage_ns	B2	2	128	16	34.875
stage-followup	continuous	between_stage_ns	B2	3	128	16	32.6875
stage-followup	continuous	between_stage_ns	B2	4	128	16	32.984375
stage-followup	continuous	between_stage_ns	B2	5	128	16	32.796875
stage-followup	continuous	between_stage_ns	B2	6	128	16	34.4140625
stage-followup	continuous	between_stage_ns	B2	7	128	16	32.8828125
stage-followup	continuous	between_stage_ns	B2	8	128	16	33.453125
stage-followup	continuous	between_stage_ns	B2	9	128	16	32.6875
stage-followup	continuous	between_stage_ns	A2	1	128	16	36.9140625
stage-followup	continuous	between_stage_ns	A2	2	128	16	33.3671875
stage-followup	continuous	between_stage_ns	A2	3	128	16	33.0390625
stage-followup	continuous	between_stage_ns	A2	4	128	16	34.5234375
stage-followup	continuous	between_stage_ns	A2	5	128	16	33.046875
stage-followup	continuous	between_stage_ns	A2	6	128	16	38.90625
stage-followup	continuous	between_stage_ns	A2	7	128	16	33.0234375
stage-followup	continuous	between_stage_ns	A2	8	128	16	32.828125
stage-followup	continuous	between_stage_ns	A2	9	128	16	32.5390625
stage-followup	paced50	mkdir_ns	A1	1	128	16	53403.3203125
stage-followup	paced50	mkdir_ns	A1	2	128	16	55223.796875
stage-followup	paced50	mkdir_ns	A1	3	128	16	54093.7578125
stage-followup	paced50	mkdir_ns	A1	4	128	16	55750.359375
stage-followup	paced50	mkdir_ns	A1	5	128	16	53766.828125
stage-followup	paced50	mkdir_ns	A1	6	128	16	55531.1328125
stage-followup	paced50	mkdir_ns	A1	7	128	16	53072.484375
stage-followup	paced50	mkdir_ns	A1	8	128	16	55332.375
stage-followup	paced50	mkdir_ns	A1	9	128	16	53451.2890625
stage-followup	paced50	mkdir_ns	B1	1	128	16	55463.3984375
stage-followup	paced50	mkdir_ns	B1	2	128	16	55079.046875
stage-followup	paced50	mkdir_ns	B1	3	128	16	55494.703125
stage-followup	paced50	mkdir_ns	B1	4	128	16	55746.5546875
stage-followup	paced50	mkdir_ns	B1	5	128	16	55103.2734375
stage-followup	paced50	mkdir_ns	B1	6	128	16	55198.4453125
stage-followup	paced50	mkdir_ns	B1	7	128	16	55810.8671875
stage-followup	paced50	mkdir_ns	B1	8	128	16	55478.15625
stage-followup	paced50	mkdir_ns	B1	9	128	16	54640.28125
stage-followup	paced50	mkdir_ns	B2	1	128	16	54060.015625
stage-followup	paced50	mkdir_ns	B2	2	128	16	56277.1328125
stage-followup	paced50	mkdir_ns	B2	3	128	16	53545.453125
stage-followup	paced50	mkdir_ns	B2	4	128	16	55656.421875
stage-followup	paced50	mkdir_ns	B2	5	128	16	53201.515625
stage-followup	paced50	mkdir_ns	B2	6	128	16	55333.15625
stage-followup	paced50	mkdir_ns	B2	7	128	16	54374.140625
stage-followup	paced50	mkdir_ns	B2	8	128	16	54566.609375
stage-followup	paced50	mkdir_ns	B2	9	128	16	54961.1328125
stage-followup	paced50	mkdir_ns	A2	1	128	16	53933.140625
stage-followup	paced50	mkdir_ns	A2	2	128	16	54552.8515625
stage-followup	paced50	mkdir_ns	A2	3	128	16	53869.5078125
stage-followup	paced50	mkdir_ns	A2	4	128	16	54717.4140625
stage-followup	paced50	mkdir_ns	A2	5	128	16	55170.234375
stage-followup	paced50	mkdir_ns	A2	6	128	16	55562.28125
stage-followup	paced50	mkdir_ns	A2	7	128	16	54114.75
stage-followup	paced50	mkdir_ns	A2	8	128	16	55187.9609375
stage-followup	paced50	mkdir_ns	A2	9	128	16	54189.9453125
stage-followup	paced50	stat_ns	A1	1	128	16	8248.15625
stage-followup	paced50	stat_ns	A1	2	128	16	8256.390625
stage-followup	paced50	stat_ns	A1	3	128	16	8229.109375
stage-followup	paced50	stat_ns	A1	4	128	16	8117.015625
stage-followup	paced50	stat_ns	A1	5	128	16	8141.4453125
stage-followup	paced50	stat_ns	A1	6	128	16	8021.2421875
stage-followup	paced50	stat_ns	A1	7	128	16	7990.859375
stage-followup	paced50	stat_ns	A1	8	128	16	8133.328125
stage-followup	paced50	stat_ns	A1	9	128	16	8302.265625
stage-followup	paced50	stat_ns	B1	1	128	16	8007.515625
stage-followup	paced50	stat_ns	B1	2	128	16	8111.2109375
stage-followup	paced50	stat_ns	B1	3	128	16	8240.8203125
stage-followup	paced50	stat_ns	B1	4	128	16	8299.46875
stage-followup	paced50	stat_ns	B1	5	128	16	8393.9453125
stage-followup	paced50	stat_ns	B1	6	128	16	8196.125
stage-followup	paced50	stat_ns	B1	7	128	16	8126.0390625
stage-followup	paced50	stat_ns	B1	8	128	16	8148.84375
stage-followup	paced50	stat_ns	B1	9	128	16	7957.1953125
stage-followup	paced50	stat_ns	B2	1	128	16	7898.2109375
stage-followup	paced50	stat_ns	B2	2	128	16	7781.6484375
stage-followup	paced50	stat_ns	B2	3	128	16	7970.984375
stage-followup	paced50	stat_ns	B2	4	128	16	7898.578125
stage-followup	paced50	stat_ns	B2	5	128	16	7919.078125
stage-followup	paced50	stat_ns	B2	6	128	16	7781.671875
stage-followup	paced50	stat_ns	B2	7	128	16	8091.3203125
stage-followup	paced50	stat_ns	B2	8	128	16	7889.7421875
stage-followup	paced50	stat_ns	B2	9	128	16	8079.0546875
stage-followup	paced50	stat_ns	A2	1	128	16	8053.7578125
stage-followup	paced50	stat_ns	A2	2	128	16	7872.890625
stage-followup	paced50	stat_ns	A2	3	128	16	7875.8671875
stage-followup	paced50	stat_ns	A2	4	128	16	7895.484375
stage-followup	paced50	stat_ns	A2	5	128	16	7732.5625
stage-followup	paced50	stat_ns	A2	6	128	16	8148.0625
stage-followup	paced50	stat_ns	A2	7	128	16	8212.9921875
stage-followup	paced50	stat_ns	A2	8	128	16	8120.265625
stage-followup	paced50	stat_ns	A2	9	128	16	7718.2734375
stage-followup	paced50	rmdir_ns	A1	1	128	16	18110.34375
stage-followup	paced50	rmdir_ns	A1	2	128	16	18096.09375
stage-followup	paced50	rmdir_ns	A1	3	128	16	18222.0546875
stage-followup	paced50	rmdir_ns	A1	4	128	16	18001.2265625
stage-followup	paced50	rmdir_ns	A1	5	128	16	18537.7109375
stage-followup	paced50	rmdir_ns	A1	6	128	16	18085.84375
stage-followup	paced50	rmdir_ns	A1	7	128	16	18516.4296875
stage-followup	paced50	rmdir_ns	A1	8	128	16	18075.6953125
stage-followup	paced50	rmdir_ns	A1	9	128	16	18229.328125
stage-followup	paced50	rmdir_ns	B1	1	128	16	15619.40625
stage-followup	paced50	rmdir_ns	B1	2	128	16	16045.2890625
stage-followup	paced50	rmdir_ns	B1	3	128	16	15879.21875
stage-followup	paced50	rmdir_ns	B1	4	128	16	15661.890625
stage-followup	paced50	rmdir_ns	B1	5	128	16	15929.53125
stage-followup	paced50	rmdir_ns	B1	6	128	16	15765.1015625
stage-followup	paced50	rmdir_ns	B1	7	128	16	15980.296875
stage-followup	paced50	rmdir_ns	B1	8	128	16	15944.390625
stage-followup	paced50	rmdir_ns	B1	9	128	16	15610.5
stage-followup	paced50	rmdir_ns	B2	1	128	16	15707.984375
stage-followup	paced50	rmdir_ns	B2	2	128	16	15934.6875
stage-followup	paced50	rmdir_ns	B2	3	128	16	15686.3671875
stage-followup	paced50	rmdir_ns	B2	4	128	16	15819.1328125
stage-followup	paced50	rmdir_ns	B2	5	128	16	15722.34375
stage-followup	paced50	rmdir_ns	B2	6	128	16	15713.6875
stage-followup	paced50	rmdir_ns	B2	7	128	16	15810.7890625
stage-followup	paced50	rmdir_ns	B2	8	128	16	16024.90625
stage-followup	paced50	rmdir_ns	B2	9	128	16	15842.2265625
stage-followup	paced50	rmdir_ns	A2	1	128	16	18532.6796875
stage-followup	paced50	rmdir_ns	A2	2	128	16	18252.2734375
stage-followup	paced50	rmdir_ns	A2	3	128	16	18142.203125
stage-followup	paced50	rmdir_ns	A2	4	128	16	18416.546875
stage-followup	paced50	rmdir_ns	A2	5	128	16	18296.2578125
stage-followup	paced50	rmdir_ns	A2	6	128	16	18136.1640625
stage-followup	paced50	rmdir_ns	A2	7	128	16	18253.3125
stage-followup	paced50	rmdir_ns	A2	8	128	16	18431.4921875
stage-followup	paced50	rmdir_ns	A2	9	128	16	18082.1328125
stage-followup	paced50	cycle_ns	A1	1	128	16	79813.7265625
stage-followup	paced50	cycle_ns	A1	2	128	16	81625.859375
stage-followup	paced50	cycle_ns	A1	3	128	16	80595.03125
stage-followup	paced50	cycle_ns	A1	4	128	16	81918.75
stage-followup	paced50	cycle_ns	A1	5	128	16	80496.546875
stage-followup	paced50	cycle_ns	A1	6	128	16	81688.625
stage-followup	paced50	cycle_ns	A1	7	128	16	79630.4765625
stage-followup	paced50	cycle_ns	A1	8	128	16	81604.9609375
stage-followup	paced50	cycle_ns	A1	9	128	16	80032.859375
stage-followup	paced50	cycle_ns	B1	1	128	16	79140.7578125
stage-followup	paced50	cycle_ns	B1	2	128	16	79285.90625
stage-followup	paced50	cycle_ns	B1	3	128	16	79664.7734375
stage-followup	paced50	cycle_ns	B1	4	128	16	79761.4296875
stage-followup	paced50	cycle_ns	B1	5	128	16	79479.3046875
stage-followup	paced50	cycle_ns	B1	6	128	16	79211.25
stage-followup	paced50	cycle_ns	B1	7	128	16	79980.125
stage-followup	paced50	cycle_ns	B1	8	128	16	79623.6015625
stage-followup	paced50	cycle_ns	B1	9	128	16	78260.6796875
stage-followup	paced50	cycle_ns	B2	1	128	16	77716.5390625
stage-followup	paced50	cycle_ns	B2	2	128	16	80042.609375
stage-followup	paced50	cycle_ns	B2	3	128	16	77253.3125
stage-followup	paced50	cycle_ns	B2	4	128	16	79423.5390625
stage-followup	paced50	cycle_ns	B2	5	128	16	76892.5546875
stage-followup	paced50	cycle_ns	B2	6	128	16	78879.75
stage-followup	paced50	cycle_ns	B2	7	128	16	78324.828125
stage-followup	paced50	cycle_ns	B2	8	128	16	78531.4453125
stage-followup	paced50	cycle_ns	B2	9	128	16	78932.3046875
stage-followup	paced50	cycle_ns	A2	1	128	16	80571.484375
stage-followup	paced50	cycle_ns	A2	2	128	16	80727.7578125
stage-followup	paced50	cycle_ns	A2	3	128	16	79937.4375
stage-followup	paced50	cycle_ns	A2	4	128	16	81094.03125
stage-followup	paced50	cycle_ns	A2	5	128	16	81249.203125
stage-followup	paced50	cycle_ns	A2	6	128	16	81894.25
stage-followup	paced50	cycle_ns	A2	7	128	16	80632.2421875
stage-followup	paced50	cycle_ns	A2	8	128	16	81803.7578125
stage-followup	paced50	cycle_ns	A2	9	128	16	80040.5625
stage-followup	paced50	workload_wall_per_cycle_ns	A1	1	128	16	50359206.6484375
stage-followup	paced50	workload_wall_per_cycle_ns	A1	2	128	16	50359240.5234375
stage-followup	paced50	workload_wall_per_cycle_ns	A1	3	128	16	50360227.0703125
stage-followup	paced50	workload_wall_per_cycle_ns	A1	4	128	16	50351381.4921875
stage-followup	paced50	workload_wall_per_cycle_ns	A1	5	128	16	50352839.015625
stage-followup	paced50	workload_wall_per_cycle_ns	A1	6	128	16	50360407.828125
stage-followup	paced50	workload_wall_per_cycle_ns	A1	7	128	16	50350029.765625
stage-followup	paced50	workload_wall_per_cycle_ns	A1	8	128	16	50362532.234375
stage-followup	paced50	workload_wall_per_cycle_ns	A1	9	128	16	50353602.9765625
stage-followup	paced50	workload_wall_per_cycle_ns	B1	1	128	16	50361547.1171875
stage-followup	paced50	workload_wall_per_cycle_ns	B1	2	128	16	50360480.6015625
stage-followup	paced50	workload_wall_per_cycle_ns	B1	3	128	16	50361230.6953125
stage-followup	paced50	workload_wall_per_cycle_ns	B1	4	128	16	50365481.2265625
stage-followup	paced50	workload_wall_per_cycle_ns	B1	5	128	16	50360779.734375
stage-followup	paced50	workload_wall_per_cycle_ns	B1	6	128	16	50363039.609375
stage-followup	paced50	workload_wall_per_cycle_ns	B1	7	128	16	50357904.8203125
stage-followup	paced50	workload_wall_per_cycle_ns	B1	8	128	16	50359878.828125
stage-followup	paced50	workload_wall_per_cycle_ns	B1	9	128	16	50351744.2734375
stage-followup	paced50	workload_wall_per_cycle_ns	B2	1	128	16	50359421.0234375
stage-followup	paced50	workload_wall_per_cycle_ns	B2	2	128	16	50361851.296875
stage-followup	paced50	workload_wall_per_cycle_ns	B2	3	128	16	50362215.5390625
stage-followup	paced50	workload_wall_per_cycle_ns	B2	4	128	16	50367546.0546875
stage-followup	paced50	workload_wall_per_cycle_ns	B2	5	128	16	50367724.0234375
stage-followup	paced50	workload_wall_per_cycle_ns	B2	6	128	16	50366422.9140625
stage-followup	paced50	workload_wall_per_cycle_ns	B2	7	128	16	50372095.8046875
stage-followup	paced50	workload_wall_per_cycle_ns	B2	8	128	16	50359008.0
stage-followup	paced50	workload_wall_per_cycle_ns	B2	9	128	16	50366058.7890625
stage-followup	paced50	workload_wall_per_cycle_ns	A2	1	128	16	50360216.15625
stage-followup	paced50	workload_wall_per_cycle_ns	A2	2	128	16	50361736.75
stage-followup	paced50	workload_wall_per_cycle_ns	A2	3	128	16	50356552.90625
stage-followup	paced50	workload_wall_per_cycle_ns	A2	4	128	16	50356276.1328125
stage-followup	paced50	workload_wall_per_cycle_ns	A2	5	128	16	50359056.390625
stage-followup	paced50	workload_wall_per_cycle_ns	A2	6	128	16	50361437.1796875
stage-followup	paced50	workload_wall_per_cycle_ns	A2	7	128	16	50363958.7734375
stage-followup	paced50	workload_wall_per_cycle_ns	A2	8	128	16	50365308.828125
stage-followup	paced50	workload_wall_per_cycle_ns	A2	9	128	16	50362345.7421875
stage-followup	paced50	between_stage_ns	A1	1	128	16	51.90625
stage-followup	paced50	between_stage_ns	A1	2	128	16	49.578125
stage-followup	paced50	between_stage_ns	A1	3	128	16	50.109375
stage-followup	paced50	between_stage_ns	A1	4	128	16	50.1484375
stage-followup	paced50	between_stage_ns	A1	5	128	16	50.5625
stage-followup	paced50	between_stage_ns	A1	6	128	16	50.40625
stage-followup	paced50	between_stage_ns	A1	7	128	16	50.703125
stage-followup	paced50	between_stage_ns	A1	8	128	16	63.5625
stage-followup	paced50	between_stage_ns	A1	9	128	16	49.9765625
stage-followup	paced50	between_stage_ns	B1	1	128	16	50.4375
stage-followup	paced50	between_stage_ns	B1	2	128	16	50.359375
stage-followup	paced50	between_stage_ns	B1	3	128	16	50.03125
stage-followup	paced50	between_stage_ns	B1	4	128	16	53.515625
stage-followup	paced50	between_stage_ns	B1	5	128	16	52.5546875
stage-followup	paced50	between_stage_ns	B1	6	128	16	51.578125
stage-followup	paced50	between_stage_ns	B1	7	128	16	62.921875
stage-followup	paced50	between_stage_ns	B1	8	128	16	52.2109375
stage-followup	paced50	between_stage_ns	B1	9	128	16	52.703125
stage-followup	paced50	between_stage_ns	B2	1	128	16	50.328125
stage-followup	paced50	between_stage_ns	B2	2	128	16	49.140625
stage-followup	paced50	between_stage_ns	B2	3	128	16	50.5078125
stage-followup	paced50	between_stage_ns	B2	4	128	16	49.40625
stage-followup	paced50	between_stage_ns	B2	5	128	16	49.6171875
stage-followup	paced50	between_stage_ns	B2	6	128	16	51.234375
stage-followup	paced50	between_stage_ns	B2	7	128	16	48.578125
stage-followup	paced50	between_stage_ns	B2	8	128	16	50.1875
stage-followup	paced50	between_stage_ns	B2	9	128	16	49.890625
stage-followup	paced50	between_stage_ns	A2	1	128	16	51.90625
stage-followup	paced50	between_stage_ns	A2	2	128	16	49.7421875
stage-followup	paced50	between_stage_ns	A2	3	128	16	49.859375
stage-followup	paced50	between_stage_ns	A2	4	128	16	64.5859375
stage-followup	paced50	between_stage_ns	A2	5	128	16	50.1484375
stage-followup	paced50	between_stage_ns	A2	6	128	16	47.7421875
stage-followup	paced50	between_stage_ns	A2	7	128	16	51.1875
stage-followup	paced50	between_stage_ns	A2	8	128	16	64.0390625
stage-followup	paced50	between_stage_ns	A2	9	128	16	50.2109375
