source	point	profile	actual_preempt	round	logical_ops	elapsed_ns	ns_per_op	semantic_pass
formal	parent-a	u0	full	0	65536	22425550	342.186737	1
formal	parent-a	u0	full	1	65536	22429879	342.252792	1
formal	parent-a	u0	full	2	65536	22417918	342.070282	1
formal	parent-a	u0	full	3	65536	22430428	342.261169	1
formal	parent-a	u0	full	4	65536	22426014	342.193817	1
formal	parent-a	u0	full	5	65536	22382891	341.535812	1
formal	parent-a	u0	full	6	65536	22404649	341.867813	1
formal	parent-a	u0	full	7	65536	22402635	341.837082	1
formal	parent-a	u0	full	8	65536	22382707	341.533005	1
formal	parent-a	u0	full	9	65536	22402210	341.830597	1
formal	parent-a	u0	full	10	65536	22369202	341.326935	1
formal	parent-a	u0	full	11	65536	22413725	342.006302	1
formal	parent-a	u0	full	12	65536	22417539	342.064499	1
formal	parent-a	u0	full	13	65536	22407901	341.917435	1
formal	parent-a	u0	full	14	65536	22403172	341.845276	1
formal	parent-a	s0	full	0	65536	20547657	313.532364	1
formal	parent-a	s0	full	1	65536	20593974	314.239105	1
formal	parent-a	s0	full	2	65536	20586036	314.117981	1
formal	parent-a	s0	full	3	65536	20577182	313.982880	1
formal	parent-a	s0	full	4	65536	20588641	314.157730	1
formal	parent-a	s0	full	5	65536	20595925	314.268875	1
formal	parent-a	s0	full	6	65536	20599361	314.321304	1
formal	parent-a	s0	full	7	65536	20588650	314.157867	1
formal	parent-a	s0	full	8	65536	20583151	314.073959	1
formal	parent-a	s0	full	9	65536	20579460	314.017639	1
formal	parent-a	s0	full	10	65536	20585122	314.104034	1
formal	parent-a	s0	full	11	65536	20578589	314.004349	1
formal	parent-a	s0	full	12	65536	20579889	314.024185	1
formal	parent-a	s0	full	13	65536	20583490	314.079132	1
formal	parent-a	s0	full	14	65536	20576196	313.967834	1
formal	child	u0	full	0	65536	25797530	393.639069	1
formal	child	u0	full	1	65536	25800996	393.691956	1
formal	child	u0	full	2	65536	25896913	395.155533	1
formal	child	u0	full	3	65536	25789978	393.523834	1
formal	child	u0	full	4	65536	25791540	393.547668	1
formal	child	u0	full	5	65536	25798571	393.654953	1
formal	child	u0	full	6	65536	25790853	393.537186	1
formal	child	u0	full	7	65536	25809992	393.829224	1
formal	child	u0	full	8	65536	25812039	393.860458	1
formal	child	u0	full	9	65536	25797209	393.634171	1
formal	child	u0	full	10	65536	25808872	393.812134	1
formal	child	u0	full	11	65536	25796749	393.627151	1
formal	child	u0	full	12	65536	25818307	393.956100	1
formal	child	u0	full	13	65536	25807158	393.785980	1
formal	child	u0	full	14	65536	25807797	393.795731	1
formal	child	s0	full	0	65536	24485133	373.613480	1
formal	child	s0	full	1	65536	24467184	373.339600	1
formal	child	s0	full	2	65536	24469605	373.376541	1
formal	child	s0	full	3	65536	24490164	373.690247	1
formal	child	s0	full	4	65536	24484625	373.605728	1
formal	child	s0	full	5	65536	24484305	373.600845	1
formal	child	s0	full	6	65536	24499203	373.828171	1
formal	child	s0	full	7	65536	24502214	373.874115	1
formal	child	s0	full	8	65536	24506924	373.945984	1
formal	child	s0	full	9	65536	24486404	373.632874	1
formal	child	s0	full	10	65536	24480407	373.541367	1
formal	child	s0	full	11	65536	24476790	373.486176	1
formal	child	s0	full	12	65536	24487131	373.643967	1
formal	child	s0	full	13	65536	24479605	373.529129	1
formal	child	s0	full	14	65536	24477648	373.499268	1
formal	parent-b	u0	full	0	65536	22627028	345.261047	1
formal	parent-b	u0	full	1	65536	22528353	343.755386	1
formal	parent-b	u0	full	2	65536	22524358	343.694427	1
formal	parent-b	u0	full	3	65536	22509485	343.467484	1
formal	parent-b	u0	full	4	65536	22503185	343.371353	1
formal	parent-b	u0	full	5	65536	22537339	343.892502	1
formal	parent-b	u0	full	6	65536	22537613	343.896683	1
formal	parent-b	u0	full	7	65536	22513577	343.529922	1
formal	parent-b	u0	full	8	65536	22538756	343.914124	1
formal	parent-b	u0	full	9	65536	22542025	343.964005	1
formal	parent-b	u0	full	10	65536	22531871	343.809067	1
formal	parent-b	u0	full	11	65536	22516241	343.570572	1
formal	parent-b	u0	full	12	65536	22528859	343.763107	1
formal	parent-b	u0	full	13	65536	22611652	345.026428	1
formal	parent-b	u0	full	14	65536	22527323	343.739670	1
formal	parent-b	s0	full	0	65536	20896206	318.850800	1
formal	parent-b	s0	full	1	65536	20952063	319.703110	1
formal	parent-b	s0	full	2	65536	20934742	319.438812	1
formal	parent-b	s0	full	3	65536	20930131	319.368454	1
formal	parent-b	s0	full	4	65536	20939891	319.517380	1
formal	parent-b	s0	full	5	65536	20958450	319.800568	1
formal	parent-b	s0	full	6	65536	20948384	319.646973	1
formal	parent-b	s0	full	7	65536	20968142	319.948456	1
formal	parent-b	s0	full	8	65536	20962240	319.858398	1
formal	parent-b	s0	full	9	65536	20942517	319.557449	1
formal	parent-b	s0	full	10	65536	20927337	319.325821	1
formal	parent-b	s0	full	11	65536	20911536	319.084717	1
formal	parent-b	s0	full	12	65536	20896446	318.854462	1
formal	parent-b	s0	full	13	65536	20904985	318.984756	1
formal	parent-b	s0	full	14	65536	20933730	319.423370	1
standalone	parent-a	sendmmsg	none	0	65536	22513441	343.527847	1
standalone	parent-a	sendmmsg	none	1	65536	22509479	343.467392	1
standalone	parent-a	sendmmsg	none	2	65536	22564336	344.304443	1
standalone	parent-a	sendmmsg	none	3	65536	22494896	343.244873	1
standalone	parent-a	sendmmsg	none	4	65536	22479689	343.012833	1
standalone	parent-a	sendmmsg	none	5	65536	22533297	343.830826	1
standalone	parent-a	sendmmsg	none	6	65536	22466780	342.815857	1
standalone	parent-a	sendmmsg	none	7	65536	22494906	343.245026	1
standalone	parent-a	sendmmsg	none	8	65536	22472170	342.898102	1
standalone	parent-a	sendmmsg	none	9	65536	22569594	344.384674	1
standalone	parent-a	sendmmsg	none	10	65536	22495901	343.260208	1
standalone	parent-a	sendmmsg	none	11	65536	22474082	342.927277	1
standalone	parent-a	sendmmsg	none	12	65536	22502780	343.365173	1
standalone	parent-a	sendmmsg	none	13	65536	22489483	343.162277	1
standalone	parent-a	sendmmsg	none	14	65536	22497017	343.277237	1
standalone	child	sendmmsg	none	0	65536	25970528	396.278809	1
standalone	child	sendmmsg	none	1	65536	25958164	396.090149	1
standalone	child	sendmmsg	none	2	65536	25938553	395.790909	1
standalone	child	sendmmsg	none	3	65536	25968721	396.251236	1
standalone	child	sendmmsg	none	4	65536	25911783	395.382431	1
standalone	child	sendmmsg	none	5	65536	25929136	395.647217	1
standalone	child	sendmmsg	none	6	65536	25939002	395.797760	1
standalone	child	sendmmsg	none	7	65536	25926225	395.602798	1
standalone	child	sendmmsg	none	8	65536	25912938	395.400055	1
standalone	child	sendmmsg	none	9	65536	25944280	395.878296	1
standalone	child	sendmmsg	none	10	65536	25954771	396.038376	1
standalone	child	sendmmsg	none	11	65536	25935319	395.741562	1
standalone	child	sendmmsg	none	12	65536	25921948	395.537537	1
standalone	child	sendmmsg	none	13	65536	25941804	395.840515	1
standalone	child	sendmmsg	none	14	65536	25964854	396.192230	1
standalone	parent-b	sendmmsg	none	0	65536	22506244	343.418030	1
standalone	parent-b	sendmmsg	none	1	65536	22528548	343.758362	1
standalone	parent-b	sendmmsg	none	2	65536	22504158	343.386200	1
standalone	parent-b	sendmmsg	none	3	65536	22503792	343.380615	1
standalone	parent-b	sendmmsg	none	4	65536	22525001	343.704239	1
standalone	parent-b	sendmmsg	none	5	65536	22507559	343.438095	1
standalone	parent-b	sendmmsg	none	6	65536	22483173	343.065994	1
standalone	parent-b	sendmmsg	none	7	65536	22482663	343.058212	1
standalone	parent-b	sendmmsg	none	8	65536	22476504	342.964233	1
standalone	parent-b	sendmmsg	none	9	65536	22476462	342.963593	1
standalone	parent-b	sendmmsg	none	10	65536	22489625	343.164444	1
standalone	parent-b	sendmmsg	none	11	65536	22487077	343.125565	1
standalone	parent-b	sendmmsg	none	12	65536	22493493	343.223465	1
standalone	parent-b	sendmmsg	none	13	65536	22488774	343.151459	1
standalone	parent-b	sendmmsg	none	14	65536	22484381	343.084427	1
