experiment	arm	metric	contrast	min_change_percent	max_change_percent	min_drop_first_percent	max_drop_first_percent	max_cv_percent	old_drift_percent	new_drift_percent	stability_pass	signal_direction	signal_pass
exact-r1	original-cb0	create_ns	guard-over-base	0.07319927062936493	2.1950275158314714	0.04854667498166432	2.3863926905749233	1.6432525089299068	0.7756179822702158	1.3343090949253344	True	slower	False
exact-r1	original-cb0	create_ns	notify-over-guard	-2.860872547452875	0.7387718577450242	-2.9992867255608457	0.8084571782566163	1.5124236366151762	1.3343090949253344	2.3401249786964007	False	slower	False
exact-r1	original-cb0	create_ns	notify-over-base	-1.4926824400776528	1.594431874691482	-1.3169654386000484	1.503829278255986	1.6432525089299068	0.7756179822702158	2.3401249786964007	False	slower	False
exact-r1	original-cb0	remove_ns	guard-over-base	5.897250792788533	7.235952307869398	5.896819949668264	7.085543788438842	2.6090828524711474	-0.6463817631235935	0.6095983333070931	True	slower	True
exact-r1	original-cb0	remove_ns	notify-over-guard	37.03655666310735	38.93532340547119	37.10979216528267	38.616999729948695	2.315023580815305	0.6095983333070931	0.7712912866848942	True	slower	True
exact-r1	original-cb0	remove_ns	notify-over-base	46.002582668010405	48.08588804051721	45.9441489361702	47.676722027191374	2.6090828524711474	-0.6463817631235935	0.7712912866848942	True	slower	True
exact-r1	original-cb1	create_ns	guard-over-base	-0.22892887083252322	1.3633070156529037	-0.2880993605112958	1.2285461019865718	0.7602047540449082	0.22846033306511693	1.3643120929098362	True	slower	False
exact-r1	original-cb1	create_ns	notify-over-guard	-1.7812903286579584	0.8193584685036726	-1.8508374624210955	0.8303966281932196	0.7235152914704556	1.3643120929098362	1.2662266762278218	True	slower	False
exact-r1	original-cb1	create_ns	notify-over-base	-0.6691992472607655	0.8183587947312665	-0.7317149059069439	0.6277004850546053	0.7602047540449082	0.22846033306511693	1.2662266762278218	True	slower	False
exact-r1	original-cb1	remove_ns	guard-over-base	6.272735964052689	6.672328413195849	6.287524618061524	6.646336868621017	0.5400173842906902	0.09090691610249557	0.28484069499781217	True	slower	True
exact-r1	original-cb1	remove_ns	notify-over-guard	37.32353145653406	37.973661512995506	37.21326561340761	38.07056916090339	0.6671000165567306	0.28484069499781217	-0.1877001394506861	True	slower	True
exact-r1	original-cb1	remove_ns	notify-over-base	46.35316331652286	46.76168034257553	46.20403831813227	46.88115620294076	0.6671000165567306	0.09090691610249557	-0.1877001394506861	True	slower	True
exact-r1	control-scx	create_ns	guard-over-base	0.08854430081979281	1.1061280973895027	0.31204053489928274	1.4450830195953168	2.3814447778325087	0.48119342173247315	0.5329257557891154	True	slower	False
exact-r1	control-scx	create_ns	notify-over-guard	-1.6404191565364212	0.7484536816936505	-1.7867663857058735	0.7415364058906748	0.9811225610016013	0.5329257557891154	1.8857385843498164	True	slower	False
exact-r1	control-scx	create_ns	notify-over-base	-1.0286796791381003	1.322884885488973	-0.7730977730690647	1.4689610523780816	2.3814447778325087	0.48119342173247315	1.8857385843498164	True	slower	False
exact-r1	control-scx	remove_ns	guard-over-base	6.262378459237095	7.068363240473596	6.353428002190009	6.839466118282567	0.687557793021474	-0.4114285714285737	0.3439363481257507	True	slower	True
exact-r1	control-scx	remove_ns	notify-over-guard	37.471787602594354	38.263538129747566	37.64648873933254	38.10563109770866	0.7816780476907114	0.3439363481257507	0.23120518970745074	True	slower	True
exact-r1	control-scx	remove_ns	notify-over-base	46.583216155572174	47.52910103137877	46.6744898460403	47.266898216410326	0.7816780476907114	-0.4114285714285737	0.23120518970745074	True	slower	True
exact-r1	control-disabled	create_ns	guard-over-base	-0.25762399077278175	1.1638881665751777	-0.35864221845645083	1.300666430572095	0.7647135828866362	0.3599344805897742	1.0614288436738617	True	slower	False
exact-r1	control-disabled	create_ns	notify-over-guard	-1.4913885684009864	0.8194212911139864	-1.5737975601425425	1.1753419818002264	0.9133659101994769	1.0614288436738617	1.2708764814068685	True	slower	False
exact-r1	control-disabled	create_ns	notify-over-base	-0.7022652825836251	0.9216352589846544	-0.5796687001225931	1.1025579255058648	0.9133659101994769	0.3599344805897742	1.2708764814068685	True	slower	False
exact-r1	control-disabled	remove_ns	guard-over-base	6.11176470588235	6.591027976695107	5.7525708868953584	6.555471851482664	0.7982039932514418	0.17015698936369006	0.2810237682300487	True	slower	True
exact-r1	control-disabled	remove_ns	notify-over-guard	37.397886946564455	38.134269174158945	37.42787628744988	38.35564157475535	0.7982039932514418	0.2810237682300487	-0.25356597629453415	True	slower	True
exact-r1	control-disabled	remove_ns	notify-over-base	46.20504201680673	46.82612120228238	45.85098107786525	46.902451620816144	0.5996203827248852	0.17015698936369006	-0.25356597629453415	True	slower	True
exact-r2	original-cb0	create_ns	guard-over-base	1.7526796735026329	2.0898064609288003	1.5292250987313905	1.8512074887227614	1.6724550545542636	0.06335760690951986	-0.2670773254165093	True	slower	False
exact-r2	original-cb0	create_ns	notify-over-guard	-1.2032551537408454	-0.24727938409886407	-0.9649107251749722	-0.11417468672674236	1.6228641452714538	-0.2670773254165093	0.6979570758772313	True	slower	False
exact-r2	original-cb0	create_ns	notify-over-base	0.7975426923701345	1.5653749204806777	0.7534751810650775	1.5290163679429147	1.6724550545542636	0.06335760690951986	0.6979570758772313	True	slower	False
exact-r2	original-cb0	remove_ns	guard-over-base	5.7451600742511655	6.518476710245147	5.691085030242937	6.63239449850328	2.6808386294695574	0.23521139728963636	-0.4924891752293825	True	slower	True
exact-r2	original-cb0	remove_ns	notify-over-guard	38.40865487701242	39.428515987247216	38.44418284164976	39.46103378779433	2.6808386294695574	-0.4924891752293825	0.24072971600705984	True	slower	True
exact-r2	original-cb0	remove_ns	notify-over-base	47.08483052505499	47.78570053415827	47.13388406490229	47.891226552314414	2.390188090173338	0.23521139728963636	0.24072971600705984	True	slower	True
exact-r2	original-cb1	create_ns	guard-over-base	0.26282263410857265	2.1304711616782157	0.2991283549136359	2.155606380257802	2.1548177395643053	-0.44348558763864787	1.411006163813	True	slower	False
exact-r2	original-cb1	create_ns	notify-over-guard	-1.2040978425433946	0.4574856973765806	-1.2206946805223606	0.5532357568712287	2.1548177395643053	1.411006163813	0.2670600745921403	True	slower	False
exact-r2	original-cb1	create_ns	notify-over-base	0.453240209212713	1.1701859009033866	0.4642579517490475	1.3000832348953884	0.9813803588562333	-0.44348558763864787	0.2670600745921403	True	slower	False
exact-r2	original-cb1	remove_ns	guard-over-base	5.70428245094281	7.062320598585203	5.725605683586399	7.17815613246271	0.6351767925377788	0.5778076696732137	-0.6979773017153246	True	slower	True
exact-r2	original-cb1	remove_ns	notify-over-guard	37.791510971660244	39.094972836984624	37.63256496502756	39.143274419665474	0.6351767925377788	-0.6979773017153246	-0.24080553308578612	True	slower	True
exact-r2	original-cb1	remove_ns	notify-over-base	46.67528816955464	47.87888978297683	46.6088821854328	48.01632032419649	0.6275510456002265	0.5778076696732137	-0.24080553308578612	True	slower	True
exact-r2	control-scx	create_ns	guard-over-base	-0.5701913384852042	1.3942734312155425	-0.12076339427368188	1.6529137086558343	1.1620602024631466	-0.524471402382598	1.4408966699087644	True	slower	False
exact-r2	control-scx	create_ns	notify-over-guard	-0.9246965497013426	1.1569264971516002	-0.9487615847775022	0.8422678617807877	1.9773248705331246	1.4408966699087644	0.6507776926148345	True	slower	False
exact-r2	control-scx	create_ns	notify-over-base	-0.07018249659587195	1.1104337739563874	0.12105838882456865	1.2912959573275096	1.9773248705331246	-0.524471402382598	0.6507776926148345	True	slower	False
exact-r2	control-scx	remove_ns	guard-over-base	6.016451964113068	6.954272208744716	5.784934405871844	6.896253555582388	0.6683210301579933	0.5392603913963345	-0.3423103194147403	True	slower	True
exact-r2	control-scx	remove_ns	notify-over-guard	38.06048118922223	39.0579890675147	38.05368543157031	39.08017355088176	2.688690389897358	-0.3423103194147403	0.3777315762278022	True	slower	True
exact-r2	control-scx	remove_ns	notify-over-base	46.869573427317235	48.219347288257985	46.79674989054205	47.90508118767409	2.688690389897358	0.5392603913963345	0.3777315762278022	True	slower	True
exact-r2	control-disabled	create_ns	guard-over-base	-0.06933074202751799	1.1949893199733053	-0.15187235038439661	1.1124072383607686	1.2708130466972383	-0.4444193004953356	0.815155151443836	True	slower	False
exact-r2	control-disabled	create_ns	notify-over-guard	-0.4327267695643733	0.6781735640337017	-0.5752633284436537	0.6810426720019302	1.2708130466972383	0.815155151443836	0.29814291027734363	True	slower	False
exact-r2	control-disabled	create_ns	notify-over-base	0.309307550432103	1.0574916366718368	0.14509332428478405	0.9152623897434209	0.8781625056454248	-0.4444193004953356	0.29814291027734363	True	slower	False
exact-r2	control-disabled	remove_ns	guard-over-base	6.04723753533718	6.947140331321822	5.9030374864685875	7.071801165817515	0.831033913237533	0.35769881231502154	-0.4867573693088989	True	slower	True
exact-r2	control-disabled	remove_ns	notify-over-guard	37.331954150016514	38.081232619451775	37.279491263811515	38.17477804968033	0.831033913237533	-0.4867573693088989	0.05618349677252166	True	slower	True
exact-r2	control-disabled	remove_ns	notify-over-base	46.349108700907934	46.95511588576699	46.17088161425762	47.14892558676858	0.6909358639521238	0.35769881231502154	0.05618349677252166	True	slower	True
root-reuse-r1	original-cb0	create_ns	prototype-over-notify	0.801628682566724	3.149559157067361	0.8806149181679102	3.0257309132908583	2.665926413736891	0.5865093969005475	1.732587286365317	True	faster	False
root-reuse-r1	original-cb0	remove_ns	prototype-over-notify	-4.973085402617428	-4.2924386205798974	-5.069934451864122	-4.307390377020326	2.676215839748227	0.25049510336880854	-0.46245981791758206	True	faster	False
root-reuse-r1	original-cb1	create_ns	prototype-over-notify	0.5917207663779234	2.276508322750437	0.5573925939216684	2.2152310074652792	0.7939384602230524	0.5622629947692248	1.1063931276767303	True	faster	False
root-reuse-r1	original-cb1	remove_ns	prototype-over-notify	-4.7008699952498345	-4.211142634714548	-4.877385989198468	-4.269278756275963	1.195928794303574	0.11628626616850823	-0.3955653830557182	True	faster	False
root-reuse-r1	control-scx	create_ns	prototype-over-notify	0.5245655474384714	2.354511562078576	0.46942907932412403	2.2944028343572453	0.9200129488796609	0.4773706081236506	1.3366454792146376	True	faster	False
root-reuse-r1	control-scx	remove_ns	prototype-over-notify	-5.076764660705157	-4.051578727032979	-4.9606897476424	-4.147260067690439	1.083719614827886	0.21632310984016634	-0.8544643342206726	True	faster	False
root-reuse-r1	control-disabled	create_ns	prototype-over-notify	-0.26489429556568744	1.9707224216900743	-0.3444170619198217	2.2356684332313304	1.4375112502533567	0.8642819288099401	1.3654710191001396	True	faster	False
root-reuse-r1	control-disabled	remove_ns	prototype-over-notify	-4.7678743291519226	-3.9335281257090737	-4.8952238898324225	-3.8975847625910442	0.7905890360763143	0.4319344816089865	-0.44032616879567943	True	faster	False
mainline-r1	control-disabled	create_ns	latest-over-v7.2	0.11264842866682834	0.9659669619818345	-0.98939393687002	-0.1814360083826294	7.50652716611484	0.8523583650102307		False	none	False
mainline-r1	control-disabled	remove_ns	latest-over-v7.2	-2.355397524352243	-2.0187723539006996	-2.4592185504573316	-2.0387750416729467	0.7495939607353351	0.34474529253729624		True	none	False
