experiment	point	arm	sample	operations	warmups	create_mean_ns	remove_mean_ns
exact-r1	base-A	original-cb0	1	128	16	21399.421875	7080.6875
exact-r1	base-A	original-cb0	2	128	16	21093.921875	6558.140625
exact-r1	base-A	original-cb0	3	128	16	21287.4609375	6567.90625
exact-r1	base-A	original-cb0	4	128	16	21246.6640625	6560.8359375
exact-r1	base-A	original-cb0	5	128	16	21245.7734375	6496.25
exact-r1	base-A	original-cb0	6	128	16	21373.7890625	6554.859375
exact-r1	base-A	original-cb0	7	128	16	21357.2890625	6623.7890625
exact-r1	base-A	original-cb0	8	128	16	21432.9453125	6500.578125
exact-r1	base-A	original-cb0	9	128	16	21095.1875	6505.4375
exact-r1	base-A	original-cb1	1	128	16	20957.3984375	6528.5078125
exact-r1	base-A	original-cb1	2	128	16	21396.1875	6573.453125
exact-r1	base-A	original-cb1	3	128	16	21182.484375	6540.15625
exact-r1	base-A	original-cb1	4	128	16	21238.8828125	6524.109375
exact-r1	base-A	original-cb1	5	128	16	21389.6328125	6530.78125
exact-r1	base-A	original-cb1	6	128	16	21561.28125	6546.765625
exact-r1	base-A	original-cb1	7	128	16	21374.703125	6504.921875
exact-r1	base-A	original-cb1	8	128	16	21273.5234375	6531.828125
exact-r1	base-A	original-cb1	9	128	16	21196.2421875	6531.40625
exact-r1	base-A	control-scx	1	128	16	21153.4609375	6551.7265625
exact-r1	base-A	control-scx	2	128	16	21087.6484375	6542.7265625
exact-r1	base-A	control-scx	3	128	16	21158.1015625	6504.5703125
exact-r1	base-A	control-scx	4	128	16	21226.5546875	6513.8515625
exact-r1	base-A	control-scx	5	128	16	21200.3984375	6508.84375
exact-r1	base-A	control-scx	6	128	16	21060.96875	6562.3359375
exact-r1	base-A	control-scx	7	128	16	21163.109375	6491.2421875
exact-r1	base-A	control-scx	8	128	16	21054.4375	6565.0546875
exact-r1	base-A	control-scx	9	128	16	21114.015625	6528.3203125
exact-r1	base-A	control-disabled	1	128	16	20980.7109375	6491.609375
exact-r1	base-A	control-disabled	2	128	16	21429.6015625	6480.9296875
exact-r1	base-A	control-disabled	3	128	16	20902.296875	6528.8515625
exact-r1	base-A	control-disabled	4	128	16	21029.40625	6496.7578125
exact-r1	base-A	control-disabled	5	128	16	21038.40625	6497.515625
exact-r1	base-A	control-disabled	6	128	16	21262.8515625	6493.078125
exact-r1	base-A	control-disabled	7	128	16	21132.46875	6530.2265625
exact-r1	base-A	control-disabled	8	128	16	21168.234375	6494.796875
exact-r1	base-A	control-disabled	9	128	16	21091.078125	6498.140625
exact-r1	guard-A	original-cb0	1	128	16	22047.2421875	6964.1015625
exact-r1	guard-A	original-cb0	2	128	16	21548.6328125	6922.75
exact-r1	guard-A	original-cb0	3	128	16	21359.25	6960.8203125
exact-r1	guard-A	original-cb0	4	128	16	21162.7734375	6929.4921875
exact-r1	guard-A	original-cb0	5	128	16	21084.140625	6937.9375
exact-r1	guard-A	original-cb0	6	128	16	21633.390625	6982.328125
exact-r1	guard-A	original-cb0	7	128	16	21468.2734375	6944.890625
exact-r1	guard-A	original-cb0	8	128	16	21520.3125	6983.5
exact-r1	guard-A	original-cb0	9	128	16	21111.2734375	6941.359375
exact-r1	guard-A	original-cb1	1	128	16	21063.75	6917.4453125
exact-r1	guard-A	original-cb1	2	128	16	21273.3125	6947.4140625
exact-r1	guard-A	original-cb1	3	128	16	21080.0703125	6964.703125
exact-r1	guard-A	original-cb1	4	128	16	21153.8203125	6893.3359375
exact-r1	guard-A	original-cb1	5	128	16	21293.5234375	6964.921875
exact-r1	guard-A	original-cb1	6	128	16	21430.953125	6949.4140625
exact-r1	guard-A	original-cb1	7	128	16	21289.1796875	6927.84375
exact-r1	guard-A	original-cb1	8	128	16	21268.09375	6949.6328125
exact-r1	guard-A	original-cb1	9	128	16	21429.3984375	6919.328125
exact-r1	guard-A	control-scx	1	128	16	21055.40625	6993.375
exact-r1	guard-A	control-scx	2	128	16	21034.65625	6933.6484375
exact-r1	guard-A	control-scx	3	128	16	21303.28125	6937.1484375
exact-r1	guard-A	control-scx	4	128	16	21355.65625	6910.078125
exact-r1	guard-A	control-scx	5	128	16	21274.0703125	6939.140625
exact-r1	guard-A	control-scx	6	128	16	21169.3671875	6973.2890625
exact-r1	guard-A	control-scx	7	128	16	21343.40625	6881.5078125
exact-r1	guard-A	control-scx	8	128	16	21421.203125	6946.3359375
exact-r1	guard-A	control-scx	9	128	16	21067.8203125	6900.671875
exact-r1	guard-A	control-disabled	1	128	16	21122.6796875	6963.078125
exact-r1	guard-A	control-disabled	2	128	16	21075.453125	6905.5546875
exact-r1	guard-A	control-disabled	3	128	16	21050.71875	6891.4296875
exact-r1	guard-A	control-disabled	4	128	16	20914.546875	6866.0703125
exact-r1	guard-A	control-disabled	5	128	16	21080.7109375	7048.8125
exact-r1	guard-A	control-disabled	6	128	16	21133.0546875	6912.4609375
exact-r1	guard-A	control-disabled	7	128	16	21278.609375	6870.0390625
exact-r1	guard-A	control-disabled	8	128	16	21112.4609375	6906.828125
exact-r1	guard-A	control-disabled	9	128	16	21273.921875	6869.53125
exact-r1	notify-A	original-cb0	1	128	16	22105.8984375	9624.890625
exact-r1	notify-A	original-cb0	2	128	16	21048.3515625	9562.6015625
exact-r1	notify-A	original-cb0	3	128	16	21220.2265625	9575.0546875
exact-r1	notify-A	original-cb0	4	128	16	21290.2734375	9676.2421875
exact-r1	notify-A	original-cb0	5	128	16	21064.78125	9550.6484375
exact-r1	notify-A	original-cb0	6	128	16	20960.140625	9666.203125
exact-r1	notify-A	original-cb0	7	128	16	21197.734375	9525.3515625
exact-r1	notify-A	original-cb0	8	128	16	21110.640625	9623.0859375
exact-r1	notify-A	original-cb0	9	128	16	21132.3515625	9562
exact-r1	notify-A	original-cb1	1	128	16	21133.84375	9549.4609375
exact-r1	notify-A	original-cb1	2	128	16	21179.4375	9626.8828125
exact-r1	notify-A	original-cb1	3	128	16	20972.234375	9744.078125
exact-r1	notify-A	original-cb1	4	128	16	21102.3984375	9578.859375
exact-r1	notify-A	original-cb1	5	128	16	21248.75	9585.6015625
exact-r1	notify-A	original-cb1	6	128	16	21234.578125	9520.1953125
exact-r1	notify-A	original-cb1	7	128	16	21193.6953125	9560.34375
exact-r1	notify-A	original-cb1	8	128	16	21063.140625	9601.828125
exact-r1	notify-A	original-cb1	9	128	16	21351.2421875	9666.5859375
exact-r1	notify-A	control-scx	1	128	16	21008.9609375	9748.8125
exact-r1	notify-A	control-scx	2	128	16	21107.8125	9606.90625
exact-r1	notify-A	control-scx	3	128	16	21080.1640625	9560.1171875
exact-r1	notify-A	control-scx	4	128	16	21317.140625	9569.421875
exact-r1	notify-A	control-scx	5	128	16	21036.6015625	9550.15625
exact-r1	notify-A	control-scx	6	128	16	21026.5234375	9556.0234375
exact-r1	notify-A	control-scx	7	128	16	21034.71875	9676.96875
exact-r1	notify-A	control-scx	8	128	16	21182.4765625	9579.6875
exact-r1	notify-A	control-scx	9	128	16	21009.0625	9546.84375
exact-r1	notify-A	control-disabled	1	128	16	20954.6875	9488.2890625
exact-r1	notify-A	control-disabled	2	128	16	21103.921875	9597.375
exact-r1	notify-A	control-disabled	3	128	16	21111.265625	9483.2109375
exact-r1	notify-A	control-disabled	4	128	16	21018.34375	9477.90625
exact-r1	notify-A	control-disabled	5	128	16	21081.234375	9655.15625
exact-r1	notify-A	control-disabled	6	128	16	20790.7734375	9597.3671875
exact-r1	notify-A	control-disabled	7	128	16	20895.078125	9538.9375
exact-r1	notify-A	control-disabled	8	128	16	21106.3125	9549.96875
exact-r1	notify-A	control-disabled	9	128	16	20794.8359375	9528.078125
exact-r1	notify-B	original-cb0	1	128	16	22019.734375	10099.46875
exact-r1	notify-B	original-cb0	2	128	16	21708.3671875	9720.734375
exact-r1	notify-B	original-cb0	3	128	16	21435.2734375	9597.4609375
exact-r1	notify-B	original-cb0	4	128	16	21626.875	9599.734375
exact-r1	notify-B	original-cb0	5	128	16	21244.3828125	9599.796875
exact-r1	notify-B	original-cb0	6	128	16	21789.3828125	9648.90625
exact-r1	notify-B	original-cb0	7	128	16	21695.1953125	9744.4609375
exact-r1	notify-B	original-cb0	8	128	16	21546.890625	9673.796875
exact-r1	notify-B	original-cb0	9	128	16	21311.703125	9559.078125
exact-r1	notify-B	original-cb1	1	128	16	21278.0625	9567.609375
exact-r1	notify-B	original-cb1	2	128	16	21488.484375	9690.1953125
exact-r1	notify-B	original-cb1	3	128	16	21338.7109375	9510.828125
exact-r1	notify-B	original-cb1	4	128	16	21317.671875	9588.2734375
exact-r1	notify-B	original-cb1	5	128	16	21468.3125	9547.4921875
exact-r1	notify-B	original-cb1	6	128	16	21447.6171875	9671.7109375
exact-r1	notify-B	original-cb1	7	128	16	21398.1953125	9515.703125
exact-r1	notify-B	original-cb1	8	128	16	21556.96875	9511.0390625
exact-r1	notify-B	original-cb1	9	128	16	21576.8125	9568.3203125
exact-r1	notify-B	control-scx	1	128	16	21337.8515625	9771.109375
exact-r1	notify-B	control-scx	2	128	16	21153.71875	9601.765625
exact-r1	notify-B	control-scx	3	128	16	21387.265625	9591.546875
exact-r1	notify-B	control-scx	4	128	16	21433.296875	9546.515625
exact-r1	notify-B	control-scx	5	128	16	21595.328125	9527.1484375
exact-r1	notify-B	control-scx	6	128	16	21555.90625	9488.53125
exact-r1	notify-B	control-scx	7	128	16	21382.3828125	9601.625
exact-r1	notify-B	control-scx	8	128	16	21569.5625	9616.953125
exact-r1	notify-B	control-scx	9	128	16	21459.78125	9564.8046875
exact-r1	notify-B	control-disabled	1	128	16	21135.1796875	9518.953125
exact-r1	notify-B	control-disabled	2	128	16	21099.8359375	9520.453125
exact-r1	notify-B	control-disabled	3	128	16	21219.8515625	9498.828125
exact-r1	notify-B	control-disabled	4	128	16	21121.203125	9602.0703125
exact-r1	notify-B	control-disabled	5	128	16	21403.625	9566.4140625
exact-r1	notify-B	control-disabled	6	128	16	21603.875	9482.7578125
exact-r1	notify-B	control-disabled	7	128	16	21632.1015625	9471.4609375
exact-r1	notify-B	control-disabled	8	128	16	21475.9140625	9513.6640625
exact-r1	notify-B	control-disabled	9	128	16	21285.4609375	9514.75
exact-r1	guard-B	original-cb0	1	128	16	21397.5859375	7487.125
exact-r1	guard-B	original-cb0	2	128	16	21696.671875	7028.0234375
exact-r1	guard-B	original-cb0	3	128	16	21968.71875	6970.6796875
exact-r1	guard-B	original-cb0	4	128	16	21794.4296875	7007.984375
exact-r1	guard-B	original-cb0	5	128	16	21553.3203125	7010.859375
exact-r1	guard-B	original-cb0	6	128	16	21802.671875	6963.2421875
exact-r1	guard-B	original-cb0	7	128	16	21925.2421875	6987.2265625
exact-r1	guard-B	original-cb0	8	128	16	21754.7265625	6914.4296875
exact-r1	guard-B	original-cb0	9	128	16	21207.2734375	6952.015625
exact-r1	guard-B	original-cb1	1	128	16	21315.765625	6967.203125
exact-r1	guard-B	original-cb1	2	128	16	21688.640625	6982.734375
exact-r1	guard-B	original-cb1	3	128	16	21558.7890625	6979.3515625
exact-r1	guard-B	original-cb1	4	128	16	21608.6328125	6934.2421875
exact-r1	guard-B	original-cb1	5	128	16	21563.546875	6939.1171875
exact-r1	guard-B	original-cb1	6	128	16	21665.28125	6989.3359375
exact-r1	guard-B	original-cb1	7	128	16	21663.3515625	7053.7109375
exact-r1	guard-B	original-cb1	8	128	16	21273.3359375	6952.109375
exact-r1	guard-B	original-cb1	9	128	16	21334.890625	6919.28125
exact-r1	guard-B	control-scx	1	128	16	21189.9140625	6982.5078125
exact-r1	guard-B	control-scx	2	128	16	21153.890625	7053.5546875
exact-r1	guard-B	control-scx	3	128	16	21387.4453125	6916.2578125
exact-r1	guard-B	control-scx	4	128	16	21751.0625	6915.6171875
exact-r1	guard-B	control-scx	5	128	16	21513.484375	6903.953125
exact-r1	guard-B	control-scx	6	128	16	21586.0390625	6936.578125
exact-r1	guard-B	control-scx	7	128	16	21191.9140625	7019.6328125
exact-r1	guard-B	control-scx	8	128	16	21495.5390625	6961.0078125
exact-r1	guard-B	control-scx	9	128	16	21131.0546875	6977.875
exact-r1	guard-B	control-disabled	1	128	16	21312.4921875	6969.4921875
exact-r1	guard-B	control-disabled	2	128	16	21336.5546875	6893.046875
exact-r1	guard-B	control-disabled	3	128	16	21436.1796875	6952.03125
exact-r1	guard-B	control-disabled	4	128	16	21451.9296875	6921.1484375
exact-r1	guard-B	control-disabled	5	128	16	21487.9375	6924.9609375
exact-r1	guard-B	control-disabled	6	128	16	21196.9921875	6900.2890625
exact-r1	guard-B	control-disabled	7	128	16	21247.40625	6914.0546875
exact-r1	guard-B	control-disabled	8	128	16	21459.53125	6938.5390625
exact-r1	guard-B	control-disabled	9	128	16	21127.015625	6925.1875
exact-r1	base-B	original-cb0	1	128	16	22468.2421875	6513.921875
exact-r1	base-B	original-cb0	2	128	16	21510.015625	6509.65625
exact-r1	base-B	original-cb0	3	128	16	21600.3515625	6515.25
exact-r1	base-B	original-cb0	4	128	16	21246.625	6518.6015625
exact-r1	base-B	original-cb0	5	128	16	21235.234375	6494.484375
exact-r1	base-B	original-cb0	6	128	16	21354.171875	6515.75
exact-r1	base-B	original-cb0	7	128	16	21516.7734375	6539.3671875
exact-r1	base-B	original-cb0	8	128	16	21452.5703125	6548.578125
exact-r1	base-B	original-cb0	9	128	16	21339.4765625	6552.75
exact-r1	base-B	original-cb1	1	128	16	21213.4921875	6494.8828125
exact-r1	base-B	original-cb1	2	128	16	21401.328125	6522.2421875
exact-r1	base-B	original-cb1	3	128	16	21363.34375	6546.9140625
exact-r1	base-B	original-cb1	4	128	16	21215.171875	6537.40625
exact-r1	base-B	original-cb1	5	128	16	21287.1484375	6544.2265625
exact-r1	base-B	original-cb1	6	128	16	21510.8359375	6537.34375
exact-r1	base-B	original-cb1	7	128	16	21277.5859375	6565.15625
exact-r1	base-B	original-cb1	8	128	16	21322.125	6486.6796875
exact-r1	base-B	original-cb1	9	128	16	21388.96875	6520.0078125
exact-r1	base-B	control-scx	1	128	16	21315.6171875	6491.8203125
exact-r1	base-B	control-scx	2	128	16	21337.9921875	6481.25
exact-r1	base-B	control-scx	3	128	16	21255.25	6512.203125
exact-r1	base-B	control-scx	4	128	16	21264.328125	6506.453125
exact-r1	base-B	control-scx	5	128	16	21142.140625	6477.3828125
exact-r1	base-B	control-scx	6	128	16	21177.8203125	6501.4609375
exact-r1	base-B	control-scx	7	128	16	21136.2734375	6555.265625
exact-r1	base-B	control-scx	8	128	16	22834.9765625	6524.578125
exact-r1	base-B	control-scx	9	128	16	21189.65625	6493.796875
exact-r1	base-B	control-disabled	1	128	16	20965.0078125	6477.3359375
exact-r1	base-B	control-disabled	2	128	16	21079.8671875	6547.9375
exact-r1	base-B	control-disabled	3	128	16	21305.2109375	6545.2265625
exact-r1	base-B	control-disabled	4	128	16	21166.9921875	6538.6640625
exact-r1	base-B	control-disabled	5	128	16	20882.515625	6506.515625
exact-r1	base-B	control-disabled	6	128	16	21316.4921875	6498.53125
exact-r1	base-B	control-disabled	7	128	16	21178.046875	6550.5625
exact-r1	base-B	control-disabled	8	128	16	21420.1640625	6499.8828125
exact-r1	base-B	control-disabled	9	128	16	21135.3125	6507.8125
exact-r2	base-A	original-cb0	1	128	16	21433.6328125	7023.109375
exact-r2	base-A	original-cb0	2	128	16	21213.546875	6550.0078125
exact-r2	base-A	original-cb0	3	128	16	21109.2265625	6543.796875
exact-r2	base-A	original-cb0	4	128	16	21277.5078125	6486.625
exact-r2	base-A	original-cb0	5	128	16	21137.8125	6523.890625
exact-r2	base-A	original-cb0	6	128	16	21181.4296875	6515.5390625
exact-r2	base-A	original-cb0	7	128	16	21208.9765625	6512.78125
exact-r2	base-A	original-cb0	8	128	16	21398.390625	6542.03125
exact-r2	base-A	original-cb0	9	128	16	21126.1484375	6533.3515625
exact-r2	base-A	original-cb1	1	128	16	21161.6953125	6507.109375
exact-r2	base-A	original-cb1	2	128	16	21105.0859375	6482.5859375
exact-r2	base-A	original-cb1	3	128	16	21210.078125	6504.1640625
exact-r2	base-A	original-cb1	4	128	16	21320.203125	6504.921875
exact-r2	base-A	original-cb1	5	128	16	21542.0625	6517.453125
exact-r2	base-A	original-cb1	6	128	16	21076.3828125	6537.3828125
exact-r2	base-A	original-cb1	7	128	16	21238	6486.6328125
exact-r2	base-A	original-cb1	8	128	16	21223.9140625	6523.8359375
exact-r2	base-A	original-cb1	9	128	16	21331.0234375	6501.7890625
exact-r2	base-A	control-scx	1	128	16	21234.4375	6498.015625
exact-r2	base-A	control-scx	2	128	16	21130.53125	6566.2265625
exact-r2	base-A	control-scx	3	128	16	21064.1953125	6481.171875
exact-r2	base-A	control-scx	4	128	16	21380.59375	6580.6796875
exact-r2	base-A	control-scx	5	128	16	21124.078125	6508.5
exact-r2	base-A	control-scx	6	128	16	21167.7890625	6495.1171875
exact-r2	base-A	control-scx	7	128	16	21238.6328125	6501.9609375
exact-r2	base-A	control-scx	8	128	16	21348.4453125	6492.3125
exact-r2	base-A	control-scx	9	128	16	21205.875	6520.8359375
exact-r2	base-A	control-disabled	1	128	16	21016.8359375	6514.6015625
exact-r2	base-A	control-disabled	2	128	16	21166.6328125	6494.0078125
exact-r2	base-A	control-disabled	3	128	16	20871.328125	6555.96875
exact-r2	base-A	control-disabled	4	128	16	21282.578125	6488.5546875
exact-r2	base-A	control-disabled	5	128	16	21172.9140625	6500.3046875
exact-r2	base-A	control-disabled	6	128	16	21079.171875	6517.9140625
exact-r2	base-A	control-disabled	7	128	16	21023.3671875	6523.1875
exact-r2	base-A	control-disabled	8	128	16	21128.34375	6475.4453125
exact-r2	base-A	control-disabled	9	128	16	21243.53125	6504.25
exact-r2	guard-A	original-cb0	1	128	16	22352.71875	6946.140625
exact-r2	guard-A	original-cb0	2	128	16	21390.5546875	6948.25
exact-r2	guard-A	original-cb0	3	128	16	21435.5546875	7034.1171875
exact-r2	guard-A	original-cb0	4	128	16	21684.546875	6922.140625
exact-r2	guard-A	original-cb0	5	128	16	21208.109375	6959.2265625
exact-r2	guard-A	original-cb0	6	128	16	21663.015625	6964.0234375
exact-r2	guard-A	original-cb0	7	128	16	21775.0234375	6942.40625
exact-r2	guard-A	original-cb0	8	128	16	21652.203125	7003.046875
exact-r2	guard-A	original-cb0	9	128	16	21275.28125	6969.90625
exact-r2	guard-A	original-cb1	1	128	16	20792.6953125	6948.90625
exact-r2	guard-A	original-cb1	2	128	16	21521.9921875	6997.953125
exact-r2	guard-A	original-cb1	3	128	16	21220.4453125	6978.578125
exact-r2	guard-A	original-cb1	4	128	16	21244.1640625	6921.734375
exact-r2	guard-A	original-cb1	5	128	16	21450.1953125	6935.3203125
exact-r2	guard-A	original-cb1	6	128	16	21542.0546875	6964.3203125
exact-r2	guard-A	original-cb1	7	128	16	21279.6953125	7037.90625
exact-r2	guard-A	original-cb1	8	128	16	21185.671875	6931.2890625
exact-r2	guard-A	original-cb1	9	128	16	21309.234375	7010.2890625
exact-r2	guard-A	control-scx	1	128	16	20845.296875	7016.6484375
exact-r2	guard-A	control-scx	2	128	16	21084.9609375	6953.5703125
exact-r2	guard-A	control-scx	3	128	16	20787.8359375	6960.4609375
exact-r2	guard-A	control-scx	4	128	16	21371.1015625	6952.5546875
exact-r2	guard-A	control-scx	5	128	16	21082.6796875	6954.125
exact-r2	guard-A	control-scx	6	128	16	20836.0546875	6968.4453125
exact-r2	guard-A	control-scx	7	128	16	21288.7109375	6908.9921875
exact-r2	guard-A	control-scx	8	128	16	21529.484375	6958.8203125
exact-r2	guard-A	control-scx	9	128	16	21237.53125	6928.984375
exact-r2	guard-A	control-disabled	1	128	16	20619.5625	6956.109375
exact-r2	guard-A	control-disabled	2	128	16	21162.734375	6976.6640625
exact-r2	guard-A	control-disabled	3	128	16	20549.8125	6914.7265625
exact-r2	guard-A	control-disabled	4	128	16	21117.046875	6986.59375
exact-r2	guard-A	control-disabled	5	128	16	21113.6953125	7108.9296875
exact-r2	guard-A	control-disabled	6	128	16	20777.0703125	7002.9609375
exact-r2	guard-A	control-disabled	7	128	16	21409.7265625	6947.546875
exact-r2	guard-A	control-disabled	8	128	16	21045.4609375	6903.34375
exact-r2	guard-A	control-disabled	9	128	16	21144.3125	6934.03125
exact-r2	notify-A	original-cb0	1	128	16	22440.75	9619.3828125
exact-r2	notify-A	original-cb0	2	128	16	21366.8671875	9643.7578125
exact-r2	notify-A	original-cb0	3	128	16	21301.984375	9632.171875
exact-r2	notify-A	original-cb0	4	128	16	21585.890625	9652.9453125
exact-r2	notify-A	original-cb0	5	128	16	21391.671875	9550.546875
exact-r2	notify-A	original-cb0	6	128	16	21500.8828125	9707.875
exact-r2	notify-A	original-cb0	7	128	16	21450.0546875	9625.8671875
exact-r2	notify-A	original-cb0	8	128	16	21305.9453125	9662.65625
exact-r2	notify-A	original-cb0	9	128	16	21191.75	9553.5
exact-r2	notify-A	original-cb1	1	128	16	21206.21875	9537.546875
exact-r2	notify-A	original-cb1	2	128	16	21490.96875	9700.2421875
exact-r2	notify-A	original-cb1	3	128	16	21157.109375	9686.0625
exact-r2	notify-A	original-cb1	4	128	16	21338.9375	9722.9375
exact-r2	notify-A	original-cb1	5	128	16	21443.8984375	9636.1640625
exact-r2	notify-A	original-cb1	6	128	16	21320.109375	9559.7890625
exact-r2	notify-A	original-cb1	7	128	16	21251.4296875	9593.9609375
exact-r2	notify-A	original-cb1	8	128	16	21075.7734375	9619.40625
exact-r2	notify-A	original-cb1	9	128	16	21447.4375	9594.5625
exact-r2	notify-A	control-scx	1	128	16	21166.8984375	9628.15625
exact-r2	notify-A	control-scx	2	128	16	21190.9921875	9686.46875
exact-r2	notify-A	control-scx	3	128	16	21128.0546875	9600.8984375
exact-r2	notify-A	control-scx	4	128	16	21441.40625	9622.421875
exact-r2	notify-A	control-scx	5	128	16	21115.7421875	9598.171875
exact-r2	notify-A	control-scx	6	128	16	21141.140625	9599.1875
exact-r2	notify-A	control-scx	7	128	16	21267.7421875	9547.46875
exact-r2	notify-A	control-scx	8	128	16	22520.515625	10425.21875
exact-r2	notify-A	control-scx	9	128	16	21233.96875	9555.515625
exact-r2	notify-A	control-disabled	1	128	16	21422.96875	9551.8046875
exact-r2	notify-A	control-disabled	2	128	16	21208.625	9566.796875
exact-r2	notify-A	control-disabled	3	128	16	21011.015625	9552.9609375
exact-r2	notify-A	control-disabled	4	128	16	21193.6953125	9635.75
exact-r2	notify-A	control-disabled	5	128	16	21161.2265625	9562.125
exact-r2	notify-A	control-disabled	6	128	16	21423.15625	9509.703125
exact-r2	notify-A	control-disabled	7	128	16	21162.6484375	9600.2109375
exact-r2	notify-A	control-disabled	8	128	16	21145.8125	9478.6328125
exact-r2	notify-A	control-disabled	9	128	16	21226.2109375	9537.6953125
exact-r2	notify-B	original-cb0	1	128	16	22235.46875	10143.8125
exact-r2	notify-B	original-cb0	2	128	16	21707.21875	9655.359375
exact-r2	notify-B	original-cb0	3	128	16	21497.5859375	9727.5625
exact-r2	notify-B	original-cb0	4	128	16	21540.9765625	9655.15625
exact-r2	notify-B	original-cb0	5	128	16	21421.9765625	9570.21875
exact-r2	notify-B	original-cb0	6	128	16	21195.8203125	9641.0625
exact-r2	notify-B	original-cb0	7	128	16	21812.59375	9682.6484375
exact-r2	notify-B	original-cb0	8	128	16	21576.75	9739.765625
exact-r2	notify-B	original-cb0	9	128	16	21301.484375	9586.9765625
exact-r2	notify-B	original-cb1	1	128	16	20964.1796875	9596.2421875
exact-r2	notify-B	original-cb1	2	128	16	21623.0859375	9614.171875
exact-r2	notify-B	original-cb1	3	128	16	21224.7890625	9572.515625
exact-r2	notify-B	original-cb1	4	128	16	21377.046875	9579.3828125
exact-r2	notify-B	original-cb1	5	128	16	21469.0625	9654.0625
exact-r2	notify-B	original-cb1	6	128	16	21179.109375	9696.2421875
exact-r2	notify-B	original-cb1	7	128	16	21352.4765625	9596.28125
exact-r2	notify-B	original-cb1	8	128	16	21447.5	9530.765625
exact-r2	notify-B	original-cb1	9	128	16	21675.5546875	9593.6875
exact-r2	notify-B	control-scx	1	128	16	21097.8125	9651.5703125
exact-r2	notify-B	control-scx	2	128	16	21191.25	9604.5703125
exact-r2	notify-B	control-scx	3	128	16	21328.8984375	9587.03125
exact-r2	notify-B	control-scx	4	128	16	21350.0625	9682.5078125
exact-r2	notify-B	control-scx	5	128	16	21376.1484375	9637.1640625
exact-r2	notify-B	control-scx	6	128	16	21030.3359375	9605.96875
exact-r2	notify-B	control-scx	7	128	16	21312.9765625	9653.4609375
exact-r2	notify-B	control-scx	8	128	16	21408.1796875	9726.8046875
exact-r2	notify-B	control-scx	9	128	16	21437.4296875	9545.125
exact-r2	notify-B	control-disabled	1	128	16	20886.796875	9525
exact-r2	notify-B	control-disabled	2	128	16	21132.109375	9510.65625
exact-r2	notify-B	control-disabled	3	128	16	21409.7265625	9577.734375
exact-r2	notify-B	control-disabled	4	128	16	21515.9453125	9526.515625
exact-r2	notify-B	control-disabled	5	128	16	21256.8828125	9546.78125
exact-r2	notify-B	control-disabled	6	128	16	21032.265625	9601.203125
exact-r2	notify-B	control-disabled	7	128	16	21219.4140625	9687.859375
exact-r2	notify-B	control-disabled	8	128	16	21261.46875	9604.3515625
exact-r2	notify-B	control-disabled	9	128	16	21405.796875	9558.328125
exact-r2	guard-B	original-cb0	1	128	16	21689.7578125	7521.8515625
exact-r2	guard-B	original-cb0	2	128	16	21295.34375	6907.2734375
exact-r2	guard-B	original-cb0	3	128	16	21594.375	6924.953125
exact-r2	guard-B	original-cb0	4	128	16	21659.7265625	6921.578125
exact-r2	guard-B	original-cb0	5	128	16	21473.453125	6900.8046875
exact-r2	guard-B	original-cb0	6	128	16	21580.765625	6943.9453125
exact-r2	guard-B	original-cb0	7	128	16	21749.1875	6943.2734375
exact-r2	guard-B	original-cb0	8	128	16	21662	7015.1328125
exact-r2	guard-B	original-cb0	9	128	16	21345.6484375	6912.125
exact-r2	guard-B	original-cb1	1	128	16	21251.96875	6908.8671875
exact-r2	guard-B	original-cb1	2	128	16	21305.25	6915.7109375
exact-r2	guard-B	original-cb1	3	128	16	21367.453125	6922.953125
exact-r2	guard-B	original-cb1	4	128	16	21606.265625	6904.421875
exact-r2	guard-B	original-cb1	5	128	16	21579.953125	7001.1484375
exact-r2	guard-B	original-cb1	6	128	16	21637.78125	6942.1015625
exact-r2	guard-B	original-cb1	7	128	16	22890.1484375	6897.0546875
exact-r2	guard-B	original-cb1	8	128	16	21414.828125	7025.265625
exact-r2	guard-B	original-cb1	9	128	16	21611.59375	6898.734375
exact-r2	guard-B	control-scx	1	128	16	21261.3515625	7008.15625
exact-r2	guard-B	control-scx	2	128	16	21244.859375	6985.6328125
exact-r2	guard-B	control-scx	3	128	16	21357.2890625	6905.6796875
exact-r2	guard-B	control-scx	4	128	16	21517.7421875	6930.3203125
exact-r2	guard-B	control-scx	5	128	16	21253.7578125	6891.4375
exact-r2	guard-B	control-scx	6	128	16	21442.5546875	6976.2421875
exact-r2	guard-B	control-scx	7	128	16	21500.625	6892.96875
exact-r2	guard-B	control-scx	8	128	16	21488.2265625	6884.4765625
exact-r2	guard-B	control-scx	9	128	16	21388.7734375	6988.984375
exact-r2	guard-B	control-disabled	1	128	16	21022.2421875	6887.4296875
exact-r2	guard-B	control-disabled	2	128	16	21113.7265625	7042.1171875
exact-r2	guard-B	control-disabled	3	128	16	21339.1953125	6897.03125
exact-r2	guard-B	control-disabled	4	128	16	21502.53125	6889.203125
exact-r2	guard-B	control-disabled	5	128	16	21184.296875	6922.25
exact-r2	guard-B	control-disabled	6	128	16	21285.8046875	6886.6171875
exact-r2	guard-B	control-disabled	7	128	16	21315.609375	6963.1875
exact-r2	guard-B	control-disabled	8	128	16	21198.7109375	6942.4296875
exact-r2	guard-B	control-disabled	9	128	16	21444.53125	6926.921875
exact-r2	base-B	original-cb0	1	128	16	22281.7265625	6548.71875
exact-r2	base-B	original-cb0	2	128	16	21215.109375	6540.3125
exact-r2	base-B	original-cb0	3	128	16	21319.890625	6524.2734375
exact-r2	base-B	original-cb0	4	128	16	21222.4140625	6512.234375
exact-r2	base-B	original-cb0	5	128	16	21010	6499.953125
exact-r2	base-B	original-cb0	6	128	16	21434.5078125	6593.578125
exact-r2	base-B	original-cb0	7	128	16	21170.0546875	6580.6328125
exact-r2	base-B	original-cb0	8	128	16	21651.28125	6560.6328125
exact-r2	base-B	original-cb0	9	128	16	21216.359375	6595.796875
exact-r2	base-B	original-cb1	1	128	16	21129.7890625	6487.7890625
exact-r2	base-B	original-cb1	2	128	16	21016.2578125	6542.5078125
exact-r2	base-B	original-cb1	3	128	16	21202.203125	6484.9453125
exact-r2	base-B	original-cb1	4	128	16	21032.4140625	6524.28125
exact-r2	base-B	original-cb1	5	128	16	21150.2734375	6531.765625
exact-r2	base-B	original-cb1	6	128	16	21316.328125	6565.2265625
exact-r2	base-B	original-cb1	7	128	16	20982.640625	6555.1953125
exact-r2	base-B	original-cb1	8	128	16	21124.6640625	6546.71875
exact-r2	base-B	original-cb1	9	128	16	21264.5234375	6581.046875
exact-r2	base-B	control-scx	1	128	16	21098.1015625	6521.125
exact-r2	base-B	control-scx	2	128	16	20956.6171875	6511.34375
exact-r2	base-B	control-scx	3	128	16	20976.921875	6530.890625
exact-r2	base-B	control-scx	4	128	16	21098.9296875	6537.0234375
exact-r2	base-B	control-scx	5	128	16	21040.21875	6542.34375
exact-r2	base-B	control-scx	6	128	16	21185.5234375	6547.046875
exact-r2	base-B	control-scx	7	128	16	20965.734375	6556.2734375
exact-r2	base-B	control-scx	8	128	16	21328.34375	6569.625
exact-r2	base-B	control-scx	9	128	16	21094.65625	6525.765625
exact-r2	base-B	control-disabled	1	128	16	20888.65625	6485.7109375
exact-r2	base-B	control-disabled	2	128	16	21120.171875	6555.28125
exact-r2	base-B	control-disabled	3	128	16	21098.28125	6527.515625
exact-r2	base-B	control-disabled	4	128	16	21127.0859375	6549.703125
exact-r2	base-B	control-disabled	5	128	16	20902.6171875	6487.515625
exact-r2	base-B	control-disabled	6	128	16	20800.6171875	6563.1171875
exact-r2	base-B	control-disabled	7	128	16	21034.4453125	6621.921875
exact-r2	base-B	control-disabled	8	128	16	20810.734375	6482.1796875
exact-r2	base-B	control-disabled	9	128	16	21100.921875	6488.890625
root-reuse-r1	notify-A	original-cb0	1	128	16	22171.9609375	9546.625
root-reuse-r1	notify-A	original-cb0	2	128	16	21219.484375	9645.4609375
root-reuse-r1	notify-A	original-cb0	3	128	16	21139.3671875	9824.6875
root-reuse-r1	notify-A	original-cb0	4	128	16	21071.8671875	9621.5703125
root-reuse-r1	notify-A	original-cb0	5	128	16	21061.1796875	9518.921875
root-reuse-r1	notify-A	original-cb0	6	128	16	21034.796875	9705.046875
root-reuse-r1	notify-A	original-cb0	7	128	16	21169.6015625	9648.984375
root-reuse-r1	notify-A	original-cb0	8	128	16	21209.7109375	9585.3671875
root-reuse-r1	notify-A	original-cb0	9	128	16	21123.1484375	9543.2890625
root-reuse-r1	notify-A	original-cb1	1	128	16	21055.25	9552.90625
root-reuse-r1	notify-A	original-cb1	2	128	16	21113.0625	9675.75
root-reuse-r1	notify-A	original-cb1	3	128	16	21464.6484375	9604.609375
root-reuse-r1	notify-A	original-cb1	4	128	16	20858.140625	9527.2734375
root-reuse-r1	notify-A	original-cb1	5	128	16	21139.8671875	9775.578125
root-reuse-r1	notify-A	original-cb1	6	128	16	20967.078125	9593.78125
root-reuse-r1	notify-A	original-cb1	7	128	16	21145.7734375	9505.1953125
root-reuse-r1	notify-A	original-cb1	8	128	16	20941.5703125	9588.640625
root-reuse-r1	notify-A	original-cb1	9	128	16	21211.6796875	9649.9375
root-reuse-r1	notify-A	control-scx	1	128	16	21339.046875	9592.1328125
root-reuse-r1	notify-A	control-scx	2	128	16	20823.890625	9658.6875
root-reuse-r1	notify-A	control-scx	3	128	16	21020.9140625	9543.1015625
root-reuse-r1	notify-A	control-scx	4	128	16	21209.34375	9648.34375
root-reuse-r1	notify-A	control-scx	5	128	16	21061.671875	9570.7109375
root-reuse-r1	notify-A	control-scx	6	128	16	21069.3515625	9525.8046875
root-reuse-r1	notify-A	control-scx	7	128	16	21009.234375	9542.640625
root-reuse-r1	notify-A	control-scx	8	128	16	21178.5	9714.3203125
root-reuse-r1	notify-A	control-scx	9	128	16	21064.28125	9625.1328125
root-reuse-r1	notify-A	control-disabled	1	128	16	21096.734375	9513.90625
root-reuse-r1	notify-A	control-disabled	2	128	16	20917.9609375	9578.0234375
root-reuse-r1	notify-A	control-disabled	3	128	16	21010.921875	9543.9296875
root-reuse-r1	notify-A	control-disabled	4	128	16	21210.9375	9519.4140625
root-reuse-r1	notify-A	control-disabled	5	128	16	20947.6640625	9614.3046875
root-reuse-r1	notify-A	control-disabled	6	128	16	20880.421875	9552.765625
root-reuse-r1	notify-A	control-disabled	7	128	16	21052.5859375	9508.3671875
root-reuse-r1	notify-A	control-disabled	8	128	16	20856.03125	9511.5703125
root-reuse-r1	notify-A	control-disabled	9	128	16	20907.796875	9537.3984375
root-reuse-r1	prototype-A	original-cb0	1	128	16	22849.1953125	9180.71875
root-reuse-r1	prototype-A	original-cb0	2	128	16	21533.390625	9208.5703125
root-reuse-r1	prototype-A	original-cb0	3	128	16	21405.1484375	9253.171875
root-reuse-r1	prototype-A	original-cb0	4	128	16	21433.8046875	9228.5546875
root-reuse-r1	prototype-A	original-cb0	5	128	16	21190.125	9151.171875
root-reuse-r1	prototype-A	original-cb0	6	128	16	21272.4375	9198.8828125
root-reuse-r1	prototype-A	original-cb0	7	128	16	21353.484375	9325.6328125
root-reuse-r1	prototype-A	original-cb0	8	128	16	21550.28125	9203.9765625
root-reuse-r1	prototype-A	original-cb0	9	128	16	22658.7578125	9997.328125
root-reuse-r1	prototype-A	original-cb1	1	128	16	21330.7421875	9192.5234375
root-reuse-r1	prototype-A	original-cb1	2	128	16	21376.4453125	9196.6484375
root-reuse-r1	prototype-A	original-cb1	3	128	16	21228.875	9188.984375
root-reuse-r1	prototype-A	original-cb1	4	128	16	21263.7890625	9154.4375
root-reuse-r1	prototype-A	original-cb1	5	128	16	21341.8671875	9140.171875
root-reuse-r1	prototype-A	original-cb1	6	128	16	21426.171875	9239.09375
root-reuse-r1	prototype-A	original-cb1	7	128	16	21454.6171875	9184.84375
root-reuse-r1	prototype-A	original-cb1	8	128	16	21386.046875	9196.4765625
root-reuse-r1	prototype-A	original-cb1	9	128	16	21357.40625	9189.7734375
root-reuse-r1	prototype-A	control-scx	1	128	16	21394.0546875	9221.5625
root-reuse-r1	prototype-A	control-scx	2	128	16	21357.59375	9196.2421875
root-reuse-r1	prototype-A	control-scx	3	128	16	21263.2265625	9245.1171875
root-reuse-r1	prototype-A	control-scx	4	128	16	21521.671875	9146.515625
root-reuse-r1	prototype-A	control-scx	5	128	16	21275.859375	9494.984375
root-reuse-r1	prototype-A	control-scx	6	128	16	21610.9609375	9239.890625
root-reuse-r1	prototype-A	control-scx	7	128	16	21192.875	9145.703125
root-reuse-r1	prototype-A	control-scx	8	128	16	21255.2890625	9203.5
root-reuse-r1	prototype-A	control-scx	9	128	16	21243.2734375	9170.765625
root-reuse-r1	prototype-A	control-disabled	1	128	16	21235.2421875	9098.75
root-reuse-r1	prototype-A	control-disabled	2	128	16	21127.1328125	9069.78125
root-reuse-r1	prototype-A	control-disabled	3	128	16	21294.359375	9178.8203125
root-reuse-r1	prototype-A	control-disabled	4	128	16	20986.671875	9283.3125
root-reuse-r1	prototype-A	control-disabled	5	128	16	20940.6796875	9203.6875
root-reuse-r1	prototype-A	control-disabled	6	128	16	21010.8203125	9162.2421875
root-reuse-r1	prototype-A	control-disabled	7	128	16	21036.09375	9175.375
root-reuse-r1	prototype-A	control-disabled	8	128	16	21072.7421875	9096.921875
root-reuse-r1	prototype-A	control-disabled	9	128	16	21171.75	9097.4453125
root-reuse-r1	prototype-B	original-cb0	1	128	16	22546.6328125	9157.5234375
root-reuse-r1	prototype-B	original-cb0	2	128	16	22340.25	9214.671875
root-reuse-r1	prototype-B	original-cb0	3	128	16	22023.625	9229.890625
root-reuse-r1	prototype-B	original-cb0	4	128	16	22160.625	9155.5
root-reuse-r1	prototype-B	original-cb0	5	128	16	21435.2890625	9137.234375
root-reuse-r1	prototype-B	original-cb0	6	128	16	21736.1015625	9179.265625
root-reuse-r1	prototype-B	original-cb0	7	128	16	21723.859375	9214.4453125
root-reuse-r1	prototype-B	original-cb0	8	128	16	21805.1640625	9158.5703125
root-reuse-r1	prototype-B	original-cb0	9	128	16	21559.5703125	9165.984375
root-reuse-r1	prototype-B	original-cb1	1	128	16	21476.09375	9153.421875
root-reuse-r1	prototype-B	original-cb1	2	128	16	22057.7734375	9235.90625
root-reuse-r1	prototype-B	original-cb1	3	128	16	21490.375	9182.5
root-reuse-r1	prototype-B	original-cb1	4	128	16	21513.84375	9139.1484375
root-reuse-r1	prototype-B	original-cb1	5	128	16	21595.2265625	9112.8203125
root-reuse-r1	prototype-B	original-cb1	6	128	16	21648.5	9133.765625
root-reuse-r1	prototype-B	original-cb1	7	128	16	21508.2421875	9156.140625
root-reuse-r1	prototype-B	original-cb1	8	128	16	21614.359375	9135.96875
root-reuse-r1	prototype-B	original-cb1	9	128	16	21593.703125	9166.7265625
root-reuse-r1	prototype-B	control-scx	1	128	16	21641.3046875	9097.359375
root-reuse-r1	prototype-B	control-scx	2	128	16	21716.078125	9163.125
root-reuse-r1	prototype-B	control-scx	3	128	16	21968.34375	9149.34375
root-reuse-r1	prototype-B	control-scx	4	128	16	21661.5625	9111.6875
root-reuse-r1	prototype-B	control-scx	5	128	16	21433.703125	9195.625
root-reuse-r1	prototype-B	control-scx	6	128	16	21560.2421875	9105.6875
root-reuse-r1	prototype-B	control-scx	7	128	16	21531.359375	9124.859375
root-reuse-r1	prototype-B	control-scx	8	128	16	21477.09375	9280.8671875
root-reuse-r1	prototype-B	control-scx	9	128	16	21532.25	9085.6875
root-reuse-r1	prototype-B	control-disabled	1	128	16	21325.4375	9116.1015625
root-reuse-r1	prototype-B	control-disabled	2	128	16	22100.359375	9138.5390625
root-reuse-r1	prototype-B	control-disabled	3	128	16	22065.828125	9102.71875
root-reuse-r1	prototype-B	control-disabled	4	128	16	21318.03125	9129.8671875
root-reuse-r1	prototype-B	control-disabled	5	128	16	21239.8125	9136.6640625
root-reuse-r1	prototype-B	control-disabled	6	128	16	21336.7734375	9141.734375
root-reuse-r1	prototype-B	control-disabled	7	128	16	21441.1171875	9077.1640625
root-reuse-r1	prototype-B	control-disabled	8	128	16	21456.921875	9052.46875
root-reuse-r1	prototype-B	control-disabled	9	128	16	21360.484375	9121.8984375
root-reuse-r1	notify-B	original-cb0	1	128	16	21796.9609375	9645.671875
root-reuse-r1	notify-B	original-cb0	2	128	16	21330.171875	9793.484375
root-reuse-r1	notify-B	original-cb0	3	128	16	21567.4609375	9685.6640625
root-reuse-r1	notify-B	original-cb0	4	128	16	21143.0390625	9631.6484375
root-reuse-r1	notify-B	original-cb0	5	128	16	21073.09375	9644.5546875
root-reuse-r1	notify-B	original-cb0	6	128	16	21196.8671875	9613.7734375
root-reuse-r1	notify-B	original-cb0	7	128	16	21263.3515625	9680.4609375
root-reuse-r1	notify-B	original-cb0	8	128	16	21450.1953125	9709.2265625
root-reuse-r1	notify-B	original-cb0	9	128	16	21201.6484375	9606.2578125
root-reuse-r1	notify-B	original-cb1	1	128	16	21153.515625	9564.84375
root-reuse-r1	notify-B	original-cb1	2	128	16	21343.5078125	9731.3046875
root-reuse-r1	notify-B	original-cb1	3	128	16	21231.7734375	9604.9375
root-reuse-r1	notify-B	original-cb1	4	128	16	21057.7578125	9628.4375
root-reuse-r1	notify-B	original-cb1	5	128	16	21324.5546875	9570.84375
root-reuse-r1	notify-B	original-cb1	6	128	16	21429.3125	9563.6953125
root-reuse-r1	notify-B	original-cb1	7	128	16	21182.4765625	9593.6953125
root-reuse-r1	notify-B	original-cb1	8	128	16	21219.6640625	9943.5625
root-reuse-r1	notify-B	original-cb1	9	128	16	21265.203125	9674.3359375
root-reuse-r1	notify-B	control-scx	1	128	16	21070.1484375	9610.0234375
root-reuse-r1	notify-B	control-scx	2	128	16	20876.2109375	9615.1640625
root-reuse-r1	notify-B	control-scx	3	128	16	21164.8359375	9620.8984375
root-reuse-r1	notify-B	control-scx	4	128	16	21188.1875	9638.703125
root-reuse-r1	notify-B	control-scx	5	128	16	21175.4921875	9575.03125
root-reuse-r1	notify-B	control-scx	6	128	16	21118.6328125	9612.8828125
root-reuse-r1	notify-B	control-scx	7	128	16	21013.4921875	9640.4921875
root-reuse-r1	notify-B	control-scx	8	128	16	21557.7109375	9577.3671875
root-reuse-r1	notify-B	control-scx	9	128	16	21430.7578125	9572.828125
root-reuse-r1	notify-B	control-disabled	1	128	16	21256.5	9548.421875
root-reuse-r1	notify-B	control-disabled	2	128	16	21125.65625	9539.5078125
root-reuse-r1	notify-B	control-disabled	3	128	16	21182.7578125	9531.484375
root-reuse-r1	notify-B	control-disabled	4	128	16	21045.2890625	9560.7890625
root-reuse-r1	notify-B	control-disabled	5	128	16	21055.40625	9794.4140625
root-reuse-r1	notify-B	control-disabled	6	128	16	21129.9296875	9623.6953125
root-reuse-r1	notify-B	control-disabled	7	128	16	20964.2734375	9612.625
root-reuse-r1	notify-B	control-disabled	8	128	16	21169.734375	9618.1953125
root-reuse-r1	notify-B	control-disabled	9	128	16	21128.7109375	9578.59375
mainline-r1	old-A	control-disabled	1	128	16	22410.6171875	9853.4296875
mainline-r1	old-A	control-disabled	2	128	16	19951.96875	9860.75
mainline-r1	old-A	control-disabled	3	128	16	17931.09375	9898.453125
mainline-r1	old-A	control-disabled	4	128	16	18607.8203125	9935.71875
mainline-r1	old-A	control-disabled	5	128	16	18144.90625	9920.1875
mainline-r1	old-A	control-disabled	6	128	16	18608.296875	9900.6171875
mainline-r1	old-A	control-disabled	7	128	16	18667.3515625	9919.0078125
mainline-r1	old-A	control-disabled	8	128	16	17873.953125	10122.7265625
mainline-r1	old-A	control-disabled	9	128	16	18832.0625	9932.1796875
mainline-r1	latest	control-disabled	1	128	16	22921.234375	9779.46875
mainline-r1	latest	control-disabled	2	128	16	20456.90625	9715.953125
mainline-r1	latest	control-disabled	3	128	16	18261.8671875	9684.0546875
mainline-r1	latest	control-disabled	4	128	16	18271.9765625	9678.9765625
mainline-r1	latest	control-disabled	5	128	16	18360.546875	9817.3828125
mainline-r1	latest	control-disabled	6	128	16	18788.046875	9721.1015625
mainline-r1	latest	control-disabled	7	128	16	19170.8203125	9852.7890625
mainline-r1	latest	control-disabled	8	128	16	18920.53125	9718.765625
mainline-r1	latest	control-disabled	9	128	16	18322.6953125	9693.1328125
mainline-r1	old-B	control-disabled	1	128	16	22728.96875	9911.671875
mainline-r1	old-B	control-disabled	2	128	16	21111.5625	9896.359375
mainline-r1	old-B	control-disabled	3	128	16	18510.03125	9986.7734375
mainline-r1	old-B	control-disabled	4	128	16	18594.78125	9953.203125
mainline-r1	old-B	control-disabled	5	128	16	18530.09375	9901.3203125
mainline-r1	old-B	control-disabled	6	128	16	18766.90625	10051.8125
mainline-r1	old-B	control-disabled	7	128	16	18868.703125	9923.140625
mainline-r1	old-B	control-disabled	8	128	16	18775.5078125	10009.109375
mainline-r1	old-B	control-disabled	9	128	16	18752.90625	9971.5078125
