round	protect_ns_per_page	restore_ns_per_page	touch_ns_per_page	iteration_ns_per_page	expected_match_ratio	unexpected_results	collapsed_large_kb	split_compound_head	split_compound_tail	split_thp	after_thp
1	12	11	14	39	100	0	2048	1	511	512	512
2	12	11	14	39	100	0	2048	1	511	512	512
3	12	11	11	35	100	0	2048	1	511	512	512
4	12	11	11	35	100	0	2048	1	511	512	512
5	12	11	11	36	100	0	2048	1	511	512	512
6	12	11	12	36	100	0	2048	1	511	512	512
7	12	11	12	36	100	0	2048	1	511	512	512
8	12	11	11	36	100	0	2048	1	511	512	512
9	12	11	11	36	100	0	2048	1	511	512	512
10	12	11	11	35	100	0	2048	1	511	512	512
11	12	11	11	35	100	0	2048	1	511	512	512
12	12	11	11	36	100	0	2048	1	511	512	512
13	12	11	11	35	100	0	2048	1	511	512	512
14	12	11	11	35	100	0	2048	1	511	512	512
15	12	11	11	36	100	0	2048	1	511	512	512
