case	point	sample	warmups	pace_ms	operations	between_stage_ns	cycle_ns	first4_cycle_ns	first4_mkdir_ns	first4_rmdir_ns	first4_stat_ns	first_cycle_ns	first_mkdir_ns	first_rmdir_ns	first_stat_ns	mkdir_ns	rmdir_ns	stat_ns	tail_cycle_ns	tail_mkdir_ns	tail_rmdir_ns	tail_stat_ns	workload_wall_per_cycle_ns
w0-p0	A1	1	0	0	32	34.875	35448.34375	35815.25	21949	12100	1726.75	45291	26830	16603	1801	23285.4375	10200.15625	1927.875	35395.92857142857	23476.35714285714	9928.75	1956.607142857143	40039.90625
w0-p0	A1	2	0	0	32	35.3125	30463.53125	33597.5	19764.5	11942.75	1845.75	38658	20774	15896	1914	18455.6875	10206.59375	1765.9375	30015.821428571428	18268.714285714286	9958.57142857143	1754.5357142857142	35012.59375
w0-p0	A1	3	0	0	32	37.25	30722.0625	33801	20034.75	11932	1792.75	39471	21476	16081	1859	18711.53125	10051.40625	1921.875	30282.214285714286	18522.5	9782.75	1940.3214285714287	35143.875
w0-p0	A1	4	0	0	32	34.5	30533.96875	33893.75	20045.5	11853.75	1954.75	39881	21949	15818	2068	18697.1875	9987.21875	1815.0625	30054	18504.571428571428	9720.57142857143	1795.107142857143	34862.03125
w0-p0	A1	5	0	0	32	34.84375	31268.59375	36602.5	22515	12102.75	1945.5	41004	22284	16567	2103	19394.34375	10006.5	1832.90625	30506.60714285714	18948.535714285714	9707.035714285714	1816.8214285714287	35607.65625
w0-p0	A1	6	0	0	32	34.5	30345.21875	34069	20189.25	11987.75	1851.25	41189	22585	16707	1847	18405.9375	10124.875	1779.90625	29813.25	18151.178571428572	9858.75	1769.7142857142858	34860.96875
w0-p0	A1	7	0	0	32	36.71875	31368.71875	36149.25	20692.25	13512.25	1904.5	45830	20908	22930	1934	19285.15625	10197.53125	1849.3125	30685.785714285714	19084.14285714286	9724	1841.4285714285713	35747.28125
w0-p0	A1	8	0	0	32	34.25	31165.03125	34165.5	20211.25	11942.25	1971	39901	21273	16227	2352	19121	10156.90625	1852.875	30736.39285714286	18965.25	9901.857142857143	1836	35520.0625
w0-p0	A1	9	0	0	32	35.5	30732.6875	34141.5	20214.25	12059.5	1828	41247	23078	16209	1903	18834.59375	10069.90625	1792.6875	30245.714285714286	18637.5	9785.67857142857	1787.642857142857	35110.3125
w0-p0	B1	1	0	0	32	34.3125	30131.9375	31393.5	19714.25	9802.5	1840.25	39480	23358	14231	1843	20414.65625	7851.96875	1831	29951.714285714286	20514.714285714286	7573.321428571428	1829.6785714285713	34720.9375
w0-p0	B1	2	0	0	32	34.71875	28109.21875	32295.75	20861.25	9591.5	1805	43752	28013	13781	1910	18504.90625	7812.9375	1756.65625	27511.14285714286	18168.285714285714	7558.857142857143	1749.75	32408.65625
w0-p0	B1	3	0	0	32	35.78125	28208.3125	31368	19957.5	9571.25	1798.5	36389	20521	13942	1865	18584.53125	7825.625	1762.375	27756.928571428572	18388.39285714286	7576.25	1757.2142857142858	32534.625
w0-p0	B1	4	0	0	32	34.34375	27958.6875	30119.75	18593.25	9770	1717	33793	18038	13932	1769	18285.0625	7863.59375	1775.6875	27649.964285714286	18241.035714285714	7591.25	1784.0714285714287	32290.0
w0-p0	B1	5	0	0	32	33.96875	28540.59375	30613.25	19143.75	9550.25	1881	35366	19469	13808	2041	18591.875	8063.71875	1851.03125	28244.5	18513.035714285714	7851.357142857143	1846.75	32924.6875
w0-p0	B1	6	0	0	32	34.25	27752.53125	31296.75	19742	9698	1815.25	34200	18266	13961	1911	18060.96875	7865	1792.3125	27246.214285714286	17820.821428571428	7603.142857142857	1789.0357142857142	32170.625
w0-p0	B1	7	0	0	32	34.625	28401.78125	30265	18761.5	9552.25	1910	34816	19181	13785	1789	18692.03125	7798.6875	1876.4375	28135.60714285714	18682.10714285714	7548.178571428572	1871.642857142857	33009.28125
w0-p0	B1	8	0	0	32	34	28531.3125	32660.25	21143.75	9555.25	1924	39994	24371	13723	1856	18790.875	7868.40625	1838.03125	27941.464285714286	18454.75	7627.428571428572	1825.75	32949.5
w0-p0	B1	9	0	0	32	38	28059.8125	33373.25	21024.25	9780.75	2528.25	37822	22081	13685	2009	18239.125	7840.40625	1942.28125	27300.75	17841.25	7563.214285714285	1858.5714285714287	32470.8125
w0-p0	B2	1	0	0	32	34.34375	30248.96875	32860.25	21382.75	9496.5	1938.25	39433	23791	13771	1814	20458.5625	7922.1875	1833.875	29875.928571428572	20326.535714285714	7697.285714285715	1818.9642857142858	34687.1875
w0-p0	B2	2	0	0	32	36.09375	27978.125	30244.75	18707.25	9611	1886.25	36342	20614	13836	1836	18291.0625	7806.78125	1844.1875	27654.321428571428	18231.60714285714	7549.035714285715	1838.1785714285713	32513.1875
w0-p0	B2	3	0	0	32	34.375	28515.34375	31387.5	19829	9599	1918.5	37009	21724	13360	1867	18790.21875	7826.25	1864.5	28105.035714285714	18641.821428571428	7573	1856.7857142857142	33269.125
w0-p0	B2	4	0	0	32	38.0625	28301.875	30891.5	19183.25	9695	1972.75	37579	21276	14191	2055	18479.15625	7819.5	1965.15625	27931.928571428572	18378.571428571428	7551.571428571428	1964.0714285714287	32719.90625
w0-p0	B2	5	0	0	32	35.8125	28582.375	31672	20053	9589	1992	38014	22238	13743	1987	18939.375	7783.1875	1824	28141	18780.285714285714	7525.214285714285	1800	32996.6875
w0-p0	B2	6	0	0	32	34.15625	28212.75	30734	19263.75	9538.5	1890.5	37280	21518	13845	1856	18322.28125	7934.3125	1922	27852.571428571428	18187.785714285714	7705.142857142857	1926.5	32569.71875
w0-p0	B2	7	0	0	32	35.03125	28018.71875	30858	19375	9598.25	1843.5	36742	21060	13717	1903	18378.375	7798	1807.3125	27613.10714285714	18236	7540.821428571428	1802.142857142857	32414.96875
w0-p0	B2	8	0	0	32	33.8125	28588.5625	32939.5	21364.75	9570	1965.5	43680	27450	14054	2125	18932.46875	7792.21875	1830.0625	27967	18585	7538.25	1810.7142857142858	33059.625
w0-p0	B2	9	0	0	32	33.75	28058.59375	30452.25	18975.5	9588.25	1848	36518	20964	13754	1743	18282.9375	7841.625	1900.28125	27716.64285714286	18184	7592.107142857143	1907.75	32461.34375
w0-p0	A2	1	0	0	32	36.71875	31900.9375	34898.25	21163.25	11886.5	1810.25	36871	18766	16225	1831	19914.75	10075.34375	1874.125	31472.75	19736.39285714286	9816.607142857143	1883.25	36269.71875
w0-p0	A2	2	0	0	32	36.59375	30378.90625	34459.75	20565	11969.5	1883.5	39591	21183	16430	1921	18523.375	10012.28125	1806.65625	29795.928571428572	18231.714285714286	9732.67857142857	1795.6785714285713	34723.5625
w0-p0	A2	3	0	0	32	34.5	30787.1875	37140.5	20932.25	12290	3876.25	40135	21606	16608	1864	18497.90625	10090.75	2164.03125	29879.571428571428	18150.14285714286	9776.57142857143	1919.4285714285713	35101.03125
w0-p0	A2	4	0	0	32	33.875	30272.625	34610.75	20703.75	11981.75	1886.25	39735	21633	16194	1862	18202.875	10242.5	1793.375	29652.89285714286	17845.60714285714	9994.035714285714	1780.107142857143	34573.65625
w0-p0	A2	5	0	0	32	33.84375	29778.96875	33846.5	20150.25	11877.25	1780.75	39251	21071	16338	1795	17952.65625	9987.96875	1804.5	29197.89285714286	17638.714285714286	9718.07142857143	1807.892857142857	34112.5
w0-p0	A2	6	0	0	32	34.25	30667.625	35009.25	21184.25	11912.5	1875.25	40093	21600	16639	1802	18655.59375	10037.1875	1940.59375	30047.39285714286	18294.35714285714	9769.285714285714	1949.9285714285713	35023.03125
w0-p0	A2	7	0	0	32	37.78125	30595.0625	34745	21007.25	11828	1867.75	40218	21915	16361	1886	18654.8125	9985.59375	1916.875	30002.214285714286	18318.75	9722.392857142857	1923.892857142857	35001.1875
w0-p0	A2	8	0	0	32	34	30887.0625	34490.25	20829.75	11814.75	1808.5	38911	20758	16355	1747	19042.4375	10017.625	1793	30372.321428571428	18787.10714285714	9760.892857142857	1790.7857142857142	35232.40625
w0-p0	A2	9	0	0	32	33.96875	30628.15625	34793.5	21077.75	11721	1956.25	39569	21267	16267	1985	18716.625	10004.4375	1873.125	30033.10714285714	18379.321428571428	9759.214285714286	1861.25	34999.4375
w0-p50	A1	1	0	50	32	50.40625	81579.34375	75532.25	51108.75	17468	6905.5	56056	35904	15836	4269	55386.40625	18352.40625	7790.125	82443.21428571429	55997.5	18478.75	7916.5	50360676.375
w0-p50	A1	2	0	50	32	48.75	82709.6875	78028.5	53409.75	17515	7055.75	56174	36116	15731	4281	56451.53125	18228.9375	7980.46875	83378.42857142857	56886.07142857143	18330.928571428572	8112.571428571428	50364872.40625
w0-p50	A1	3	0	50	32	47.90625	81035.6875	77370	52249.75	17936.5	7137.5	68517	46638	16693	5140	54472.5625	18647.34375	7867.875	81559.35714285714	54790.107142857145	18748.89285714286	7972.214285714285	50362641.4375
w0-p50	A1	4	0	50	32	49.3125	82589.15625	74635.5	52032.75	17399	5151.5	66350	42240	19207	4842	56289.78125	18179.1875	8070.875	83725.39285714286	56897.92857142857	18290.64285714286	8487.92857142857	50351676.6875
w0-p50	A1	5	0	50	32	56.4375	82453.84375	75694	51123	17631	6890	55929	35406	16520	3951	55869.65625	18388.46875	8139.28125	83419.53571428571	56547.75	18496.678571428572	8317.75	50357346.4375
w0-p50	A1	6	0	50	32	49.625	81156.90625	78405	53756.75	17679.25	6918.25	58410	37815	16480	4065	55427.71875	17936.125	7743.4375	81550.03571428571	55666.42857142857	17972.821428571428	7861.321428571428	50359962.25
w0-p50	A1	7	0	50	32	48.6875	80894	75138.5	50740.5	17406.25	6941.5	57555	37317	16129	4056	54698.40625	18073.84375	8073.0625	81716.21428571429	55263.82142857143	18169.214285714286	8234.714285714286	50359904.4375
w0-p50	A1	8	0	50	32	65.78125	80895.71875	79380	57849.75	16412	5032.5	75553	57488	15985	2008	55690.75	17762.53125	7376.65625	81112.25	55382.32142857143	17955.464285714286	7711.535714285715	50352701.3125
w0-p50	A1	9	0	50	32	62.75	80734.75	82264	54426.5	21242.5	6529	71228	49876	18475	2801	54419.28125	18382.65625	7870.0625	80516.28571428571	54418.25	17974.10714285714	8061.642857142857	50338362.9375
w0-p50	B1	1	0	50	32	58.28125	78161.28125	72136	49927.5	15345.25	6804	79586	57528	15692	6308	54674.03125	15698.96875	7730	79022.03571428571	55352.107142857145	15749.5	7862.285714285715	50349858.59375
w0-p50	B1	2	0	50	32	53.875	79378.0625	73686.5	51232.25	15048.25	7354.5	53679	35796	13671	4159	55044.15625	15779.90625	8500.125	80191.14285714286	55588.71428571428	15884.42857142857	8663.785714285714	50355786.5625
w0-p50	B1	3	0	50	32	52.3125	78281	73028	50913.75	15106.5	6952.25	55503	37358	14103	3994	54141.65625	15961.59375	8125.4375	79031.42857142857	54602.78571428572	16083.75	8293.035714285714	50347115.375
w0-p50	B1	4	0	50	32	53.78125	78527	72485.5	50042	15374.25	7012	51507	33701	13700	4051	54663.78125	15976.5625	7832.875	79390.07142857143	55324.03571428572	16062.607142857143	7950.142857142857	50343425.90625
w0-p50	B1	5	0	50	32	57.4375	78716.65625	75835.75	52725.25	15919.5	7129.5	59391	38361	16378	4583	54934.71875	15854.34375	7870.15625	79128.21428571429	55250.357142857145	15845.035714285714	7975.964285714285	50347618.53125
w0-p50	B1	6	0	50	32	65.46875	78399.375	73438.5	50932.5	15401.25	7041	54493	36549	13831	4054	54112.40625	16385.0625	7836.4375	79108.07142857143	54566.67857142857	16525.60714285714	7950.071428571428	50353449.375
w0-p50	B1	7	0	50	32	65.90625	79519.84375	75269	52788.25	15312.5	7098.75	54837	36969	13720	4084	55197.15625	16294.59375	7962.1875	80127.10714285714	55541.28571428572	16434.89285714286	8085.535714285715	50351359.71875
w0-p50	B1	8	0	50	32	47.875	78890.78125	65895.5	45103.25	14611.5	6130.5	54462	36547	13714	4152	55428.78125	15677.5	7736.625	80747.25	56903.857142857145	15829.785714285714	7966.071428571428	50348756.25
w0-p50	B1	9	0	50	32	56.75	79016.53125	75486.25	51936.5	15975	7517.5	68985	48159	15178	5594	55302.25	15720.5	7937.03125	79520.85714285714	55783.07142857143	15684.142857142857	7996.964285714285	50355180.9375
w0-p50	B2	1	0	50	32	49.03125	80188.90625	75526	53163.25	15291.25	7022	53467	35561	13821	4037	56629.59375	15647.875	7862.40625	80855.03571428571	57124.78571428572	15698.82142857143	7982.464285714285	50355562.25
w0-p50	B2	2	0	50	32	54.5	78850.59375	74369.25	52228.75	15085.5	7000	57198	39405	13607	4129	55048.71875	15694.0625	8053.3125	79490.78571428571	55451.57142857143	15781	8203.785714285714	50357274.96875
w0-p50	B2	3	0	50	32	59.875	80570.46875	76798	54450.25	15463.5	6823	54719	36518	14258	3871	56627.5	16078.40625	7804.6875	81109.39285714286	56938.53571428572	16166.25	7944.928571428572	50361882.8125
w0-p50	B2	4	0	50	32	51.90625	80107.03125	73679.5	51325	15287	7015.75	53409	35409	13843	4106	55883.375	16392.6875	7779.0625	81025.25	56534.57142857143	16550.64285714286	7888.107142857143	50341620.96875
w0-p50	B2	5	0	50	32	50.40625	80502.6875	74287.75	51795.25	15392.25	7050.75	52718	34797	13743	4129	56954.28125	15755.90625	7742.09375	81390.53571428571	57691.28571428572	15807.857142857143	7840.857142857143	50369473.0
w0-p50	B2	6	0	50	32	55.28125	76767.15625	58803.25	38770.25	14471.25	5494.75	54312	36465	13569	4217	53497.125	15526.78125	7687.96875	79333.42857142857	55600.96428571428	15677.57142857143	8001.285714285715	50353697.25
w0-p50	B2	7	0	50	32	64.09375	80192.34375	72225.25	50083	15333	6741	77043	53898	16707	6353	55808.3125	16056.875	8263.0625	81330.5	56626.21428571428	16160.285714285714	8480.5	50355733.03125
w0-p50	B2	8	0	50	32	51.59375	78375.03125	75479.5	50586.75	15070.25	9773.5	57455	39400	13844	4158	54016.71875	15647.4375	8659.28125	78788.67857142857	54506.71428571428	15729.892857142857	8500.107142857143	50359175.625
w0-p50	B2	9	0	50	32	61.75	78045.15625	73917	51355.25	15247.25	7253.25	56118	38251	13681	4124	54563.5	15536.375	7883.53125	78634.89285714286	55021.82142857143	15577.67857142857	7973.571428571428	50361623.8125
w0-p50	A2	1	0	50	32	50.125	81826.96875	83258.75	58020.75	17812.75	7376	88716	65003	17748	5916	56066.25	17903.71875	7806.875	81622.42857142857	55787.03571428572	17916.714285714286	7868.428571428572	50364001.59375
w0-p50	A2	2	0	50	32	50.34375	81960.53125	77419.5	52818	17637.5	6913.75	66677	45958	16567	4103	56353.25	17857.5	7699.4375	82609.25	56858.28571428572	17888.928571428572	7811.678571428572	50353839.375
w0-p50	A2	3	0	50	32	50.4375	81685.46875	77623.75	51940.75	18348.5	7281.75	62824	39082	19204	4477	55538.71875	18310.875	7785.4375	82265.71428571429	56052.71428571428	18305.5	7857.392857142857	50360780.21875
w0-p50	A2	4	0	50	32	50.875	80516.75	75172.75	50607.25	17735.5	6779	54723	34701	15888	4083	54999.53125	17932.28125	7534.0625	81280.17857142857	55627	17960.39285714286	7641.928571428572	50358036.78125
w0-p50	A2	5	0	50	32	49.875	81666.28125	77734.25	52555.75	17774.75	7354.25	60999	39437	15988	5519	55541.53125	18254.09375	7820.78125	82228	55968.07142857143	18322.571428571428	7887.428571428572	50357412.09375
w0-p50	A2	6	0	50	32	48.90625	79815.53125	74607.25	50011.5	17434	7113	55740	35250	16277	4162	54133.59375	17910.21875	7722.8125	80559.57142857143	54722.46428571428	17978.25	7809.928571428572	50349551.59375
w0-p50	A2	7	0	50	32	61.03125	80910.6875	77966.5	53110.25	17488.75	7297.5	72785	48825	17851	6041	54858.875	18155.90625	7834.875	81331.28571428571	55108.67857142857	18251.214285714286	7911.642857142857	50353958.59375
w0-p50	A2	8	0	50	32	49.875	78045.625	73839.5	49307.5	17626.25	6857.25	54643	34328	16277	3989	52377	18125.90625	7492.84375	78646.5	52815.5	18197.285714285714	7583.642857142857	50347033.84375
w0-p50	A2	9	0	50	32	62.0625	82162.34375	77937.5	51534	19182.5	7162.75	64198	36381	23615	4144	55372.4375	18635.34375	8092.5	82765.89285714286	55920.78571428572	18557.178571428572	8225.32142857143	50360947.3125
w0-p200	A1	1	0	200	32	49.21875	81344.3125	80437.25	54989	17882.25	7517.75	80098	56134	18013	5903	54873.5625	18288.71875	8132.8125	81473.89285714286	54857.07142857143	18346.785714285714	8220.67857142857	200389354.1875
w0-p200	A1	2	0	200	32	48.5625	82854.9375	82467.5	56969.5	17870.75	7578.25	83113	58390	18094	6581	56922.875	17928.21875	7955.28125	82910.28571428571	56916.21428571428	17936.428571428572	8009.142857142857	200370673.9375
w0-p200	A1	3	0	200	32	48.6875	83547.125	84620.25	58418.75	18084.25	8066.75	82806	58354	18307	6094	57257.25	18005.53125	8235.65625	83393.82142857143	57091.32142857143	17994.285714285714	8259.785714285714	200395671.0625
w0-p200	A1	4	0	200	32	48.25	83576.78125	82060.5	56366.75	17915	7731.75	82513	58432	17720	6314	57042.0625	18468.78125	8017.6875	83793.39285714286	57138.53571428572	18547.89285714286	8058.535714285715	200388441.5625
w0-p200	A1	5	0	200	32	49.09375	83454.71875	81425	55842.25	18024.5	7509	82470	57864	18163	6393	56974.34375	18350.25	8081.03125	83744.67857142857	57136.07142857143	18396.785714285714	8162.75	200388530.28125
w0-p200	A1	6	0	200	32	48.3125	84363.65625	89244.25	60153.5	21648.25	7393.5	96366	71649	18678	5990	57739.09375	18825.25	7751	83666.42857142857	57394.17857142857	18421.964285714286	7802.071428571428	200385062.15625
w0-p200	A1	7	0	200	32	55.375	82538.4375	82075.25	57183.25	17799.75	7036.25	84750	61453	17625	5614	56752.4375	17992.6875	7737.9375	82604.60714285714	56690.892857142855	18020.25	7838.178571428572	200390774.03125
w0-p200	A1	8	0	200	32	48.0625	83029.34375	87772	58925	18172.75	10625.75	94448	57979	17732	18690	56360.59375	18448.21875	8172.46875	82351.82142857143	55994.25	18487.571428571428	7822	200394497.4375
w0-p200	A1	9	0	200	32	47.65625	82945	81446.75	56324.75	17767.75	7305.75	83449	59560	17697	6144	57134.875	17972.03125	7790.4375	83159.03571428571	57250.607142857145	18001.214285714286	7859.678571428572	200385279.3125
w0-p200	B1	1	0	200	32	65.625	80240.34375	79531.25	55839	15900	7620	77927	55767	16449	5662	55611.96875	16545.46875	8017.28125	80341.64285714286	55579.53571428572	16637.678571428572	8074.035714285715	200391982.75
w0-p200	B1	2	0	200	32	55.8125	79998.15625	80643.75	57082.75	15958.75	7552.25	82418	59749	16969	5653	55697.84375	15822.28125	8422.21875	79905.92857142857	55500	15802.785714285714	8546.5	200372249.59375
w0-p200	B1	3	0	200	32	57	82065.4375	82453.25	56103.75	15760.75	10529.5	79661	58040	15774	5789	57627.625	15812.59375	8568.21875	82010.03571428571	57845.32142857143	15820	8288.035714285714	200353500.78125
w0-p200	B1	4	0	200	32	54.46875	81631.875	79672.25	56216.5	15932	7468.75	79283	57211	16161	5855	57877	15707.34375	7993.0625	81911.82142857143	58114.21428571428	15675.25	8067.964285714285	200355671.09375
w0-p200	B1	5	0	200	32	60.5	82782.125	85899.5	57546.25	20726	7567	84000	62407	15563	5973	57813.9375	16622.21875	8285.46875	82336.78571428571	57852.17857142857	16035.964285714286	8388.107142857143	200399327.75
w0-p200	B1	6	0	200	32	65.53125	81352.53125	83063.75	55827.25	19380.25	7789.25	79916	57274	15861	6709	56871.4375	16142.4375	8273.125	81108.07142857143	57020.607142857145	15679.892857142857	8342.25	200388505.5625
w0-p200	B1	7	0	200	32	56.25	80291.28125	79598.25	56037.75	15932	7569.5	79285	57381	16305	5542	56431.65625	15814.65625	7988.71875	80390.28571428571	56487.92857142857	15797.892857142857	8048.607142857143	200390491.03125
w0-p200	B1	8	0	200	32	55.4375	79405.8125	80041.25	56606	15977.75	7404.5	81638	59128	16067	6390	55665.5	15825.8125	7859.0625	79315.03571428571	55531.142857142855	15804.107142857143	7924	200385418.0625
w0-p200	B1	9	0	200	32	55.34375	81263.78125	79679	56016.75	15868.5	7737.75	80059	57336	16210	6465	57353.9375	15783.5	8071	81490.17857142857	57544.96428571428	15771.357142857143	8118.607142857143	200391404.25
w0-p200	B2	1	0	200	32	49.9375	82557	79918.5	56823.25	15685.25	7360	79096	57388	15858	5803	58028.03125	16493.40625	7985.625	82933.92857142857	58200.142857142855	16608.85714285714	8075	200392223.90625
w0-p200	B2	2	0	200	32	52.71875	81948.90625	80865	57793.5	15560.75	7459.25	79964	58006	16032	5878	58356.625	15724.34375	7815.21875	82103.75	58437.07142857143	15747.714285714286	7866.071428571428	200432583.03125
w0-p200	B2	3	0	200	32	50.90625	82172.75	80278.75	56915.25	15801.5	7512.25	79605	57611	16131	5814	58208.90625	15806.40625	8106.53125	82443.32142857143	58393.71428571428	15807.107142857143	8191.428571428572	200325844.78125
w0-p200	B2	4	0	200	32	50.34375	80751.625	82359.5	58632.75	15863	7810	78876	57351	15638	5836	57040.8125	15755.09375	7905.375	80521.92857142857	56813.392857142855	15739.67857142857	7919	200322361.03125
w0-p200	B2	5	0	200	32	51.84375	79710.03125	81785.75	58630.5	15673	7431.75	88103	66478	15552	6024	55916.40625	15712.46875	8029.3125	79413.5	55528.67857142857	15718.107142857143	8114.678571428572	200402873.875
w0-p200	B2	6	0	200	32	49.65625	82468.53125	79805.75	56519.25	15963.25	7272.75	79129	58020	15672	5377	58193.84375	16211.21875	8013.8125	82848.92857142857	58433.07142857143	16246.642857142857	8119.678571428572	200397259.0625
w0-p200	B2	7	0	200	32	55.9375	80441.28125	79494.25	55710	15976.5	7755.25	80120	57901	15748	6422	56274.8125	15787.4375	8323.09375	80576.57142857143	56355.5	15760.42857142857	8404.214285714286	200399108.4375
w0-p200	B2	8	0	200	32	49.90625	81080.71875	81928	59015.25	15624.75	7239.25	77905	56747	15499	5611	57052.375	15715.40625	8263.03125	80959.67857142857	56771.96428571428	15728.357142857143	8409.285714285714	200414589.0625
w0-p200	B2	9	0	200	32	52.84375	81945.4375	80771.5	57337.5	15741.25	7640.25	81700	59437	15635	6565	57620.59375	16392.4375	7879.5625	82113.14285714286	57661.03571428572	16485.464285714286	7913.75	200379077.4375
w0-p200	A2	1	0	200	32	49.46875	83388.875	86672	61443.25	17655	7526.25	85125	61260	17837	5980	57125.34375	18235.8125	7978.25	82919.85714285714	56508.5	18318.785714285714	8042.821428571428	200379160.375
w0-p200	A2	2	0	200	32	50.8125	82105.25	82341.5	56394.75	18431.75	7463.75	86714	60183	19776	6696	55779.75	18517.5625	7757.125	82071.5	55691.892857142855	18529.821428571428	7799.035714285715	200392726.9375
w0-p200	A2	3	0	200	32	61.34375	85033.6875	85356.25	56094.5	21698	7496.25	82120	57966	17720	6363	57534.21875	19240.59375	8197.53125	84987.60714285714	57739.892857142855	18889.535714285714	8297.714285714286	200400483.875
w0-p200	A2	4	0	200	32	49.84375	83434.8125	82572.25	57276.75	17949.75	7296.75	84526	60705	18048	5724	57290.40625	18269.53125	7825.03125	83558.03571428571	57292.357142857145	18315.214285714286	7900.5	200387517.96875
w0-p200	A2	5	0	200	32	48.4375	82806.09375	80167.5	54443	18093.75	7583	76557	52421	18129	5959	56062.71875	18562.90625	8132.03125	83183.03571428571	56294.107142857145	18629.928571428572	8210.464285714286	200392440.59375
w0-p200	A2	6	0	200	32	56.09375	82380.25	80018.5	54677.25	17748.5	7531.75	80107	56171	17775	6104	56167.3125	17966.46875	8190.375	82717.64285714286	56380.17857142857	17997.60714285714	8284.464285714286	200394658.53125
w0-p200	A2	7	0	200	32	47.8125	81264.34375	80352	54781.75	18003.5	7519.25	80831	56616	17800	6368	55053.8125	18018.15625	8144.5625	81394.67857142857	55092.67857142857	18020.25	8233.892857142857	200385533.09375
w0-p200	A2	8	0	200	32	50.6875	82504.375	81582.25	56189.75	17988	7352.75	81870	58559	17629	5632	56763.03125	17843.125	7847.53125	82636.10714285714	56844.92857142857	17822.428571428572	7918.214285714285	200378405.28125
w0-p200	A2	9	0	200	32	49.28125	81823.53125	84247.5	58337.75	18178	7682.5	92055	68098	17818	6093	55834.21875	18008.71875	7931.3125	81477.25	55476.57142857143	17984.535714285714	7966.857142857143	200395006.40625
w16-p0	A1	1	16	0	32	33.65625	30282.875	30448.75	18811.25	9847	1754	31474	19551	10048	1828	18524.4375	9780.21875	1944.5625	30259.178571428572	18483.464285714286	9770.67857142857	1971.7857142857142	34428.21875
w16-p0	A1	2	16	0	32	38.4375	29854.90625	30191	18511.25	9913.25	1728.75	29321	17763	9754	1771	18232.59375	9864.625	1719.25	29806.89285714286	18192.785714285714	9857.67857142857	1717.892857142857	34142.1875
w16-p0	A1	3	16	0	32	32.78125	30339.3125	30328.25	18880.5	9666	1748.5	30497	18939	9803	1722	18835.03125	9689.75	1781.75	30340.89285714286	18828.535714285714	9693.142857142857	1786.5	34775.75
w16-p0	A1	4	16	0	32	33.75	30074	29389.75	17880	9722.5	1746.75	29041	17506	9788	1715	18401.9375	9812	1826.3125	30171.75	18476.5	9824.785714285714	1837.6785714285713	34368.5625
w16-p0	A1	5	16	0	32	35.375	30035.4375	29404.5	17882.5	9686.5	1799.75	28126	16394	9822	1875	18379.21875	9736.8125	1884.03125	30125.571428571428	18450.178571428572	9744	1896.0714285714287	34251.59375
w16-p0	A1	6	16	0	32	35.96875	30015.84375	30067.25	18433.75	9859.75	1740.5	30336	18809	9792	1702	18506.6875	9686.90625	1786.28125	30008.5	18517.10714285714	9662.214285714286	1792.8214285714287	34241.53125
w16-p0	A1	7	16	0	32	36.78125	30472.625	32504.5	20735	9874.25	1851.5	38957	26995	10043	1844	18860.5	9758	1817.34375	30182.35714285714	18592.714285714286	9741.392857142857	1812.4642857142858	34704.53125
w16-p0	A1	8	16	0	32	33.53125	29654.875	29351.75	17693	9763.75	1859	29024	16967	10191	1818	18084.46875	9730.71875	1806.15625	29698.178571428572	18140.39285714286	9726	1798.607142857143	34152.6875
w16-p0	A1	9	16	0	32	36.28125	30219.21875	30423.5	18895.5	9742	1753.5	30824	19291	9729	1770	18611.625	9759.90625	1811.40625	30190.035714285714	18571.071428571428	9762.464285714286	1819.6785714285713	34483.9375
w16-p0	B1	1	16	0	32	32.71875	27965.875	27250	17663	7756.25	1798.25	27103	17332	7750	1988	18544.84375	7588.65625	1799.65625	28068.14285714286	18670.821428571428	7564.714285714285	1799.857142857143	32291.125
w16-p0	B1	2	16	0	32	37.0625	28133.1875	28509	19067.75	7654.5	1748.25	28140	18841	7509	1751	18657.28125	7544.28125	1894.5625	28079.5	18598.64285714286	7528.535714285715	1915.4642857142858	32374.71875
w16-p0	B1	3	16	0	32	32.59375	27498.40625	27078.5	17807.25	7509	1729.5	26628	17367	7560	1668	17928.8125	7686.53125	1850.46875	27558.39285714286	17946.178571428572	7711.892857142857	1867.75	31773.90625
w16-p0	B1	4	16	0	32	33.125	27878.3125	28111.75	18704.5	7586.5	1787.25	30043	20545	7600	1866	18368.40625	7600.84375	1875.9375	27844.964285714286	18320.39285714286	7602.892857142857	1888.607142857143	32108.28125
w16-p0	B1	5	16	0	32	33	28429.75	30775.75	21252	7662.75	1828	29189	19809	7615	1732	18842.875	7751.9375	1801.9375	28094.60714285714	18498.714285714286	7764.678571428572	1798.2142857142858	32712.03125
w16-p0	B1	6	16	0	32	33.53125	27280.78125	28268.75	18906	7512.75	1817.75	30204	20886	7505	1781	17841.75	7509.21875	1896.28125	27139.64285714286	17689.714285714286	7508.714285714285	1907.5	31683.96875
w16-p0	B1	7	16	0	32	32.96875	27531.4375	28244	18803.25	7608.5	1800	29945	20616	7488	1809	18026.8125	7598.90625	1872.75	27429.64285714286	17915.89285714286	7597.535714285715	1883.142857142857	31759.96875
w16-p0	B1	8	16	0	32	33.59375	28331.59375	31331.75	21857	7570.75	1866	37823	28212	7600	1957	18915.65625	7549.875	1832.46875	27903	18495.464285714286	7546.892857142857	1827.6785714285713	32813.03125
w16-p0	B1	9	16	0	32	32.75	28180.96875	27548	18242.5	7506.75	1766.25	28154	18867	7556	1698	18698.96875	7595.875	1853.375	28271.39285714286	18764.178571428572	7608.607142857143	1865.8214285714287	32431.125
w16-p0	B2	1	16	0	32	32.84375	28128.21875	28374.25	18062.25	7510.5	2769	25545	16340	7453	1719	18582.5	7532.84375	1980.03125	28093.071428571428	18656.821428571428	7536.035714285715	1867.3214285714287	32323.40625
w16-p0	B2	2	16	0	32	33.21875	28660.6875	28268.75	18890.75	7540	1800.75	27476	18284	7445	1698	19186.4375	7533.1875	1907.84375	28716.678571428572	19228.678571428572	7532.214285714285	1923.142857142857	33004.5
w16-p0	B2	3	16	0	32	32.65625	27871.21875	27659.5	18383.25	7496	1747.25	25438	16136	7495	1773	18375.75	7652.3125	1810.5	27901.464285714286	18374.678571428572	7674.642857142857	1819.5357142857142	32199.90625
w16-p0	B2	4	16	0	32	33.1875	29269.90625	28939.75	19502	7579.5	1825.5	26893	17553	7510	1798	19634.625	7657.46875	1944.625	29317.071428571428	19653.571428571428	7668.607142857143	1961.642857142857	33551.3125
w16-p0	B2	5	16	0	32	33.09375	27683.53125	28690.5	19257.75	7546	1850.75	26050	16696	7421	1899	18353.6875	7514.59375	1782.15625	27539.678571428572	18224.535714285714	7510.107142857143	1772.357142857143	31941.21875
w16-p0	B2	6	16	0	32	32.625	28338.09375	28153.25	18764.75	7483.5	1871.75	26559	16980	7395	2151	18801.25	7515.03125	1989.1875	28364.5	18806.464285714286	7519.535714285715	2005.9642857142858	32649.78125
w16-p0	B2	7	16	0	32	38.65625	27688.25	27194	17809	7645	1700	26421	16986	7740	1657	18360.03125	7580.9375	1708.625	27758.85714285714	18438.75	7571.785714285715	1709.857142857143	31930.96875
w16-p0	B2	8	16	0	32	34.375	28721.03125	28089.75	18715.5	7579.5	1761.75	27162	17868	7480	1782	19126.09375	7543.6875	2016.875	28811.214285714286	19184.75	7538.571428571428	2053.3214285714284	32953.4375
w16-p0	B2	9	16	0	32	32.84375	28403.84375	28472.75	19143.25	7490	1807.5	26786	17360	7492	1903	18941.375	7633.96875	1795.65625	28394	18912.535714285714	7654.535714285715	1793.9642857142858	32595.625
w16-p0	A2	1	16	0	32	37.15625	30225.5	28464.5	17063	9569.5	1796.25	27007	15854	9390	1730	18650.4375	9719.6875	1818.21875	30477.071428571428	18877.214285714286	9741.142857142857	1821.357142857143	34590.96875
w16-p0	A2	2	16	0	32	33.09375	30733.125	29699.25	17919.25	9842.5	1904.5	28831	17256	9806	1736	19051.75	9771.09375	1877.1875	30880.821428571428	19213.535714285714	9760.892857142857	1873.2857142857142	35195.71875
w16-p0	A2	3	16	0	32	32.75	30075	29540.5	18007.75	9735	1765.5	29147	17469	9962	1684	18567.84375	9673.15625	1801.25	30151.35714285714	18647.85714285714	9664.32142857143	1806.357142857143	34299.1875
w16-p0	A2	4	16	0	32	32.78125	30652.375	29875	18195.25	9805.75	1841.75	29390	17983	9638	1736	19031.9375	9762.3125	1825.34375	30763.428571428572	19151.464285714286	9756.107142857143	1823	34818.71875
w16-p0	A2	5	16	0	32	38.34375	30653.1875	29863.75	18245.75	9769.75	1811.5	28656	16912	9825	1886	19021.09375	9743.625	1850.125	30765.964285714286	19131.85714285714	9739.892857142857	1855.642857142857	35020.34375
w16-p0	A2	6	16	0	32	33.0625	31116.84375	32045	19276.75	10840	1895.75	33479	17535	14003	1909	19292.875	9932.46875	1858.4375	30984.25	19295.178571428572	9802.82142857143	1853.107142857143	35353.8125
w16-p0	A2	7	16	0	32	32.625	30525.21875	29868.25	18303.5	9722.25	1809.75	28374	17022	9590	1729	18929.875	9755.15625	1807.5625	30619.071428571428	19019.35714285714	9759.857142857143	1807.25	34853.21875
w16-p0	A2	8	16	0	32	32.65625	31196.8125	30459.75	18731.5	9762.75	1932.5	29598	17947	9809	1809	19315.6875	9834.46875	2014	31302.10714285714	19399.14285714286	9844.714285714286	2025.642857142857	35563.46875
w16-p0	A2	9	16	0	32	33.28125	30130.25	31551.25	20077	9596	1842.75	28002	16752	9391	1826	18614.3125	9668.25	1814.40625	29927.25	18405.35714285714	9678.57142857143	1810.357142857143	34358.28125
w16-p50	A1	1	16	50	32	60.875	82730.09375	82270.5	56321.25	18041.75	7844.5	81370	55498	18052	7764	55858.375	17926.59375	8884.25	82795.75	55792.25	17910.14285714286	9032.785714285714	50368387.75
w16-p50	A1	2	16	50	32	50.125	83378.125	85027.5	58797	18210.75	7971.25	82189	56054	18342	7746	57311.40625	18128.5625	7888.03125	83142.5	57099.17857142857	18116.821428571428	7876.142857142857	50372175.28125
w16-p50	A1	3	16	50	32	50.15625	82090.15625	78919.75	53597.5	17799.25	7474.5	82657	56686	18171	7756	56346.21875	18054.59375	7639.1875	82543.07142857143	56738.892857142855	18091.071428571428	7662.714285714285	50353562.75
w16-p50	A1	4	16	50	32	48.4375	83562.4375	82884.5	57001	17944.25	7892	81917	56574	17642	7653	56881.5	18315.40625	8317.09375	83659.28571428571	56864.42857142857	18368.428571428572	8377.82142857143	50368223.5625
w16-p50	A1	5	16	50	32	63.03125	80673.3125	81199	54940.75	18022	8170.25	79521	53525	17659	8263	54201.0625	18112.0625	8297.15625	80598.21428571429	54095.392857142855	18124.928571428572	8315.285714285714	50362882.8125
w16-p50	A1	6	16	50	32	50.3125	80699.125	80397.5	54485	17831	8030.75	80148	54293	17945	7857	54103.28125	18621.53125	7924	80742.21428571429	54048.75	18734.464285714286	7908.75	50363996.625
w16-p50	A1	7	16	50	32	47.09375	83117.3125	84342.25	58723.5	17863	7710.25	81958	56787	17671	7455	56891.8125	18011.6875	8166.71875	82942.32142857143	56630.142857142855	18032.928571428572	8231.92857142857	50362661.6875
w16-p50	A1	8	16	50	32	62.78125	82068.25	84161.5	55884.5	20519	7694.75	80657	55275	17509	7816	55751.28125	18501.75	7752.4375	81769.21428571429	55732.25	18213.571428571428	7760.678571428572	50362271.78125
w16-p50	A1	9	16	50	32	49.46875	82663.3125	84140.5	55672	20507.25	7911.5	81301	56054	17429	7767	56480.75	18233.34375	7899.75	82452.28571428571	56596.28571428572	17908.5	7898.071428571428	50369978.59375
w16-p50	B1	1	16	50	32	53.21875	80565	82653.5	58631.5	15913.5	8054.5	79400	55337	16074	7938	56599.75	15810.65625	8101.375	80266.64285714286	56309.5	15795.964285714286	8108.071428571428	50363250.09375
w16-p50	B1	2	16	50	32	47.375	78071.5	75826.5	52470.5	15376	7929.5	79896	56141	15466	8240	53297.1875	16020.03125	8706.90625	78392.21428571429	53415.28571428572	16112.035714285714	8817.964285714286	50340304.53125
w16-p50	B1	3	16	50	32	56.34375	79156.28125	79690.25	55882.25	15807.25	7943	79052	55357	15675	7964	55491.21875	15628.4375	7980.28125	79080	55435.357142857145	15602.892857142857	7985.607142857143	50359068.40625
w16-p50	B1	4	16	50	32	65.46875	80211.3125	83503.25	59020.5	15803.5	8614.25	86515	60413	16112	9916	55804.25	15728.21875	8613.375	79741.03571428571	55344.78571428572	15717.464285714286	8613.25	50352363.28125
w16-p50	B1	5	16	50	32	50	80305.15625	80691.5	56368.5	15914.25	8358.75	82834	58547	15559	8679	56122.25	15925.8125	8207.09375	80249.96428571429	56087.07142857143	15927.464285714286	8185.428571428572	50365311.46875
w16-p50	B1	6	16	50	32	58.03125	80603.125	81428	57245.5	15918	8204.5	79171	54843	15918	8354	55898.5625	15817.625	8828.90625	80485.28571428571	55706.142857142855	15803.285714285714	8918.107142857143	50355388.8125
w16-p50	B1	7	16	50	32	54.90625	81565.65625	81934.25	57818.25	15729.5	8331	80436	56911	15783	7686	57339.40625	16097.78125	8073.5625	81513	57271	16150.392857142857	8036.785714285715	50369243.84375
w16-p50	B1	8	16	50	32	64.125	79878.875	79063	55287	15721.75	7993	79247	55338	15579	8274	55680.3125	16178.96875	7955.46875	79995.42857142857	55736.5	16244.285714285714	7950.107142857143	50370022.96875
w16-p50	B1	9	16	50	32	66.09375	81130.71875	80609	56948.75	15561	8034	81452	57965	15806	7619	56379.8125	16512.34375	8172.46875	81205.25	56298.53571428572	16648.25	8192.25	50365496.78125
w16-p50	B2	1	16	50	32	55.5625	81220.0625	80610	56781.75	15872.75	7897.25	80837	57041	15842	7897	56838.0625	15682.625	8643.8125	81307.21428571429	56846.107142857145	15655.464285714286	8750.464285714286	50370414.5625
w16-p50	B2	2	16	50	32	53.40625	81266.0625	82931.75	56204	18502.25	8173.5	80888	56815	15722	8292	57314.46875	15896.5625	8001.625	81028.10714285714	57473.107142857145	15524.32142857143	7977.071428571428	50349643.28125
w16-p50	B2	3	16	50	32	49.15625	81937.96875	83189	56909.75	18430.5	7800.5	90752	56079	26892	7731	57517.46875	16360.34375	8011	81759.25	57604.28571428572	16064.607142857143	8041.071428571428	50353407.09375
w16-p50	B2	4	16	50	32	54.125	78701.59375	75695.5	52568.5	15578.75	7495.75	65648	43118	15716	6756	54725.71875	15789.03125	8132.71875	79131.03571428571	55033.892857142855	15819.07142857143	8223.714285714286	50331561.4375
w16-p50	B2	5	16	50	32	55.28125	79167.9375	71502.25	49410.5	14990.75	7045.5	48453	30870	13014	4508	55725.625	15696.8125	7690.21875	80263.03571428571	56627.78571428572	15797.67857142857	7782.321428571428	50364462.78125
w16-p50	B2	6	16	50	32	55.8125	80825.90625	83717	59074.25	16279.75	8303	78606	54698	15811	8040	56826.46875	15858.3125	8085.3125	80412.89285714286	56505.357142857145	15798.107142857143	8054.214285714285	50371846.71875
w16-p50	B2	7	16	50	32	55.65625	80575.15625	80014.5	56231.75	15800	7930	80393	55992	16427	7926	56872.34375	15731.1875	7915.96875	80655.25	56963.857142857145	15721.357142857143	7913.964285714285	50370976.8125
w16-p50	B2	8	16	50	32	51.5	78742.96875	76363.75	53083.75	15626	7605.75	67929	45272	15244	7363	54542.0625	15699.78125	8449.625	79082.85714285714	54750.392857142855	15710.32142857143	8570.17857142857	50362449.4375
w16-p50	B2	9	16	50	32	54.875	80421.21875	81217.75	57034.25	15972.75	8157.75	78685	55351	15286	7999	56138.75	16140.03125	8087.5625	80307.42857142857	56010.82142857143	16163.92857142857	8077.535714285715	50364695.25
w16-p50	A2	1	16	50	32	64.65625	81647.5625	81302.25	55442.25	17792.5	8004.25	81954	55951	17738	8203	55714.8125	17867.875	8000.21875	81696.89285714286	55753.75	17878.64285714286	7999.642857142857	50370867.0625
w16-p50	A2	2	16	50	32	49	80251.15625	82013.75	56246	17985.5	7731.5	79172	53902	17617	7603	54019.5	17977.25	8205.40625	79999.35714285714	53701.42857142857	17976.071428571428	8273.107142857143	50352492.09375
w16-p50	A2	3	16	50	32	48.53125	81405.625	82950.75	57223.5	17750.25	7929	80020	54273	18055	7644	55151.6875	17891	8314.40625	81184.89285714286	54855.71428571428	17911.10714285714	8369.464285714286	50364297.5
w16-p50	A2	4	16	50	32	49.875	81076.15625	81230.25	55049.25	18085	8044.25	82579	56150	18503	7871	54852.125	18269.65625	7904.5	81054.14285714286	54823.96428571428	18296.035714285714	7884.535714285715	50357019.65625
w16-p50	A2	5	16	50	32	64.3125	81318.53125	82507.25	56082.5	18372.75	7987.75	79826	53908	17671	8176	54485.6875	18817.625	7950.90625	81148.71428571429	54257.57142857143	18881.178571428572	7945.642857142857	50359697.78125
w16-p50	A2	6	16	50	32	50.9375	81110.78125	82852.25	56969	17798.75	8033.5	80589	54996	17830	7707	54942.9375	18176.65625	7940.25	80862	54653.5	18230.64285714286	7926.928571428572	50359400.375
w16-p50	A2	7	16	50	32	49.5625	79786.625	83890.5	57892.75	18054	7894.25	89885	63589	18171	8076	54122.625	17812.09375	7802.34375	79200.35714285714	53584.03571428572	17777.535714285714	7789.214285714285	50353322.9375
w16-p50	A2	8	16	50	32	63.1875	82391.5	84021.25	57939	18066.75	7957	89426	63787	17954	7623	56070.625	18024	8233.6875	82158.67857142857	55803.71428571428	18017.89285714286	8273.214285714286	50366262.9375
w16-p50	A2	9	16	50	32	63.09375	79954.625	86384.75	57366.75	20745	8203.5	89860	62910	18143	8748	53724.375	18399.21875	7767.9375	79036.03571428571	53204.03571428572	18064.10714285714	7705.714285714285	50343513.78125
w16-p200	A1	1	16	200	32	50.4375	83774.34375	84399.25	58505.5	17656	8187.5	92310	66454	17485	8320	56523.4375	19207.4375	7993.03125	83685.07142857143	56240.28571428572	19429.071428571428	7965.25	200414707.9375
w16-p200	A1	2	16	200	32	47.34375	84422.375	83102.5	57309.25	17980	7765	82762	57328	17802	7583	58529.9375	17910.75	7934.34375	84610.92857142857	58704.32142857143	17900.85714285714	7958.535714285715	200401891.40625
w16-p200	A1	3	16	200	32	47.5	83143.75	83345.5	56583.75	18552	8163.75	83880	56890	18686	8259	56952.34375	18171.25	7972.65625	83114.92857142857	57005	18116.85714285714	7945.357142857143	200402554.875
w16-p200	A1	4	16	200	32	50.0625	80680.125	80190	54570.5	17710.75	7858.75	80273	54731	17514	7979	54713.96875	17859.8125	8056.28125	80750.14285714286	54734.46428571428	17881.10714285714	8084.5	200407515.71875
w16-p200	A1	5	16	200	32	57.46875	83320.84375	81931.5	55769	18155.25	7950.25	81787	55968	17688	8083	56885.09375	17932.96875	8445.3125	83519.32142857143	57044.53571428572	17901.214285714286	8516.035714285714	200412693.96875
w16-p200	A1	6	16	200	32	49.21875	82274.34375	82272	55983.75	18065.25	8172.25	81534	55552	17798	8132	55144.09375	18935.46875	8145.5625	82274.67857142857	55024.142857142855	19059.785714285714	8141.75	200400059.5625
w16-p200	A1	7	16	200	32	54.4375	81115.46875	85466.5	58603.75	18394.75	8418.5	91564	64629	18308	8566	54598.21875	18354.15625	8108.65625	80493.89285714286	54026	18348.35714285714	8064.392857142857	200405793.65625
w16-p200	A1	8	16	200	32	49.03125	80948.5625	80459.5	55083.5	17609.5	7718.5	80944	55108	17765	8026	55089.90625	18004.40625	7805.21875	81018.42857142857	55090.82142857143	18060.821428571428	7817.607142857143	200408521.21875
w16-p200	A1	9	16	200	32	49.59375	81967.96875	79784.25	54214.75	17817.25	7702	78629	53306	17827	7445	55774.71875	18308.53125	7835.125	82279.92857142857	55997.57142857143	18378.714285714286	7854.142857142857	200399886.90625
w16-p200	B1	1	16	200	32	55	81647.5	80230.25	56198.5	15960.5	8017.75	80448	56020	16263	8119	56931.125	16125.9375	8535.4375	81849.96428571429	57035.78571428572	16149.57142857143	8609.392857142857	200397933.4375
w16-p200	B1	2	16	200	32	65.5	80443.03125	80981.25	56877	15902	8138.25	79168	54705	16257	8147	56225.6875	15758.15625	8393.6875	80366.14285714286	56132.642857142855	15737.607142857143	8430.17857142857	200392709.03125
w16-p200	B1	3	16	200	32	57.0625	80204.40625	78723.75	54788.75	15789.75	8091	79529	55103	15968	8411	55421.4375	16636.65625	8089.25	80415.92857142857	55511.82142857143	16757.64285714286	8089	200399484.28125
w16-p200	B1	4	16	200	32	55.1875	79976.25	79319	55098.5	15932.75	8232.75	79329	54785	15971	8517	55553.09375	15846.25	8521.71875	80070.14285714286	55618.03571428572	15833.892857142857	8563	200369276.90625
w16-p200	B1	5	16	200	32	54.875	80275.09375	78618.25	54978	15561.75	8025	78505	55147	15144	8156	55638.75	16265.21875	8316.25	80511.78571428571	55733.142857142855	16365.714285714286	8357.857142857143	200406269.3125
w16-p200	B1	6	16	200	32	60.1875	81434.28125	82776.5	58791.5	15781	8143.5	93806	69634	15833	8261	57415.8125	15789.625	8168.65625	81242.53571428571	57219.28571428572	15790.857142857143	8172.25	200402867.4375
w16-p200	B1	7	16	200	32	54.125	81082.9375	80080.5	56283.5	15714.25	8032	78963	55453	15612	7838	56725.59375	16222.125	8081.09375	81226.14285714286	56788.75	16294.67857142857	8088.107142857143	200410126.625
w16-p200	B1	8	16	200	32	61.90625	81095.96875	82380.75	58582.75	15906.5	7828	79415	55009	16352	7987	57252.21875	15834.6875	7947.15625	80912.42857142857	57062.142857142855	15824.42857142857	7964.178571428572	200410234.53125
w16-p200	B1	9	16	200	32	57.3125	80368.90625	80975.25	56785	16065.5	8063.75	85208	59537	16998	8605	56097.375	15773.15625	8441.0625	80282.28571428571	55999.142857142855	15731.392857142857	8494.964285714286	200415268.8125
w16-p200	B2	1	16	200	32	53.46875	81107	82219	58109	15776.75	8278.25	79890	55746	15933	8154	56791.125	16123.90625	8138.5	80948.14285714286	56602.857142857145	16173.5	8118.535714285715	200446558.4375
w16-p200	B2	2	16	200	32	54.625	82129.125	81589.25	57899	15601.75	8038	80393	56958	15320	8060	58000.21875	15709.625	8364.65625	82206.25	58014.67857142857	15725.035714285714	8411.32142857143	200456290.5625
w16-p200	B2	3	16	200	32	56.71875	80613.0625	79400	55935	15418.75	7992.25	79108	55468	15544	8045	56942.59375	15629.96875	7983.78125	80786.35714285714	57086.53571428572	15660.142857142857	7982.571428571428	200439530.8125
w16-p200	B2	4	16	200	32	49.84375	81198.90625	80431	56849.5	15717.5	7814.75	80217	57029	15563	7576	57433.0625	15835.46875	7880.53125	81308.60714285714	57516.42857142857	15852.32142857143	7889.928571428572	200354092.46875
w16-p200	B2	5	16	200	32	55.34375	80398.1875	79351.5	55670	15880.5	7745.5	79218	55949	15419	7792	56787.3125	15701.3125	7854.21875	80547.71428571429	56946.92857142857	15675.714285714286	7869.75	200403033.5
w16-p200	B2	6	16	200	32	53.46875	79829.53125	83833.75	59737.5	15958.25	8081.5	79292	55468	15992	7775	56116.25	15756.34375	7903.46875	79257.5	55598.92857142857	15727.5	7878.035714285715	200425474.875
w16-p200	B2	7	16	200	32	50.59375	80639.59375	80695.5	57118.75	15748.5	7775.25	78641	55167	15704	7721	56840.46875	15757	7991.53125	80631.60714285714	56800.71428571428	15758.214285714286	8022.428571428572	200435387.46875
w16-p200	B2	8	16	200	32	49.59375	80208.59375	80359.75	56544	15852	7914	79974	56301	15708	7911	56462.25	15729.375	7967.375	80187	56450.57142857143	15711.857142857143	7975	200437535.71875
w16-p200	B2	9	16	200	32	50.4375	80223.78125	81548.25	54667	18644.25	8186.75	79271	55178	15630	8413	55936.78125	16042.09375	8194.46875	80034.57142857143	56118.17857142857	15670.357142857143	8195.57142857143	200415893.125
w16-p200	A2	1	16	200	32	50.09375	80953.71875	83040	57431.75	17677.25	7881	79847	54073	17825	7901	54583.25	18363.125	7957.25	80655.67857142857	54176.32142857143	18461.10714285714	7968.142857142857	200444894.0625
w16-p200	A2	2	16	200	32	49.09375	82081.25	81121.75	54829.5	18168	8076.75	80992	54909	17941	8094	55734.875	17979.90625	8317.375	82218.32142857143	55864.21428571428	17953.035714285714	8351.75	200411971.21875
w16-p200	A2	3	16	200	32	56.125	81535.90625	79320.25	53574.25	17909.25	7783.25	79168	53830	17819	7463	54756.5625	18783.96875	7939.25	81852.42857142857	54925.46428571428	18908.928571428572	7961.535714285715	200395601.03125
w16-p200	A2	4	16	200	32	49.15625	82447.53125	81133.25	55389.5	17776.25	7919.5	81016	55136	17789	8041	56257.9375	18331.65625	7808.78125	82635.28571428571	56382	18411	7792.964285714285	200402498.78125
w16-p200	A2	5	16	200	32	47.53125	80781.21875	80218.5	54801.5	17759.25	7610.75	79370	54080	17727	7516	55151.40625	17826.3125	7755.96875	80861.60714285714	55201.392857142855	17835.89285714286	7776.714285714285	200400834.5
w16-p200	A2	6	16	200	32	54.3125	81147.875	79894.75	54300	17792.5	7749.75	79973	54461	17507	7958	54725.65625	18582.40625	7785.5	81326.89285714286	54786.46428571428	18695.25	7790.607142857143	200404078.71875
w16-p200	A2	7	16	200	32	52.1875	82436.40625	81188.75	55301.5	17952	7886	80510	54724	17808	7929	55936.15625	18372.25	8075.8125	82614.64285714286	56026.82142857143	18432.285714285714	8102.928571428572	200401551.6875
w16-p200	A2	8	16	200	32	49.65625	82747.40625	83283.5	56145	18722.5	8368.25	84183	56692	19104	8338	56463.21875	18095.3125	8139.21875	82670.82142857143	56508.67857142857	18005.714285714286	8106.5	200410318.1875
w16-p200	A2	9	16	200	32	49.90625	83003.03125	84956.25	58824.5	18024	8058	81570	55170	18252	8100	56921.5625	17914.625	8116.9375	82724	56649.71428571428	17899	8125.357142857143	200408778.46875
